X,Y,portid,portname,country,ISO3,fullname,lat,lon,pageid,ObjectId
15147311.0950538,4254923.85203606,port1325,Tsuruga,Japan,JPN,"Tsuruga, Japan",35.66719379,136.0706107,3b1f40eb8acd452ab6229331302891fe,1
10996330.2513349,193165.405578009,port1198,Sibolga,Indonesia,IDN,"Sibolga, Indonesia",1.734969159,98.78171534,4d00b008b4be4068bf8a19d7da6e8cf6,2
12063063.0710255,2465268.52225189,port339,Fangcheng,China,CHN,"Fangcheng, China",21.61420534,108.3643393,266042b244cf452a89f4a2de14f3da2f,3
14606584.8059802,4021402.44075359,port1335,Ube,Japan,JPN,"Ube, Japan",33.94487467,131.2131838,f3f6725ef00e4d3f8f9c93c45258667e,4
18741773.5149655,-5875427.58703623,port153,Bluff Harbor,New Zealand,NZL,"Bluff Harbor, New Zealand",-46.59012995,168.360216,894ab5e5a18e48b6922c023196f74c8f,5
-164204.393165344,7359181.0867714,port1334,Tynemouth,United Kingdom,GBR,"Tynemouth, United Kingdom",54.98616295,-1.475073161,c5c5cc67df43466e999530930e8425d1,6
13439488.0766536,4551048.9124275,port897,Penglai,China,CHN,"Penglai, China",37.79885005,120.7289755,0f79b45e2a6b466682a3e2c4d5d8d3df,7
1693740.33248394,3808549.02591465,port750,Misrata,Libya,LBY,"Misrata, Libya",32.34398379,15.21512828,70d1343f8a804a53bd7d766c3dbed671,8
5360523.2473806,3560699.31390844,port563,Khorramshahr,Iran,IRN,"Khorramshahr, Iran",30.44360334,48.15439964,0c2107f4770842e4b68a3986bb94b6c4,9
14913858.3822843,4105068.13411199,port1343,Uno,Japan,JPN,"Uno, Japan",34.56607811,133.9734693,2ab531a159ee4add8bb76a491e2cf25b,10
12926691.1799031,-365300.575252474,port1224,Stagen,Indonesia,IDN,"Stagen, Indonesia",-3.279758294,116.1224426,1747e111d06f494194eb7b517b3854c4,11
5733908.01877381,4391133.88080339,port834,Nowshahr Port,Iran,IRN,"Nowshahr Port, Iran",36.65505162,51.50857211,0442995aff114fcbb7180bcb003ebe41,12
13383120.6287262,4304306.75392503,port1069,Qingdao,China,CHN,"Qingdao, China",36.02677905,120.2226181,c27f8d2d036f465d996bcf1429c44926,13
14755429.9969324,3924675.7023748,port1345,Uwajima,Japan,JPN,"Uwajima, Japan",33.2210061,132.5502829,d1bba355809847d38cc2a7a30ab7a188,14
3321505.3842978,3652942.72877377,port23,Alexandria,Egypt,EGY,"Alexandria, Egypt",31.15536502,29.83759053,a068e6e45ebc45ecb3aeda0a5ea19a38,15
5359493.10794474,3381444.52751926,port743,Mina Al Ahmadi,Kuwait,KWT,"Mina Al Ahmadi, Kuwait",29.0455478,48.14514574,a019490627984d30b93e97fa158d2d0a,16
17215.3736815886,6922007.99047067,port1400,Wisbech,United Kingdom,GBR,"Wisbech, United Kingdom",52.66901607,0.154648333,debaeedb9dd44523ba7b9b7994db71b9,17
14561995.7616791,4016804.54737082,port1378,Kitakyushu (Wakamatsu),Japan,JPN,"Kitakyushu (Wakamatsu), Japan",33.91060335,130.8126336,b03377320188458bb9fdb39ed2bbb51a,18
13331987.1226933,4246996.38697745,port1070,Dongjiakou,China,CHN,"Dongjiakou, China",35.60931763,119.763278,c5e6bf92ae064185b0723656aa59b07c,19
3621294.1920369,3497253.9742806,port71,As Suways,Egypt,EGY,"As Suways, Egypt",29.95100833,32.53063921,985a636a613c43919bfb65a922bd6e6b,20
536519.215157731,6874666.93335355,port45,Amsterdam,The Netherlands,NLD,"Amsterdam, The Netherlands",52.41036165,4.819634112,148e0d053aec4eb0a27d53cc6a7ae520,21
12548118.6274687,-803716.164560067,port1237,Tanjung Perak,Indonesia,IDN,"Tanjung Perak, Indonesia",-7.200873409,112.7216675,78366a0da4c64d2bbf93abb950d0ad2a,22
15042991.2291262,4053559.75663765,port1379,Wakayama-Shimotsu,Japan,JPN,"Wakayama-Shimotsu, Japan",34.18417973,135.1334894,4d672891769848a08aa67454c1a270a6,23
16618603.3611043,-2425445.31562262,port458,Hay Point,Australia,AUS,"Hay Point, Australia",-21.28124079,149.287454,d3918531627c4747b3fa1ddb322d63ed,24
-396652.937224868,7294408.38680927,port1402,Workington,United Kingdom,GBR,"Workington, United Kingdom",54.65091454,-3.56319396,8c850801b4a4451590c6dfb0eeb1b8c9,25
12093562.7524674,2473000.89349451,port1071,Qinzhou,China,CHN,"Qinzhou, China",21.67876784,108.6383226,f93233bbee184bf3815bb214789503da,26
19817961.4715665,-4675353.36028526,port396,Gisborne,New Zealand,NZL,"Gisborne, New Zealand",-38.67590403,178.0277769,6d1fc125b9464c16a2c001a57b4d890c,27
13319377.8081238,4855260.72560444,port1072,Qinhuangdao,China,CHN,"Qinhuangdao, China",39.92645539,119.6500066,ecba22e319b9411a82c2ce1319e58cf6,28
12930507.3567629,-202655.23780238,port1262,Tanah Merah,Indonesia,IDN,"Tanah Merah, Indonesia",-1.820176741,116.1567239,1a38f87a17ef4b0ea570fe4a3eb466f6,29
1472646.56450395,5746298.95182751,port1142,San Giorgio,Italy,ITA,"San Giorgio, Italy",45.78711073,13.22900917,bb67a6d94b194e29ae42fe1b78d96afd,30
13427092.5066384,3763089.78277659,port1073,Qiwei,China,CHN,"Qiwei, China",31.99831756,120.6176242,fe1788bd2872444186a111bfe8f19d92,31
14533168.7223781,3832217.60980326,port1411,Yatsushiro,Japan,JPN,"Yatsushiro, Japan",32.52343634,130.5536759,8cecb8b43faa469c87aa4341a5c670e4,32
-8537761.64848104,4125600.38669325,port767,Morehead City,United States,USA,"Morehead City, United States",34.71782416,-76.69601781,f50e4edbddb14318b79c42648cc03b67,33
3778431.88243961,3089225.18012998,port191,Safaga,Egypt,EGY,"Safaga, Egypt",26.72555551,33.9422311,11463b58a3054345a897c7484b631d20,34
14740601.305675,3956121.47289616,port1412,Yawatahama,Japan,JPN,"Yawatahama, Japan",33.45700083,132.4170745,c9272a71175f4707b00263ec4ea2c273,35
13299820.9216825,2971562.33050719,port370,Fuzhou,China,CHN,"Fuzhou, China",25.77760491,119.4743241,019656b8fc54490996b54132f5c8234f,36
15212510.6536446,4159988.27436907,port1416,Yokkaichi,Japan,JPN,"Yokkaichi, Japan",34.97134904,136.6563083,dd33cd2196504a2b97c24ca2738e1043,37
13213966.3432696,2856853.68643038,port1074,Quanzhou,China,CHN,"Quanzhou, China",24.84610329,118.7030793,f4fde59e85dd489a91cf073a7e2ad4ac,38
12995980.3160231,-994953.138402448,port1267,Tanjung Benete,Indonesia,IDN,"Tanjung Benete, Indonesia",-8.901785947,116.7448775,89e6172192544d3aaf0ceda304ef1a7c,39
775246.021203555,7041474.24686279,port285,Delfzijl,The Netherlands,NLD,"Delfzijl, The Netherlands",53.31497835,6.964153498,d5234dbc91b74ee7ba55ce1cb833f70e,40
-446492.271466946,589042.874974926,port4,Abidjan,Côte d'Ivoire,CIV,"Abidjan, Côte d'Ivoire",5.283956223,-4.010908317,fb08117c1d8743a4b7c1d8a216d6d975,41
3596478.87452636,3665205.2709667,port192,Port Said,Egypt,EGY,"Port Said, Egypt",31.24958629,32.30771942,87392bda133f4d98ac6a7d3ed8d4a6b5,42
13306303.4341177,4211398.2444029,port1105,Rizhao,China,CHN,"Rizhao, China",35.34890965,119.5325575,86be771c415b406cacf7fa546da2abf2,43
16399812.2156406,-5288716.74410123,port469,Hobart,Australia,AUS,"Hobart, Australia",-42.84702725,147.3220197,e8cf2b63b2604da08236375ba34842e6,44
15547861.0649373,4222137.10436303,port1417,Yokohama,Japan,JPN,"Yokohama, Japan",35.42755553,139.6688123,c1cce71c68f84ff8a3421eb918220ed8,45
11799771.5694991,-665080.540354074,port1268,Tanjung Geren,Indonesia,IDN,"Tanjung Geren, Indonesia",-5.963722374,105.9991515,fd1ca16b63b54efe8350239d13eb1978,46
15546163.0976123,4207589.32117563,port1418,Yokosuka,Japan,JPN,"Yokosuka, Japan",35.32099664,139.6535592,20d1e0abb880479a813873da4aa74bf3,47
3535448.30433659,3692912.97277424,port274,Damietta,Egypt,EGY,"Damietta, Egypt",31.46213686,31.75947248,1b9285ff906f45c0aa30f0a6f15199d4,48
5702738.33425993,5404112.42242426,port16,Aktau Port,Kazakhstan,KAZ,"Aktau Port, Kazakhstan",43.60236745,51.22857007,d5f17de66bfb4e9b96ad25cd82139fe5,49
-736785.243333273,528787.081982892,port1146,San Pedro,Côte d'Ivoire,CIV,"San Pedro, Côte d'Ivoire",4.744742838,-6.618654452,3e1f5b2c974b4eee90de1d75c14b15b0,50
5594803.96565456,5551856.33796399,port129,Bautino,Kazakhstan,KAZ,"Bautino, Kazakhstan",44.55577479,50.25897914,79e51d0de0e6481daeaef75f6d4f4b4e,51
3613666.18200397,3491236.81793352,port321,Al Adabiyah,Egypt,EGY,"Al Adabiyah, Egypt",29.90416291,32.46211563,88ecd7ac247342398eb9259afdb0d2ee,52
6074001.4073656,2828215.29458672,port5,Abu Dhabi,United Arab Emirates,ARE,"Abu Dhabi, United Arab Emirates",24.61243288,54.563683,ff2af6b07d6a4ba1bd80b99ae32b1176,53
-2014424.09028324,9793869.61393864,port17,Akureyri,Iceland,ISL,"Akureyri, Iceland",65.69501582,-18.09587949,9b2ad43c7f8c4ed5a1a9b750102f35da,54
6173075.25212071,2927394.72260125,port13,Ajman,United Arab Emirates,ARE,"Ajman, United Arab Emirates",25.41978684,55.45367849,573edce8b77b4cc0b248cd398f20d45d,55
-1590409.28085769,9519530.8872921,port295,Djupivogur,Iceland,ISL,"Djupivogur, Iceland",64.66058562,-14.28688965,bb3b31f2483044f3a5ddcfda7da08ecd,56
6177676.44623715,2933280.1358463,port22,Al Hamriyah LPG Terminal,United Arab Emirates,ARE,"Al Hamriyah LPG Terminal, United Arab Emirates",25.46752849,55.49501172,6fd6b4ba2ecd41d5b392ba77452be856,57
-1568130.55828245,9619685.44670279,port329,Eskifjordhur,Iceland,ISL,"Eskifjordhur, Iceland",65.04291822,-14.08675648,1a0eea0efc634fa290623a034750b684,58
6164454.09189232,2920412.97446147,port72,Sharjah,United Arab Emirates,ARE,"Sharjah, United Arab Emirates",25.36312735,55.37623329,36acd1e3c9f94f0c95cff8bce18fcefb,59
-2431574.94213287,9391463.00561213,port1098,Reykjavik,Iceland,ISL,"Reykjavik, Iceland",64.16372639,-21.84320935,3de889e9a17c4aa78a5fb2b435a828a9,60
6154946.03926204,2909359.95046253,port306,Dubai,United Arab Emirates,ARE,"Dubai, United Arab Emirates",25.27337362,55.290821,e3b0e79699954abe82fa561e6a6d7a2b,61
3891578.08600179,3433265.42739612,port19,Aqaba,Jordan,JOR,"Aqaba, Jordan",29.45171189,34.95864074,dac54a37987649e888a4d23e5a23851e,62
-7893899.54769656,5105480.85878313,port808,New Bedford,United States,USA,"New Bedford, United States",41.62842538,-70.91210615,7c55b11fa676410b85fdded409d14649,63
13353493.4583212,4497091.22029639,port1151,Sanshandaocun,China,CHN,"Sanshandaocun, China",37.41485613,119.9564727,5ee9fe86ea59433084082bb16bc09501,64
6273902.00148274,2900351.43943835,port362,Fujairah,United Arab Emirates,ARE,"Al Fujayrah, United Arab Emirates",25.20017278,56.35942059,18e896cce55349e48d994f5ceef19bf0,65
12980215.89539,2680184.6717726,port1187,Shantou,China,CHN,"Shantou, China",23.39769643,116.6032633,76cd98c6668b4302b353ddee80ddd018,66
5867674.14200946,2768888.32168095,port512,Jabal Az Zannah-Ruways,United Arab Emirates,ARE,"Jabal Az Zannah-Ruways, United Arab Emirates",24.12697586,52.71021364,3cf7e4a4ae10499bb41728f5b59ebe39,67
13541370.0457328,3657682.55184156,port1188,Shanghai (Pudong),China,CHN,"Shanghai (Pudong), China",31.19179536,121.6441968,bde0534e45f346e9b136bc5b185f9789,68
6274941.08543968,2919250.21982539,port561,Khor Fakkan,United Arab Emirates,ARE,"Khor Fakkan, United Arab Emirates",25.35368858,56.36875484,017374a2fdfb4fa7bec59e488274926d,69
12669308.8397745,2581482.08568217,port1189,Shekou (Shenzhen),China,CHN,"Shekou (Shenzhen), China",22.58146762,113.8103377,9e34b20f996642aab7000a1972ba0c68,70
6131234.52797357,2875673.31949064,port744,Jebel Ali,United Arab Emirates,ARE,"Jebel Ali, United Arab Emirates",24.99941947,55.07781687,d10ddc98bfee43949a09ea4d790a18f8,71
13625787.8012142,4422532.61115867,port1191,Shidao Newport,China,CHN,"Shidao Newport, China",36.88099953,122.4025344,33d63b6a11644e5e8daa2bdaa9f0abdb,72
6240911.17128769,2995029.79654391,port747,Mina Saqr,United Arab Emirates,ARE,"Mina Saqr, United Arab Emirates",25.96728647,56.06305892,51c2bcec1bfa48978500e2286b650ae0,73
13184488.5413573,2834158.99146846,port1192,Shijing Longxiang,China,CHN,"Shijing Longxiang, China",24.6609656,118.4382757,5b99febc965b448a86420a87095e493b,74
6187164.01942072,2948155.27053427,port1340,Umm al Qaiwain,United Arab Emirates,ARE,"Umm al Qaiwain, United Arab Emirates",25.58810902,55.58024004,c2afc8fe64684437b66bc12dc319ec46,75
13188631.5188462,4722655.00701798,port1195,Shougang Jingtang,China,CHN,"Shougang Jingtang, China",39.00686524,118.4754927,9d9e978c7e064e26b13e01119bd02bad,76
19694413.8130083,-4789991.91579038,port794,Napier,New Zealand,NZL,"Napier, New Zealand",-39.47534995,176.9179294,cc85fdaf40be4f3d98641beca92085dd,77
5320825.24420685,3575474.29184428,port20,Al Basrah,Iraq,IRQ,"Al Basrah, Iraq",30.55796288,47.79778641,dae9dedc428d46c4bbaaa6dc1ad08a0d,78
1003322.643768,4733977.88996979,port1167,Sarroch Oil Terminal,Italy,ITA,"Sarroch Oil Terminal, Italy",39.08586095,9.013000658,6b4e6baab100456a9e5c1438bb6d1479,79
5332406.39748779,3518184.18090536,port1341,Umm Qasr,Iraq,IRQ,"Umm Qasr, Iraq",30.1137845,47.90182168,bc52a96fda974f8eb42204484ce82c16,80
13337310.7435695,3804528.78855793,port375,Gaogang,China,CHN,"Gaogang, China",32.31346734,119.8111009,eedecdcb37ee4abc9cc8bd55e034f0d0,81
2181679.74612713,3555982.4771604,port21,Ras Lanuf (Al Burayqah),Libya,LBY,"Ras Lanuf (Al Burayqah), Libya",30.40706634,19.59836261,563e936281e04c7f9e18901e1341f004,82
1413758.47372427,3866867.63488483,port85,Az Zawiyah,Libya,LBY,"Az Zawiyah, Libya",32.78550356,12.70000845,d7bf1937bf5b4d12b3b8026724917408,83
3981948.18371149,4235265.87550174,port26,Latakia,Syria,SYR,"Latakia, Syria",35.52359965,35.77044914,9874522f3a314ca487feb85e29ad2dc1,84
2231663.45651675,3777958.98838829,port110,Benghazi,Libya,LBY,"Benghazi, Libya",32.1115254,20.04737392,84383c14b49e421ab68858e6039e4525,85
2235642.22328515,3619175.83047591,port334,Ez Zueitina,Libya,LBY,"Ez Zueitina, Libya",30.89542737,20.08311579,7cceb25ff7c2447ba9766c439a264ed9,86
761645.687427675,7065068.30279282,port316,Eemshaven,The Netherlands,NLD,"Eemshaven, The Netherlands",53.44141225,6.841979621,1174917582184040bd7b53a46884658a,87
1585753.74167904,3852620.56868315,port562,Khoms,Libya,LBY,"Khoms, Libya",32.67784227,14.24506823,39aeea1d24614cd4ad1e7db276fe045b,88
1362335.02160604,3876015.36242867,port710,Mellitah (Marsa Sabratah),Libya,LBY,"Mellitah (Marsa Sabratah), Libya",32.85456191,12.23806372,287333bf080245d1b4308a469f09e829,89
-8114428.39486426,5053099.70218122,port809,New Haven,United States,USA,"New Haven, United States",41.27574662,-72.89315049,29afd816dbb5482dadf920c8951fe4ad,90
2669910.78121397,3771336.79081454,port734,Marsa Tobruk,Libya,LBY,"Marsa Tobruk, Libya",32.06112409,23.98421662,1e88025acc1b47319b38c98980d5360a,91
1469482.24563923,3882655.49453182,port748,Tripoli,Libya,LBY,"Tripoli, Libya",32.90465619,13.20058361,d1fb02ef851b4242925ae767c7bda525,92
19288996.9883831,-5050948.6577997,port804,Nelson,New Zealand,NZL,"Nelson, New Zealand",-41.26122281,173.2760081,7acdb481fddb4fc1ba1a9da706c21e70,93
293071.48821145,4801358.25328908,port1431,Palma de Mallorca,Spain,ESP,"Palma de Mallorca, Spain",39.55412038,2.632705972,30650b2e17ac4137801f2336d2315ca0,94
-9999793.37410985,1525552.39271864,port6,Acajutla,El Salvador,SLV,"Acajutla, El Salvador",13.57544007,-89.82967226,9f3b0522020b4c46a545c89cd56e9445,95
12364593.4298967,2448785.65047404,port1196,Shui Dong,China,CHN,"Shui Dong, China",21.47648316,111.0730326,14d4622a0385425b957ed1782da52ce2,96
945528.527250338,5513573.72366514,port1171,Savona,Italy,ITA,"Savona, Italy",44.31020779,8.493827276,79c2d9cc9dc84a10b756cac07bce8466,97
-11117745.61399,1902535.79092294,port7,Acapulco,Mexico,MEX,"Acapulco, Mexico",16.84281811,-99.8724081,de55dd88c78d486d8ba3f46c339dca49,98
13775837.5358484,-1821282.08403779,port591,Koolan,Australia,AUS,"Koolan, Australia",-16.14294107,123.7504541,55c141d968f54791b593f455a8871d1f,99
13140080.0906661,4587388.33294186,port1233,Sundaomen Wuz,China,CHN,"Sundaomen Wuz, China",38.05634359,118.0393478,c5071f9d30874745ab484fca3c82f73d,100
685063.180465847,8972140.02969422,port30,Alesund,Norway,NOR,"Alesund, Norway",62.4728339,6.154027256,62201512abad4d8685d701cc4317c3e7,101
4335901.79957549,5975216.52307532,port1249,Taganrog,Russian Federation,RUS,"Taganrog, Russian Federation",47.20266132,38.95006857,cb11183f86f64d3c9ded8ed7cae0fd82,102
13502859.0678928,4798554.69100587,port410,Gourd Shanzui,China,CHN,"Gourd Shanzui, China",39.53469957,121.2982468,f21094a84990442488f4421ae5644aba,103
13484977.7290311,3722361.7472237,port1253,Suzhou (Taicang),China,CHN,"Suzhou (Taicang), China",31.68751575,121.137616,3583cb8dc975454189f759d8f385820d,104
604257.591622785,7016897.17274378,port454,Harlingen,The Netherlands,NLD,"Harlingen, The Netherlands",53.1828773,5.428138301,56876ba8480245438e77bbe515cdaeb2,105
16483925.3008077,-2260449.01603877,port0,Abbot Point,Australia,AUS,"Abbot Point, Australia",-19.89375525,148.0776204,70c2b1174cb1481dabbd0ffd248143e1,106
709293.513940952,8973666.81099829,port39,Alvika,Norway,NOR,"Alvika, Norway",62.47917202,6.371692045,f86a4ececa65448db1f20b11f40ea93f,107
13249384.5984885,4755430.98869497,port1266,Tangshan (Jingtang),China,CHN,"Tangshan (Jingtang), China",39.23528919,119.0212469,8ff219c3f1af499a8af8fc0668b395cc,108
16611408.2258168,-2404682.44819951,port675,Mackay,Australia,AUS,"Mackay, Australia",-21.10734084,149.222819,fdda1cfd3b2b490f87bb52369a3aff24,109
13095940.5544688,59556.2204903288,port1270,Tanjung Sangata,Indonesia,IDN,"Tanjung Sangata, Indonesia",0.534994857,117.6428356,ef4ee8559c204ad69faa6d9757bad78e,110
13106046.0599194,4713041.49869923,port1297,Tianjin Xin Gang,China,CHN,"Tianjin Xin Gang, China",38.9397259,117.7336149,1251d60de98747a691dd5cfbed46fa07,111
-10033322.2993463,3494559.45993938,port812,New Orleans,United States,USA,"New Orleans, United States",29.93003343,-90.13086772,0e77e5214e0546a591988ef81488fc56,112
-10896508.5922969,2569746.86530656,port38,Altamira,Mexico,MEX,"Altamira, Mexico",22.48409602,-97.88500212,a2fad640cb404366967bda15bda47a31,113
13251633.8867236,4475421.69914036,port1385,Weifang Port,China,CHN,"Weifang Port, China",37.26008605,119.0414526,b65cbe2b4f2c4433b349ab0c08fb19a7,114
11175141.4202414,-113683.053303526,port1281,Teluk Bayur,Indonesia,IDN,"Teluk Bayur, Indonesia",-1.021178175,100.3880034,837f68285c3b4c37bc1d699c7914d47d,115
-10508614.0911569,2051688.09702292,port252,Coatzacoalcos,Mexico,MEX,"Coatzacoalcos, Mexico",18.12075961,-94.40048653,32a99e5517bb43dbb5c9e2516d9c994c,116
12450147.6683235,2475011.26954268,port423,Guangdong Yangjiang Port,China,CHN,"Guangdong Yangjiang Port, China",21.69554902,111.8415794,a15a192164fd489a901e786e355c3a9d,117
341337.579823703,4406635.56250535,port32,Alger,Algeria,DZA,"Alger, Algeria",36.76668624,3.06628765,350cd25fa5404a909cfbc1242bad1d03,118
-10373087.77968,2088198.73807353,port298,Dos Bocas Terminal,Mexico,MEX,"Dos Bocas Terminal, Mexico",18.4321946,-93.18303296,48f2b8f4c14d4a6d9a97e8b6a419b645,119
19373105.73209,-4730037.56031302,port813,New Plymouth,New Zealand,NZL,"New Plymouth, New Zealand",-39.0583807,174.0315698,bc1f77fcd1534dacb0cb9bdc45b43a23,120
-12982591.0080456,3743579.81102217,port326,Ensenada,Mexico,MEX,"Ensenada, Mexico",31.84956467,-116.6245993,947232e395d34b06a911a3a2122ffc99,121
14682683.3108242,5325815.96941983,port1369,Vladivostok,Russian Federation,RUS,"Vladivostok, Russian Federation",43.09088665,131.8967883,bab7b60c39e641e3af67fc5b2e3e0954,122
13604619.6096714,4502068.78361707,port1386,Weihai,China,CHN,"Weihai, China",37.45036229,122.2123773,0ba8b694888b42fa9d70b7f8032e26d8,123
1913625.51254475,4938932.95582253,port1275,Taranto,Italy,ITA,"Taranto, Italy",40.50043567,17.19039046,0fef0f729d8f452d8d1e96eb013e58fb,124
513993.064308774,6886785.02932723,port487,IJmuiden,The Netherlands,NLD,"IJmuiden, The Netherlands",52.47671569,4.617278256,a8839568a34a4b85bab05488436c90ca,125
-12341698.5283364,3239308.77195095,port427,Guaymas,Mexico,MEX,"Guaymas, Mexico",27.92331318,-110.8673642,314bf82fdb3b468ea718cd09b2dd58f1,126
858240.540074593,8680120.29867624,port64,Ardalstangen,Norway,NOR,"Ardalstangen, Norway",61.2355915,7.709705946,0e0ad8f06a1b444880188bd4e894b58a,127
13460031.5766098,3249059.13152245,port1390,Wenzhou,China,CHN,"Wenzhou, China",28.0006769,120.9135209,91bacc9f031d4af9b0dd8aec0bd98c10,128
-8257615.40200293,4958356.6640341,port815,New York-New Jersey,United States,USA,"New York-New Jersey, United States",40.63298387,-74.17942126,573a99f0db4e483f98aeec3f23e2274d,129
-11375112.1578829,2031024.38491293,port637,Lazaro Cardenas,Mexico,MEX,"Lazaro Cardenas, Mexico",17.94425213,-102.1843711,ee32d602a45841a48cec1305cd5c05fc,130
13327340.1796057,3069293.33043821,port1403,Xiagong,China,CHN,"Xiagong, China",26.56552028,119.7215338,c02c357194924850bcd0976bf0552636,131
16132148.9528078,-4555181.50389642,port729,Melbourne,Australia,AUS,"Melbourne, Australia",-37.82817816,144.9175597,90ae5d7dceda4a5e96a5bd6ef82d6387,132
14610616.5419019,-97600.803430004,port1287,Tg. Sorong,Indonesia,IDN,"Tg. Sorong, Indonesia",-0.876728719,131.2494015,24e13668ad2041189c8529cbb910016d,133
-11609249.3074096,2161561.61690894,port699,Manzanillo,Mexico,MEX,"Manzanillo, Mexico",19.05626745,-104.2876609,debb756cfb934827a80b5bb21d13c88c,134
13137987.9298922,2810287.84837444,port1404,Xiamen,China,CHN,"Xiamen, China",24.46593394,118.0205536,b403e1fbd2bc4e3d9c599d4fdc2316cc,135
469227.79134627,6786085.08084418,port1114,Rotterdam,The Netherlands,NLD,"Rotterdam, The Netherlands",51.92228121,4.215144967,eaea80cf75f54d2e924223abc70979f3,136
13603992.0015143,-2037607.09236298,port176,Broome,Australia,AUS,"Broome, Australia",-18.0005002,122.2067394,b36bb56dbf33497bad7fda45d90c0a55,137
13245577.2492644,2896059.10855332,port1405,Xiuyu,China,CHN,"Xiuyu, China",25.16527891,118.9870449,0fd8ecf90f7246f99e364299a9850a11,138
12193773.8048578,2452900.71798134,port424,Guangxi Beibu Gulf Port,China,CHN,"Guangxi Beibu Gulf Port, China",21.51087873,109.5385338,1aa6d82276f74b5d9b1fa3ce970e2968,139
864687.702337536,4424651.92444113,port53,Annaba,Algeria,DZA,"Annaba, Algeria",36.89622629,7.76762179,3541ca4603214711889265f27c8d2859,140
-11846265.1010445,2655382.76590113,port723,Mazatlan,Mexico,MEX,"Mazatlan, Mexico",23.19306025,-106.41681,0f1e7142f0704ba781b690118b2c490f,141
686919.742331689,8212108.20458615,port65,Ardal,Norway,NOR,"Ardal, Norway",59.14645139,6.170705035,5cd431589e8a49acaa50adb12c4e5ffb,142
-29791.5787175221,4275776.81187001,port70,Arzew,Algeria,DZA,"Arzew, Algeria",35.81923502,-0.267622305,a99340ed62c249828bdcff63dabb4df7,143
12153405.0049041,2245493.66292082,port1409,Yangpu,China,CHN,"Yangpu, China",19.7673758,109.1758947,1eb7fa1095494be18cf7dcd40f74a9b8,144
-12281962.4858259,2786416.01264421,port905,Pichilingue,Mexico,MEX,"Pichilingue, Mexico",24.27059407,-110.3307462,ff430a58f93f41b78c92f94d695cbf11,145
1535077.65522614,5720079.71001368,port1318,Trieste,Italy,ITA,"Trieste, Italy",45.62262646,13.7898372,4968c6ac2b244968bf8394160df2d1e7,146
3977992.01034694,3164461.66010488,port305,Duba Bulk Plant Tanker Terminal,Saudi Arabia,SAU,"Duba Bulk Plant Tanker Terminal, Saudi Arabia",27.32760527,35.73491023,01a3857f80e54001b8fc83880b3c8470,147
13515368.4175595,4517079.00990923,port1410,Yantai,China,CHN,"Yantai, China",37.55733184,121.4106202,c08000945dd14ba8b967deb53eda2025,148
-9982619.16893631,2432926.09881395,port1023,Puerto Progreso,Mexico,MEX,"Puerto Progreso, Mexico",21.34384604,-89.67539375,7e49d26e1ce5476895cd13c32707c96f,149
14811373.929857,5271253.49068554,port1374,Vostochnyy,Russian Federation,RUS,"Vostochnyy, Russian Federation",42.73190378,133.0528358,eee92ae658ee4383984ea33a5464d065,151
-13032176.0599616,3812680.78924428,port1109,Rosarito,Mexico,MEX,"Rosarito, Mexico",32.37533608,-117.0700294,235533c9802f41739203dc4a29150849,152
424484.604170739,6676790.11201498,port1284,Terneuzen,The Netherlands,NLD,"Terneuzen, The Netherlands",51.31267679,3.813210078,ac14ac78b6b44a91b9d2ce6c02393abb,153
12875717.4173395,-3938162.46044129,port190,Bunbury,Australia,AUS,"Bunbury, Australia",-33.32230005,115.6645375,88e3a2ba7ad040f5ad89b3c03cfcf19c,154
12723095.979829,2581893.18470402,port1414,Yantian,China,CHN,"Yantian, China",22.58487742,114.2935158,4b79fd2667f1435caee27b6b569f418f,155
-10596331.4632121,1826756.84241945,port1136,Salina Cruz,Mexico,MEX,"Salina Cruz, Mexico",16.19017688,-95.18846509,4ac55a6051554447a694fa714ff09a40,156
15186547.0856053,-1558019.45108118,port741,Milner Bay,Australia,AUS,"Milner Bay, Australia",-13.85877777,136.4230736,7a6526520b554dbc954f3053b1bdd842,157
13585761.3420905,4972141.01175667,port1415,Yingkou,China,CHN,"Yingkou, China",40.72688954,122.0429706,e92bc875ebb2401ba41fa52ba1fdb1f2,158
12456791.1376104,-759258.871452765,port1327,Tuban,Indonesia,IDN,"Tuban, Indonesia",-6.80448666,111.9012587,5828c296d00f42f6b030c4ec1bac6d8e,159
-9699497.55729716,2341248.76142752,port1144,San Miguel De Cozumel,Mexico,MEX,"San Miguel De Cozumel, Mexico",20.57479256,-87.13206904,1067877206a145718533355457ca4ffd,160
12632936.5653875,2635349.53755322,port425,Guangzhou (Nansha),China,CHN,"Guangzhou (Nansha), China",23.02754052,113.4836,b2aed870c935402cadd00d7a257246f0,161
13406073.8283038,3759980.03581027,port1425,Suzhou (Zhangjiagang),China,CHN,"Suzhou (Zhangjiagang), China",31.97462356,120.4288102,aeb012c6e5a64054b63ab05cb14af181,162
565758.502927108,4403706.85487876,port138,Bejaia,Algeria,DZA,"Bejaia, Algeria",36.74560772,5.082295103,6dd5874b14dd4cf9a6a037b790fc861a,163
-10889810.6588359,2541544.42080161,port1260,Tampico,Mexico,MEX,"Tampico, Mexico",22.24980975,-97.82483356,639f02e18bb7487492fd640e56319ebf,164
5367236.07761582,-1505768.17767457,port50,Andoany,Madagascar,MDG,"Andoany, Madagascar",-13.40261812,48.21470202,0858a353e7b5470c86c98bafc3d43e25,165
12290608.0138908,2417190.62819155,port1426,Zhanjiang,China,CHN,"Zhanjiang, China",21.21212795,110.4084103,cd4fbc54823e4b5fb831ac55f843a5dd,166
-12140043.0258615,2948285.85569751,port1310,Topolobampo,Mexico,MEX,"Topolobampo, Mexico",25.58916703,-109.055862,4abb204f91194b169c03e9ac013b72cd,167
-8508746.57608856,4436858.16818796,port818,Newport News,United States,USA,"Newport News, United States",36.9838661,-76.43537098,7a32866cb4a74a4db55b00f9f86dd985,168
13487122.57732,3585681.01375291,port1427,Zhapu,China,CHN,"Zhapu, China",30.63688515,121.1568835,22590e69020b44039d613334a624f5ec,169
4359984.36544344,2446909.24045569,port518,Jeddah,Saudi Arabia,SAU,"Jeddah, Saudi Arabia",21.46079659,39.16640594,84dafda41f8a446e9eeb98ea90b19bae,170
19369898.67322,-5054182.17892935,port906,Picton,New Zealand,NZL,"Picton, New Zealand",-41.28305426,174.0027603,d71fb51cb2d64c43aa8498693777861d,171
3198943.33515276,8558258.60654162,port1376,Vyborg,Russian Federation,RUS,"Vyborg, Russian Federation",60.70438213,28.73659691,31c5e5a9186a4573a8c868f26b4ab933,172
16242697.9012178,-5020219.76420652,port194,Burnie,Australia,AUS,"Burnie, Australia",-41.05338929,145.9106378,352765d205db4a829ee77258c88135d9,173
581867.788003097,8489700.17414846,port147,Bergen,Norway,NOR,"Bergen, Norway",60.4016113,5.227007273,22d8bc75a99d4f66bf5ff8e75ab3a3ec,174
13293417.8690999,-569807.863461455,port1336,Makassar,Indonesia,IDN,"Makassar, Indonesia",-5.11187581,119.4168045,b425fabaaf8e400699d28a913752c80f,175
13478897.1467494,4537350.07820118,port1428,Zhouliwang,China,CHN,"Zhouliwang, China",37.70154909,121.0829932,fe7484a0ed34466e91681eeb04f5c5b5,176
411412.318406939,6702375.29587274,port1370,Vlissingen,The Netherlands,NLD,"Vlissingen, The Netherlands",51.4561153,3.695779737,513b2abbf5104d79959e265aa561d06f,177
655326.183253133,4414129.10434618,port293,Djen-Djen,Algeria,DZA,"Djen-Djen, Algeria",36.82059245,5.886895265,fa0b76100e5d440b80b3fc40f3713ba4,178
13592202.9780086,3510795.21013377,port1429,Zhoushan,China,CHN,"Zhoushan, China",30.05635032,122.1008368,17744065a37c41dd95d79f4b4ea5c33a,179
-7815224.40407004,1316654.31148931,port46,Amuay (Bahia De Amuay),Venezuela,VEN,"Amuay (Bahia De Amuay), Venezuela",11.74458594,-70.20535531,0b565a0c18464a06a73bd18a4a66ddf5,180
12806623.4242869,2602225.48073123,port436,Haifeng power,China,CHN,"Haifeng power, China",22.75341512,115.0438556,b9bb779fb9c94a71b19f355553ea900e,181
-207336.73621345,4177778.09075422,port392,Ghazaouet,Algeria,DZA,"Ghazaouet, Algeria",35.1021977,-1.862537591,923113b9c38447e5b94c0c2102f908a1,182
-10835106.243951,2386647.64541388,port1332,Tuxpan,Mexico,MEX,"Tuxpan, Mexico",20.95612428,-97.33341544,6329a2221b5b4347ba27b8c7fecfbebb,183
1084156.88123861,203262.14432875,port124,Bata,Equatorial Guinea,GNQ,"Bata, Equatorial Guinea",1.825625916,9.739146968,4a0948d5cb0f4ea390040cfe46598e52,184
-10703851.8056881,2180998.13674109,port1358,Veracruz,Mexico,MEX,"Veracruz, Mexico",19.22121795,-96.15433676,0a961c3659af4a228c0f38cd3b2456ce,185
5004361.39123051,1434821.80695043,port9,Aden,Yemen,YEM,"Aden, Yemen",12.78186553,44.95494325,570a0ae403d240829b6a09e4f923d9cb,186
951440.908787078,385746.0964582,port666,Luba,Equatorial Guinea,GNQ,"Luba, Equatorial Guinea",3.463105583,8.546939103,162ba645dfc94b1787b479496c6657b0,187
4780441.58539401,1669974.7729685,port18,Hudaydah (Hodeidah),Yemen,YEM,"Hudaydah (Hodeidah), Yemen",14.8331155,42.94343741,e5ff64f0064f4c23aeb302793399dd29,188
972315.571426688,419924.532274127,port685,Malabo,Equatorial Guinea,GNQ,"Malabo, Equatorial Guinea",3.769523972,8.734459388,a073e5bb994a4f43bdb6a6d624dcbd39,189
5471489.91661378,1634013.45965371,port27,Mukalla,Yemen,YEM,"Mukalla, Yemen",14.52061091,49.15123019,d78f4f44eb404509999e2170b749a48c,190
13472320.8476433,1544950.93559335,port125,Batangas City,Philippines,PHL,"Batangas City, Philippines",13.74477092,121.0239173,15efc023345f424bb62163732626540d,191
-1074139.76902971,3560050.49527911,port10,Agadir,Morocco,MAR,"Agadir, Morocco",30.43857835,-9.649161718,e9453950074545acb101bc8aef957108,192
13887434.5350002,951674.664366248,port182,Buco,Philippines,PHL,"Buco, Philippines",8.517492767,124.752947,bfdc68f8ed044ea9a9484da69a19f057,193
-843673.76688112,3976099.56295363,port220,Casablanca,Morocco,MAR,"Casablanca, Morocco",33.6066001,-7.578850396,5e6b1f2d4c08418ba699c3545bf2fae6,194
13971638.3678162,1037161.17367397,port198,Butuan City,Philippines,PHL,"Butuan City, Philippines",9.276185803,125.5093629,f9606e06a45847bc9793943ba0613e7a,195
-958394.201924156,3910381.41175171,port319,Jorf Lasfar,Morocco,MAR,"Jorf Lasfar, Morocco",33.11351891,-8.609401598,55724d4608e24fd089347ce52715e0f2,196
13882464.5984101,948219.329473297,port202,Cagayan de Oro,Philippines,PHL,"Cagayan de Oro, Philippines",8.486794083,124.7083013,3bbb6464b2f440e5afd9eabe4440c57e,197
13796598.5429577,1154415.60531644,port224,Cebu,Philippines,PHL,"Cebu, Philippines",10.31413032,123.9369534,1fa7b6e90e3f48f08fe74a4342aa8c63,198
13988347.8130025,801259.80659755,port281,Davao,Philippines,PHL,"Davao, Philippines",7.17898108,125.6594664,d4cc1748334a433892a454015bc3e5dc,199
13931394.2568241,675876.094207993,port386,General Santos,Philippines,PHL,"General Santos, Philippines",6.060167101,125.1478439,e70a56fa20b647ad81a3157f32b9ab96,200
-823258.154429445,3991165.50173758,port756,Mohammedia,Morocco,MAR,"Mohammedia, Morocco",33.719245,-7.395453829,c987a14bf7ce49048ae068e2bfc695a1,201
5486791.89381822,-1376344.1068202,port55,Antsiranana (Diego Suarez),Madagascar,MDG,"Antsiranana (Diego Suarez), Madagascar",-12.26905591,49.28869019,701c85deef874df092fe14fd76a6157f,202
13828938.4469018,919620.901776978,port488,Iligan,Philippines,PHL,"Iligan, Philippines",8.232619905,124.2274677,da8bf6a2e9504c40907e721ab29dbc87,203
8559.59175573478,4291626.40918334,port771,Mostaganem,Algeria,DZA,"Mostaganem, Algeria",35.93460181,0.076892121,1246d5950fee41938cc088e1e9a8e6d3,204
-71063.5970783576,4260907.99078886,port856,Oran,Algeria,DZA,"Oran, Algeria",35.71085451,-0.638375154,0e7de57ef6a4448ba7b409c77785da42,205
773755.20898687,4421379.94725522,port969,Skikda (Port Methanier),Algeria,DZA,"Skikda (Port Methanier), Algeria",36.87271664,6.950761304,15e72662b9a941cfbf28bcbb587ca88b,206
2998390.29416049,4693611.21053868,port33,Aliaga,Türkiye,TUR,"Aliaga, Türkiye",38.80383336,26.93499829,99e65045c2054426ba648c70811f16ed,207
3407066.67258795,4416675.16308968,port54,Port Akdeniz,Türkiye,TUR,"Port Akdeniz, Türkiye",36.83889937,30.60620066,0f998fc689864524a0496ba8cf0fc03a,208
3112241.75233784,4917382.09739024,port109,Bandirma,Türkiye,TUR,"Bandirma, Türkiye",40.35306462,27.95774334,a464426618af4314a39f792d05cd9de8,209
3998437.22632476,4421936.45736168,port162,Botas,Türkiye,TUR,"Botas, Türkiye",36.87671576,35.91857273,51d4929cbbcc46cb92837344c82833cd,210
3112660.40045242,5011721.65357747,port163,Botas Natural Gas Terminal,Türkiye,TUR,"Botas Natural Gas Terminal, Türkiye",40.9957964,27.96150412,468037fe51464093b4936e6ff67b8f06,211
4024253.8815793,4419727.86644426,port286,Delta Terminal,Türkiye,TUR,"Delta Terminal, Türkiye",36.86084344,36.15048769,9ce9b704346b4f3598adc05d5e1a0ec0,212
3315085.43675605,4976748.24809028,port287,Derince (Izmit-Kocaeli),Türkiye,TUR,"Derince (Izmit-Kocaeli), Türkiye",40.75824677,29.77991916,25733a30395345e9ad9bb102dc7c97a4,213
3497303.1880219,5051412.75964461,port327,Eregli,Türkiye,TUR,"Eregli, Türkiye",41.26435669,31.41680907,eae16e54e9be4e1c9b2201d44326008f,214
16893595.1311064,-3881303.11153818,port816,Newcastle,Australia,AUS,"Newcastle, Australia",-32.89445588,151.7577471,bb3d6841fd1a431faf4baa6ebb762bed,215
-325470.979141327,4202413.23463255,port971,Port Nador,Morocco,MAR,"Port Nador, Morocco",35.28304917,-2.923755551,77081b43c8be4614a04ce9fed0962e28,216
3781302.97018085,4195511.27649241,port338,Famagusta,Cyprus,CYP,"Famagusta, Cyprus",35.23242113,33.96802252,7e93348c2cf74094a8bb755bdbb56bd1,217
13787290.341096,922738.498177804,port520,Jimenez,Philippines,PHL,"Jimenez, Philippines",8.260336175,123.8533364,5669c86dafe142028090201903d691a6,218
-1029326.3364725,3803830.65980423,port1118,Safi,Morocco,MAR,"Safi, Morocco",32.308167,-9.246595804,1f5f6e8de32b482ab46410b6e1595893,219
13455453.996697,1642179.00595626,port694,Manila,Philippines,PHL,"Manila, Philippines",14.59160879,120.8723998,94979fcd181345e9ab7341e1f6c9a9ba,220
-613484.37440888,4284101.81911522,port1265,Tangier-Mediterranean,Morocco,MAR,"Tangier-Mediterranean, Morocco",35.87985242,-5.511023901,cce869c2c0d14dcb8f40badd46aeb1c7,221
14008451.9683244,1065492.78136555,port716,Masao,Philippines,PHL,"Masao, Philippines",9.527274017,125.8400651,124c8a91c8a6480090b908c65aabbe45,222
1593866.1707213,7544254.83850322,port11,Ahus,Sweden,SWE,"Ahus, Sweden",55.92880026,14.31794342,2846e63055674291bc0542a303f77d68,223
13952435.4105639,1003937.39787661,port797,Nasipit Port,Philippines,PHL,"Nasipit Port, Philippines",8.981512096,125.3368598,ba6347008440452a8dd90e1f15efede7,224
1271901.89702704,8040820.40108494,port175,Brofjorden,Sweden,SWE,"Brofjorden, Sweden",58.34819267,11.42568914,59b5db0612484cb48a1614133274c6d5,225
13870691.3488763,1232793.64230597,port858,Ormoc,Philippines,PHL,"Ormoc, Philippines",11.00605657,124.6025404,02d0a5e3fca64096b37ed20a0bf8890e,226
1387823.31887178,7739568.93209184,port335,Falkenberg,Sweden,SWE,"Falkenberg, Sweden",56.89932293,12.46702899,1d1df7bf57004b6c8339aa2e5a639cdd,227
13217269.8048186,1089132.45710753,port1056,Puerto Princesa,Philippines,PHL,"Puerto Princesa, Philippines",9.736639064,118.7327548,300108038f954381a8a0f25926bed77b,228
1919795.37305807,8554447.67243503,port379,Gavle,Sweden,SWE,"Gavle, Sweden",60.68762643,17.24581526,173f562050434998bd5a87986674d82a,229
13390772.6525997,1666524.25186084,port1232,Subic Bay,Philippines,PHL,"Subic Bay, Philippines",14.80314981,120.2913574,adfcd9d98ce24eb89953045f4c66e63d,230
1323544.15539679,7906350.76805334,port408,Gothenburg,Sweden,SWE,"Gothenburg, Sweden",57.70859887,11.88959944,c36c389c1b724531a1bdaf53938cff92,231
13965537.2804843,1098057.77704535,port1238,Surigao City,Philippines,PHL,"Surigao City, Philippines",9.815652287,125.4545559,6f917529467e4176b18ec1f3129a5c1f,232
1432275.43352008,7690224.43601557,port444,Halmstad,Sweden,SWE,"Halmstad, Sweden",56.65646298,12.86634913,184972380c844fc19feee43931efe1ab,233
-8497071.5326095,4418167.47217559,port826,Norfolk,United States,USA,"Norfolk, United States",36.84962748,-76.33049228,7bdfaa29d14f4f5a9dc1a1a12022d3fe,234
13888222.4877519,961758.546142586,port1366,Villanueva,Philippines,PHL,"Villanueva, Philippines",8.607068203,124.7600253,10dc06d4c6e34d2b85ebe500e5d8b088,235
1418110.35225635,7555580.84970812,port459,Helsingborg,Sweden,SWE,"Helsingborg, Sweden",55.98575725,12.73910204,9c3f312fb2c24c24bc7cdd3a6d10c37f,236
3239784.578365,4926100.18727499,port385,Gemlik,Türkiye,TUR,"Gemlik, Türkiye",40.41272035,29.10348004,f867586e2d40436cb56fab2937f07ceb,237
19227550.9894385,-5404785.79959642,port966,Lyttelton,New Zealand,NZL,"Lyttelton, New Zealand",-43.60674767,172.7240293,887673057bff46ea8fbc490b31e2e4ae,238
2133460.04669003,9179890.22605628,port486,Husum,Sweden,SWE,"Husum, Sweden",63.32298859,19.16519768,883f8c1934ca42c78b38dee12a5c706d,239
3324742.7899742,4971011.02065245,port401,Golcuk,Türkiye,TUR,"Golcuk, Türkiye",40.71919647,29.86667264,4e7c3379329b4a96ac1a0c1958da1ac8,240
1078939.8020206,8194201.88254422,port169,Brevik,Norway,NOR,"Brevik, Norway",59.06385806,9.692281148,1b720bb6e1fd4c639c78bbe891d0b3ab,241
1822224.97038379,7690514.23062534,port531,Kalmar,Sweden,SWE,"Kalmar, Sweden",56.65789386,16.36932542,3b56cc5a6cc240318171953f585311eb,242
3073094.14055645,4474534.02319801,port429,Gulluk,Türkiye,TUR,"Gulluk, Türkiye",37.25373921,27.60607436,16cdaab52a1d4169b2534cfc05dc759d,243
12276405.4836372,2276860.40329074,port437,Haikou,China,CHN,"Haikou, China",20.03232283,110.2808268,49bc0fd6d538444c9965d79355fd5c96,244
1647461.74663003,7590546.62713503,port546,Karlshamn,Sweden,SWE,"Karlshamn, Sweden",56.16106721,14.79940067,daa03e40000947e4b0b441a713b51249,245
3229979.59991734,5012374.13007648,port457,Haydarpasa,Türkiye,TUR,"Haydarpasa, Türkiye",41.00022011,29.01540042,5f7ea27dd2f940de946931713438c960,246
13587720.1755102,770906.021181204,port1420,Zamboanga,Philippines,PHL,"Zamboanga, Philippines",6.908366515,122.0605671,da30c718d1774fe9ab67ec0fa6555051,247
5227986.0490219,-2883952.95009867,port340,Ehoala,Madagascar,MDG,"Ehoala, Madagascar",-25.06680991,46.96379773,ae4f1df03e5243c18c07962c97c884e5,248
1337260.66920639,7551012.85065252,port359,Frederiksvaerk,Denmark,DNK,"Frederiksvaerk, Denmark",55.96279548,12.01281698,85c12adfb57b416f898098e0663f6af7,249
2476871.64332379,9756265.25700218,port670,Lulea,Sweden,SWE,"Lulea, Sweden",65.55560307,22.25011654,a59c0dda5d324651b06ff3aef74e85a5,250
4612055.59589339,5073104.18175392,port477,Hopa,Türkiye,TUR,"Hopa, Türkiye",41.41066171,41.43080033,409080d01ac843a894a8574f5f79465d,251
12801941.6048029,-2475112.62008388,port854,Onslow,Australia,AUS,"Onslow, Australia",-21.69639497,115.0017981,c61d9a8f861b4b16aabea1939ddedb7e,252
1450139.89078102,7484489.9698324,port690,Malmo,Sweden,SWE,"Malmo, Sweden",55.62686072,13.02682828,b7aa57ba764246cfa01af749615627db,253
4028999.71756291,4383605.22995862,port503,Iskenderun,Türkiye,TUR,"Iskenderun, Türkiye",36.60077591,36.19312026,5812ed3cd023404bbb9bfc4a7832e00b,254
4638531.25585426,5108485.94073476,port127,Batumi,Georgia,GEO,"Batumi, Georgia",41.64860022,41.66863523,d4c517859c7c4b2097f6005a008a01a1,255
1096725.48003638,9177659.61766125,port1290,Thamshamm,Norway,NOR,"Thamshamm, Norway",63.31399096,9.852052612,dc437f0914f94827847b93edd7e7fafe,256
3198824.82776244,5007916.71006452,port504,Istanbul,Türkiye,TUR,"Istanbul, Türkiye",40.96999344,28.73553234,f52a4468e8804e18aeb806b6c60b2875,257
-13615363.8218324,4552361.10501763,port839,Oakland,United States,USA,"Oakland, United States",37.80816366,-122.3088942,23b00a5a764b47e885eb637dd3f6a312,258
1187292.17887613,8277027.71602699,port770,Moss,Sweden,SWE,"Moss, Sweden",59.44422932,10.66562711,9434997a913c4d4988ef6e24af2a84e5,259
4635323.0281296,5201467.73448445,port606,Kulevi Oil Terminal,Georgia,GEO,"Kulevi Oil Terminal, Georgia",42.26971683,41.63981523,a37af645e6c14b35bdae29aad3bcd8bd,260
-8702885.83997845,-1130456.98892699,port1064,Punta Lobitos,Peru,PER,"Punta Lobitos, Peru",-10.10231349,-78.17935366,0c0d49f90ad5446e82ba03e96d80d534,261
3023004.23582539,4642219.68032163,port510,Izmir,Türkiye,TUR,"Izmir, Türkiye",38.4431577,27.15610909,145aa3dcbf1a47ad953d3a9b9cbf6d8c,262
19612783.6645556,-4531574.62090329,port1278,Tauranga,New Zealand,NZL,"Tauranga, New Zealand",-37.66048847,176.1846333,275ef948c6094fa8882c2c19ba7c5da0,263
1806236.34450387,8098252.32689501,port827,Norrkoping,Sweden,SWE,"Norrkoping, Sweden",58.61788863,16.22569715,f930a2c6fe324d6687722a0f9a04196a,264
4637248.14510197,5184867.30822667,port1016,Poti,Georgia,GEO,"Poti, Georgia",42.15927035,41.65710885,c8c40fb21f104cce91a51f9b80fa5f94,265
-8677370.83048769,4056381.64928621,port1399,"Wilmington, NC",United States,USA,"Wilmington, NC, United States",34.20514713,-77.95014843,5018103e78d14944828bf03233959ca6,266
-7968446.96794405,1170730.58899735,port98,Bajo Grande,Venezuela,VEN,"Bajo Grande, Venezuela",10.45828887,-71.58177702,619b6d5c8c444531b676b085fec51a68,267
3288880.3955905,4977970.73723703,port527,Gebze,Türkiye,TUR,"Gebze, Türkiye",40.76656465,29.54451527,7e91ad25aae44472842c8dc40afad13c,268
1999582.32455166,8162346.24114444,port838,Nynashamn,Sweden,SWE,"Nynashamn, Sweden",58.91643073,17.96255364,7777d6ed82d24aab99889f0ef47105ce,269
1503046.66398212,5407079.26439896,port49,Ancona,Italy,ITA,"Ancona, Italy",43.62166393,13.50209791,62641f1c862e488e934dbf74ca6a54e7,270
-166748.558716574,5392726.16480546,port131,Bayonne,France,FRA,"Bayonne, France",43.52825322,-1.497927789,992dc013183440e1b4aca79eb85a7e80,271
1258474.12705224,9287282.71970039,port296,Djupviken,Norway,NOR,"Djupviken, Norway",63.75286522,11.30506543,1b2448d9b38b4bdabf919b107454283e,272
1833122.56744471,7814982.54926321,port863,Smalandshamnar,Sweden,SWE,"Smalandshamnar, Sweden",57.26745879,16.4672202,3c8a7237babd4ae98d2a63bc23dd2d7f,273
2114261.54778337,10963464.8258227,port1321,Tromso,Norway,NOR,"Tromso, Norway",69.67410683,18.99273463,b296a5bad858437fad8d9f6416fb6e15,274
-59440.9005879672,5606102.49631981,port158,Bordeaux,France,FRA,"Bordeaux, France",44.90197412,-0.533966695,c996bb41d73d4978844bcd5bff93d3d6,275
3025233.4564959,4929324.94027898,port542,Karabiga,Türkiye,TUR,"Karabiga, Türkiye",40.43477315,27.17613452,6f6725fb024f48a9b9d31db285e9600f,276
13532285.4068045,3354421.93077065,port438,Taizhou (Haimen),China,CHN,"Taizhou (Haimen), China",28.83311121,121.5625881,8f6d09f7d1c9454d90bff60429042a23,277
1906428.75533234,8110337.9766898,port868,Oxelosund,Sweden,SWE,"Oxelosund, Sweden",58.67437856,17.12574089,96fc68c933ec492ebbf9caa261100464,278
1216392.56096038,7641730.54139443,port419,Grenaa,Denmark,DNK,"Grenaa, Denmark",56.41625529,10.92704029,4bc5c4847ee746d0850a500443f9dcc1,279
208844.67793942,6615634.71904392,port206,Calais,France,FRA,"Calais, France",50.96799703,1.876083662,e2e6c6b68bda4a1abc1bdd108f605932,280
3857612.63028776,4412543.13717326,port735,Mersin,Türkiye,TUR,"Mersin, Türkiye",36.80918666,34.65352386,3f589130354d4db68c04fef18952e209,281
5155351.57518685,-1773028.16803884,port680,Majunga,Madagascar,MDG,"Majunga, Madagascar",-15.72612557,46.31131115,bfdf4e44f6734715ad7dab58ca8e4e35,282
2400111.38974803,9676307.67190309,port909,Pitea,Sweden,SWE,"Pitea, Sweden",65.25667411,21.56056745,e6589695eafe42d0ae488e4d17034432,283
-231167.921186534,7788772.91259145,port3,Aberdeen,United Kingdom,GBR,"Aberdeen, United Kingdom",57.13992912,-2.076616768,8bf6bf44b86e4af8aa9b26b9b070f644,284
252336.422308763,6624953.12175435,port310,Dunkirk,France,FRA,"Dunkirk, France",51.020683,2.266776649,3fa76a6b81eb4c52a12d109677c6b656,285
2998001.4017458,4686843.17409797,port805,Nemrut Bay,Türkiye,TUR,"Nemrut Bay, Türkiye",38.75643773,26.93150481,a2c57daf8ba44ca389e7176d874bd782,286
2367326.89468195,9523201.19196769,port1205,Skelleftehamn,Sweden,SWE,"Skelleftehamn, Sweden",64.67469283,21.26605932,b5453e4f31d24fcfaa9ef9f8fff349ac,287
5502115.12302665,-2056038.40984448,port1301,Toamasina,Madagascar,MDG,"Toamasina, Madagascar",-18.15789697,49.4263411,a0158567daa142b099869a7fd03ce6bd,288
4053728.73352502,5050896.50423118,port1139,Samsun,Türkiye,TUR,"Samsun, Türkiye",41.26087063,36.41526479,0cb7197663bd4b8aa320e5e6c944e663,289
544018.354734993,5378812.62647554,port351,Fos,France,FRA,"Fos, France",43.4375649,4.887000029,56dac498a1f24e3bac788e761634d9c3,290
1936667.24562657,8545562.30292031,port1207,Skutskar,Sweden,SWE,"Skutskar, Sweden",60.64852582,17.39737787,e053910edaf6426a838b40e14753e991,291
4861314.83700657,-2677215.94871132,port1307,Tulear (Toliara),Madagascar,MDG,"Tulear (Toliara), Madagascar",-23.37321861,43.66993419,e68a20fb2300426d8e485e782b72262f,292
3059824.45316414,5002300.43726509,port1280,Tekirdag,Türkiye,TUR,"Tekirdag, Türkiye",40.93188863,27.48687073,805910e6629546aea2bb0774425a855a,293
-8792157.18314456,-918879.204394542,port1132,Salaverry,Peru,PER,"Salaverry, Peru",-8.22602573,-78.98129178,32f058a58ccb4319a0c6d4bfa3148f78,294
-135070.525176388,5806048.87510527,port620,La Pallice,France,FRA,"La Pallice, France",46.16013916,-1.213359172,91c16ab770794548bac14222af26ff38,295
1961359.38589416,8232505.06535397,port1209,Sodertalje,Sweden,SWE,"Sodertalje, Sweden",59.24029018,17.61919114,416a2d0fbdaf4d3395abdac8310360b6,296
-303373.371262534,6195186.01187745,port638,Saint Brieuc,France,FRA,"Saint Brieuc, France",48.52821971,-2.725249362,6abeb5181f1e4012bfbfb6b15d6bd835,297
-7751543.47376497,2086633.30188822,port51,Caucedo,Dominican Republic,DOM,"Caucedo, Dominican Republic",18.41885296,-69.63329978,9293cd49ce1f41b29a709c735782cfc0,298
-7986441.59219877,2238268.39752759,port898,Pepillo Salcedo (Manzanillo),Dominican Republic,DOM,"Pepillo Salcedo (Manzanillo), Dominican Republic",19.70628311,-71.74342548,9520b7935d3d46cab22b69b378fedd43,299
-7794828.31449671,2086045.4363753,port1042,Haina,Dominican Republic,DOM,"Haina, Dominican Republic",18.41384253,-70.02213412,908bb49715c64c50aa6272410c1cab10,300
-199441.172233425,5860676.5558766,port642,Les Sables D' Olonne,France,FRA,"Les Sables D' Olonne, France",46.49899037,-1.791610533,f745d7561b094d8681fd76da64a6835c,301
4006500.98203287,4428783.79221548,port1313,Toros Gubre,Türkiye,TUR,"Toros Gubre, Türkiye",36.92590404,35.99101068,43c6945e02614ca4a5aa317443422504,302
-373744.072304273,6063503.75600278,port663,Lorient,France,FRA,"Lorient, France",47.73876259,-3.357400125,4712d93a5b944728bf1e8001732de633,303
-7870089.84148527,2249352.10778686,port1055,Puerto Plata,Dominican Republic,DOM,"Puerto Plata, Dominican Republic",19.79999101,-70.69821992,3600315db2e34547a4a43f222b4cece0,304
1622976.97453628,7566225.55384686,port1210,Solvesborg,Sweden,SWE,"Solvesborg, Sweden",56.03921167,14.57945022,a3223e272fd64e84ba91f8e91dcf4349,305
1690267.60074359,4466171.68291932,port80,Augusta,Italy,ITA,"Augusta, Italy",37.19392264,15.1839322,3d061630ff744e50b9e71e03475fb26f,306
1315843.35688841,7985240.78253443,port1227,Stenungsund,Sweden,SWE,"Stenungsund, Sweden",58.08521924,11.82042199,ee0890565eec4590abcee40e917485a8,307
-7715596.09028963,2089824.15519556,port1147,San Pedro De Macoris,Dominican Republic,DOM,"San Pedro De Macoris, Dominican Republic",18.44604634,-69.31037894,f4f609be61be4ef1a1c4e2a70f00c14f,308
1155931.8107537,9208688.40804835,port1322,Trondheim,Norway,NOR,"Trondheim, Norway",63.43889993,10.38391213,2a2fc78bbb9f45c3a39549d2c5321e0f,309
2015549.47133583,8251883.54386724,port1228,Stockholm,Sweden,SWE,"Stockholm, Sweden",59.32920519,18.10598896,98f5d31f1e2e4cada340ed9d3963cc59,310
2725117.87595756,4214284.09803331,port1096,Rethymnon,Greece,GRC,"Rethymnon, Greece",35.37005169,24.48015039,abb4b8161f934a429a30c346926b06b9,311
595311.870068157,5362563.24108931,port712,Marseille,France,FRA,"Marseille, France",43.33147923,5.347777517,61e12717c498452da26d3557b77b6dd8,312
2679175.69315205,4233753.562009,port1212,Souda (Chania),Greece,GRC,"Souda (Chania), Greece",35.5125421,24.06744474,dd4dd969ae7445aeaba1795a99b29a39,313
-7779010.81005123,2092686.91279525,port1158,Santo Domingo,Dominican Republic,DOM,"Santo Domingo, Dominican Republic",18.47043993,-69.88004306,5d85a37868a84dcf9415a886c3a53f43,314
1110792.55083367,7882012.01263853,port467,Hirtshals,Denmark,DNK,"Hirtshals, Denmark",57.59160796,9.978419259,abf3d3daa9ef49c1978d0d122e365cfc,315
2550025.16320898,4959572.23825217,port1293,Thessaloniki,Greece,GRC,"Thessaloniki, Greece",40.64127027,22.90726579,3a2788a2c7264f169bdca40a9129ffc8,316
-236918.943006299,5991623.2591359,port765,Montoir,France,FRA,"Montoir, France",47.30270073,-2.128279076,c53a0bc6d34b4ce9a17a2d03992f1a02,317
1841942.87267615,7779092.61693032,port1230,Stora Jatterson,Sweden,SWE,"Stora Jatterson, Sweden",57.09271571,16.54645435,de0e37f582c04cb9924b8c410011d20b,318
4423989.53491616,5012886.56097461,port1316,Trabzon,Türkiye,TUR,"Trabzon, Türkiye",41.00369412,39.74137416,6442b9486a1a4c71ba1379b96ec6fe3d,319
1934157.21708774,8953748.64180698,port1235,Sundsvall,Sweden,SWE,"Sundsvall, Sweden",62.39638003,17.3748299,da4b7086e8a84823afc0f6e3664edfe1,320
4030296.43600976,4399265.43028431,port1406,Yakacik,Türkiye,TUR,"Yakacik, Türkiye",36.71363081,36.20476888,2c57a36e1afa48608a1dd58c7a983158,321
1464141.18656474,7434028.85072239,port1317,Trelleborg,Sweden,SWE,"Trelleborg, Sweden",55.37010002,13.15260406,f94752b10cac49b2a949127763d1dca3,322
3278734.21622438,4968814.11713652,port1407,Yalova,Türkiye,TUR,"Yalova, Türkiye",40.70423723,29.45337059,8c063e78659944d39666ffd168f1ccb1,323
2263914.94050257,9272754.85287172,port1339,Umea Hamn,Sweden,SWE,"Umea Hamn, Sweden",63.69509074,20.33709393,ff8ea7a881b74aff898eae0682268bf3,324
2543978.54339072,4745235.89650539,port1323,Tsingeli,Greece,GRC,"Tsingeli, Greece",39.16431643,22.85294808,317523974e0e4aa4b509bfc7e85c1aa3,325
1362992.45893393,7783722.99310065,port1353,Varberg,Sweden,SWE,"Varberg, Sweden",57.11530681,12.24396958,9adc3a250f9449b6b7ef0fb140193bed,326
3547823.21790704,5086506.4745444,port1430,Zonguldak,Türkiye,TUR,"Zonguldak, Türkiye",41.50089364,31.87063822,5fd23fb06ff94d09b857f63467c73a03,327
-7023227.62456814,2060679.60551484,port52,Anguilla,Anguilla,AIA,"Anguilla, Anguilla",18.19750881,-63.09072719,03a40e9c9bb04fd481c2333e2e41f87b,328
12705841.7927145,-2506456.27161509,port918,Point Murat,Australia,AUS,"Point Murat, Australia",-21.95777415,114.1385188,b94e9ac0e01c40e58d473f8408fe2223,329
-301538.604083196,6709883.05088376,port84,Bristol,United Kingdom,GBR,"Bristol, United Kingdom",51.49812082,-2.708767368,05fef7f78e8d4f239d4a43e5289d8e51,330
-9048204.19032139,-510507.776521723,port1257,Talara,Peru,PER,"Talara, Peru",-4.581080585,-81.28140118,0f70f1c5894b461baa728076b1f9b186,331
-13644301.4904433,6188222.64831952,port47,Anacortes,United States,USA,"Anacortes, United States",48.486777,-122.5688457,f858ab1546ad4e4d864d3e51468761b3,332
-2857075.69198891,4542258.17038494,port924,Ponta Delgada,Portugal,PRT,"Ponta Delgada, Portugal",37.73642531,-25.66554762,c635d8028e234df7890f0db55b271f5b,333
1877669.36933868,5032650.79962458,port119,Bari,Italy,ITA,"Bari, Italy",41.13754542,16.86739093,489119b53a144ff38d7d00d331ba3b0c,334
-9190220.75427759,3202838.29052457,port967,Port Manatee,United States,USA,"Port Manatee, United States",27.63344969,-82.55715768,e42f098d65944012b62a5c9c3f6ba284,335
617781.962425301,8558674.85524959,port1364,Vikanes,Norway,NOR,"Vikanes, Norway",60.70621174,5.549629791,1d44f379fd9c4d6994cd1121037b784f,336
1167746.63477776,8270150.09469664,port479,Horten,Norway,NOR,"Horten, Norway",59.41280583,10.4900465,aec8bf520e5d488391bc2fc62bc881b2,337
1091058.54395058,7686810.72535668,port470,Hobro,Denmark,DNK,"Hobro, Denmark",56.63960347,9.801145659,8e3f9ae9de994c7da7f7865a968c464c,338
-602713.392916025,4323476.05430989,port31,Algeciras,Spain,ESP,"Algeciras, Spain",36.16592191,-5.414266528,c9260a283681415b971e818714816c3b,339
2001646.54858612,4959459.8913551,port173,Brindisi,Italy,ITA,"Brindisi, Italy",40.64050446,17.98109688,8a3dd6828835461e93afa93dc2b57635,340
-361467.666130455,6693190.20584949,port121,Barry,United Kingdom,GBR,"Barry, United Kingdom",51.40467255,-3.247119292,532647b3aeed430992f3de2dd021cf9c,341
1235713.58255139,7492184.84609019,port532,Kalundborg,Denmark,DNK,"Kalundborg, Denmark",55.66586747,11.10060398,ff0b470e98874fb9ad2eac55548ccc0b,342
18460445.2169085,-2439676.43662714,port94,Baie De Kouaoua,New Caledonia,NCL,"Baie De Kouaoua, New Caledonia",-21.4003154,165.8330009,610fe4d96faa4479b7d39f3d72bba74a,343
-54688.8174658548,4626476.72662016,port34,Alicante,Spain,ESP,"Alicante, Spain",38.33230794,-0.491278006,1c8aa1b39843403c84524c77c4c00343,344
-655947.828804391,7289042.75590391,port141,Belfast,United Kingdom,GBR,"Belfast, United Kingdom",54.62301838,-5.892479602,e2c95e8c040d423f8966eb91b8d860c0,345
1011302.73297134,4754876.90940506,port203,Cagliari,Italy,ITA,"Cagliari, Italy",39.23143383,9.084687019,c572c32b05804f7b91887fcc6223a35a,346
1404332.50363372,7497957.22349855,port582,Copenhagen,Denmark,DNK,"Copenhagen, Denmark",55.69510322,12.61533352,07f3e66a551e42dba87407879c7740df,347
18429707.823826,-2409477.17911907,port97,Baie Ugue,New Caledonia,NCL,"Baie Ugue, New Caledonia",-21.1475174,165.5568822,eaeb461312014fc58551a5fc9f554d1a,348
-275387.363961499,4415918.70379631,port35,Almeria,Spain,ESP,"Almeria, Spain",36.83346066,-2.473846781,e83ba9aa9fd54754b2fe6d62eb7c6a3f,349
-1586.66520006617,6976168.32551037,port160,Boston,United Kingdom,GBR,"Boston, United Kingdom",52.96306208,-0.014253256,880aa44823db4f24a322e12460908774,350
1680087.45446125,4508277.6584421,port222,Catania,Italy,ITA,"Catania, Italy",37.49462808,15.09248239,86ce0a385fff4ca1be26508fd2966e03,351
1357911.23958846,7451738.79791765,port585,Koge,Denmark,DNK,"Koge, Denmark",55.46040403,12.19832421,6a7ebf5974c14e23924ead01b165bc5d,352
-7837437.3858068,-2710931.44575115,port56,Antofagasta,Chile,CHL,"Antofagasta, Chile",-23.65094409,-70.40489792,65ae11bf72d64659b493a54a40372333,353
1838496.53144748,8309953.42975233,port1356,Vasteras,Sweden,SWE,"Vasteras, Sweden",59.59426145,16.51549534,65fd7dd42e8d4c81965e9fb9d04ef0ea,354
2555199.40446054,4772576.03890791,port1373,Volos,Greece,GRC,"Volos, Greece",39.35448209,22.95374679,0b096b625f0345dd835011233f7e5444,355
16748688.0563842,-1154588.13471809,port37,Alotau,Papua New Guinea,PNG,"Alotau, Papua New Guinea",-10.31565513,150.4560247,e9dba7e6551c45bea20b1df086d0dca2,356
1311258.0725536,5176326.03861235,port247,Civitavecchia,Italy,ITA,"Civitavecchia, Italy",42.10236806,11.77923168,41fb45bbe16f4ca69dd0346f18700f41,357
18301400.7004389,-2363253.07021936,port403,Gomen,New Caledonia,NCL,"Gomen, New Caledonia",-20.75973976,164.4042797,0f965bcd2e0d40d297ca8b519fc90d9e,358
1589751.87247286,4446337.60612946,port384,Gela,Italy,ITA,"Gela, Italy",37.05185811,14.28098405,b2d214335cc74d868f1352faf36226ca,359
-1505938.06641723,3371747.1452821,port69,Arrecife,Spain,ESP,"Arrecife, Spain",28.9693625,-13.52807182,cde623bef13a40908008bdb9dc0f8f18,360
1056612.58633746,7457811.76839856,port588,Kolding,Denmark,DNK,"Kolding, Denmark",55.49132293,9.491712357,272b500ce4bb4148915944253928b175,361
-351116.133695922,6703835.79472278,port217,Cardiff,United Kingdom,GBR,"Cardiff, United Kingdom",51.46428975,-3.154129894,ff9a399ddc2e41bcbd8f5ce0ceeb469a,362
986143.754270282,5529594.58555557,port387,Genova,Italy,ITA,"Genova, Italy",44.41310049,8.858680068,56ebaece1be8405b8bbac6e8fbbae1c2,363
1200790.74804707,7420605.74954503,port837,Nyborg,Denmark,DNK,"Nyborg, Denmark",55.30151728,10.78688682,c086c84460c545d28982d84576f43cff,364
-656160.552892891,5398256.08755437,port83,Aviles,Spain,ESP,"Aviles, Spain",43.5642594,-5.894390535,b308be60b5294e57bbceaafe90078390,365
18366445.7141807,-2431704.54710467,port806,Nepoui,New Caledonia,NCL,"Nepoui, New Caledonia",-21.33362493,164.988589,29e08b5c48b14879899c1f5558cce0ac,366
60886.1382711627,6692527.24909317,port234,Chatham,United Kingdom,GBR,"Chatham, United Kingdom",51.4009573,0.546949486,f799a817072849a1b264c232c7d78af9,367
1771498.21352507,4645096.94002668,port395,Gioia Tauro,Italy,ITA,"Gioia Tauro, Italy",38.46339878,15.91363921,63e32ca7c677424384e9a7d4d9e4423f,368
1164268.10106556,7447988.6161071,port842,Odense,Denmark,DNK,"Odense, Denmark",55.44129887,10.4587983,06b4cf5cc8c04299b999f463536ea356,369
238946.162549585,5062321.9431724,port118,Barcelona,Spain,ESP,"Barcelona, Spain",41.33797839,2.146489899,01bfc947f9064e92aa4438c7a647faf0,370
18526631.5893894,-2541905.13285281,port832,Noumea,New Caledonia,NCL,"Noumea, New Caledonia",-22.25280878,166.4275632,59755013b8c54d81b68ee534d285168e,371
18276580.9179036,-2331471.87133109,port870,Paagoumene,New Caledonia,NCL,"Paagoumene, New Caledonia",-20.49254527,164.1813198,81c5dbd9bcbb4c25b2a0c6f8892ea68a,372
147420.936436366,6642628.05377604,port301,Dover,United Kingdom,GBR,"Dover, United Kingdom",51.12045226,1.324304804,12e515b510ce407a93850ecfcf3e3a46,373
1096021.7754338,5480865.46958971,port622,La Spezia,Italy,ITA,"La Spezia, Italy",44.09958063,9.845731126,ae6cb458f303400b914f36f276257360,374
-697278.423258643,4372467.3217625,port201,Cadiz,Spain,ESP,"Cadiz, Spain",36.52041019,-6.263758649,e357d1f421a64933b7f643b8d6e5eee4,375
1119097.42467016,7650199.89199188,port1085,Randers,Denmark,DNK,"Randers, Denmark",56.45831688,10.05302321,3e65c42fab384d2d8c5ab96177c35393,376
18332426.6781694,-2393194.47463519,port1372,Voh,New Caledonia,NCL,"Voh, New Caledonia",-21.01103527,164.6829908,b8602df45c3d444fbf6a1503ee2dbf01,377
-105241.263698037,4519629.10811193,port219,Cartagena,Spain,ESP,"Cartagena, Spain",37.57548974,-0.945398357,fe9de9c695c74ada865775bda2bd1eae,378
-562625.196002737,6472815.58670022,port337,Falmouth Harbour,United Kingdom,GBR,"Falmouth Harbour, United Kingdom",50.15300321,-5.054148128,5b071d8ac76c49f389045fd05b51482f,379
1148335.15608174,5399351.0041451,port655,Livorno,Italy,ITA,"Livorno, Italy",43.57138602,10.31567022,8ada9c06633a4d1a96b6e501705dab74,380
1179348.25526028,7908272.77860328,port1204,Skagen,Denmark,DNK,"Skagen, Denmark",57.71782148,10.59426563,fafee8f72f07449ebac0ca3381aa07ec,381
-7022377.78151916,2047173.68120584,port95,Marigot,Saint Martin,MAF,"Marigot, Saint Martin",18.08221302,-63.08309292,ba1ee759ec924c15bd8f74eef2587e2d,382
-591776.055910087,4286250.89699769,port267,Ceuta,Spain,ESP,"Ceuta, Spain",35.89549311,-5.316014758,306f3e4d368742be9fda949af57370e1,383
-150865.173392695,6593007.13502287,port342,Fawley,United Kingdom,GBR,"Fawley, United Kingdom",50.83981228,-1.355244911,2d9150eaa07e468b98f4ad9253d1cbd7,384
1117961.07419495,5470536.45307745,port706,Marina Di Carrara,Italy,ITA,"Marina Di Carrara, Italy",44.03290973,10.0428152,006e2913771341f6b4e1ef9922d2844a,385
915298.570485641,7696992.38507229,port1296,Thyboron,Denmark,DNK,"Thyboron, Denmark",56.689866,8.222266954,a87bfd47155540e5a096bc66218d9d31,386
1618822.75600525,5667219.4638871,port99,Bakar,Croatia,HRV,"Bakar, Croatia",45.28954046,14.54213224,cb64bb17019f46c1a7f517224f967bc3,387
-13786668.7441914,5936523.27308931,port2,Aberdeen,United States,USA,"Aberdeen, United States",46.96598223,-123.8477525,78dd6ccf351741ecb8c66a4d705a621e,388
143952.618068552,6791832.36027259,port343,Felixstowe,United Kingdom,GBR,"Felixstowe, United Kingdom",51.95411087,1.29314837,326e87195c234c0eabac3fff15f3f270,389
1699062.0709476,4608622.97980339,port739,Milazzo,Italy,ITA,"Milazzo, Italy",38.2063901,15.26293427,678fe54537d349dd9a3af10d5dbdcfcd,390
1617949.35775202,5656190.62642772,port849,Omisalj,Croatia,HRV,"Omisalj, Croatia",45.21979684,14.53428637,92aecbb2fa3348678ea774624bf80713,391
-16683933.9427358,8679472.92405721,port48,Anchorage (Alaska),United States,USA,"Anchorage (Alaska), United States",61.23279292,-149.8743286,744baae3664349a6b770477935387143,392
994.344430948316,4860020.38975479,port317,Castellon,Spain,ESP,"Castellon, Spain",39.95923639,0.008932348,4836cfa522da4d1f8b9d4b528ccb4c98,393
1508532.20351052,5747179.33914605,port758,Monfalcone,Italy,ITA,"Monfalcone, Italy",45.79262537,13.55137535,508cb169619e45eca193e59227bc381d,394
1940311.3069688,5318307.52178611,port912,Ploce,Croatia,HRV,"Ploce, Croatia",43.04161041,17.43011303,036f36611736484ba3d34006c4dc846d,395
-538106.578108366,7581109.92137596,port346,Finnart Oil Terminal,United Kingdom,GBR,"Finnart Oil Terminal, United Kingdom",56.1138324,-4.833893636,1bdff6c8a83a40819f7acd4d8925ca22,396
-8522283.28443024,4758948.61404946,port103,Baltimore,United States,USA,"Baltimore, United States",39.25976037,-76.5569733,3ee548cdbcfb4663bd14cda1b5d7f92d,397
-916814.667366186,5384606.47885775,port344,Ferrol,Spain,ESP,"Ferrol, Spain",43.47534572,-8.235886284,3396e836821749f7810c6e733ffb45f6,398
1926391.00502019,5006095.09784324,port761,Monopoli,Italy,ITA,"Monopoli, Italy",40.95763673,17.30506483,54f55aaab0774d73a96971129ee844e0,399
1606499.60599801,5673309.4566355,port1101,Rijeka,Croatia,HRV,"Rijeka, Croatia",45.32801535,14.4314315,86de52eea65b444c963cf8c78eff9f86,400
-322054.769093195,7037092.86303087,port376,Garston,United Kingdom,GBR,"Garston, United Kingdom",53.29145841,-2.893067214,8bf2e6292066402bb1b0b1d21bb6dffa,401
-486194.33223613,7534231.23469998,port399,Glasgow,United Kingdom,GBR,"Glasgow, United Kingdom",55.87832297,-4.367557997,17766534224d481f9c014286a3048ff1,402
-17600059.9672491,2428943.49392631,port117,Barbor's Point,United States,USA,"Barbor's Point, United States",21.3105197,-158.1040287,a71e41a9356246b5983642c14f0acf6b,403
-633941.46327831,5397653.03398181,port394,Gijon,Spain,ESP,"Gijon, Spain",43.56033387,-5.694793057,31e5c5478a694befa060c4f83ad52bbc,404
1589520.82886972,4988659.40955905,port795,Napoli,Italy,ITA,"Napoli, Italy",40.83924659,14.27890855,2600cf8e82014856a6e6d7c9ca3d6917,405
1831981.68070025,5393235.04869321,port1218,Split,Croatia,HRV,"Split, Croatia",43.53156754,16.45697144,e1dd76bf94014debb7e01af78c98f6cf,406
-98507.2444656594,7113600.63455545,port404,Goole,United Kingdom,GBR,"Goole, United Kingdom",53.70030449,-0.884905633,57bc4757995a4d679df38913cef32d6f,407
-10153041.3900722,3559852.74678096,port126,Baton Rouge,United States,USA,"Baton Rouge, United States",30.43704677,-91.20632261,25d04c055cf448e4943c67f8f3694487,408
1060728.04275388,5001597.68083754,port848,Olbia,Italy,ITA,"Olbia, Italy",40.92711908,9.528682131,1059ec5b53bd46e2849cffb854ccd9a9,409
-769736.192986782,4466060.76424533,port483,Huelva,Spain,ESP,"Huelva, Spain",37.19312891,-6.914657869,3911ea1465624dffa8e4929839a451ff,410
5536199.24420467,4907387.71046962,port100,Baku Port,Azerbaijan,AZE,"Baku Port, Azerbaijan",40.28461052,49.73252397,00da21f170814bef8d0a656f578b0928,411
-410726.165882434,7562646.31279748,port415,Grangemouth,United Kingdom,GBR,"Grangemouth, United Kingdom",56.02124608,-3.689615924,2496e5ea8f18407ab6dcdde07dc06ad4,412
-9334167.51360135,5407716.22124002,port130,Bay City,United States,USA,"Bay City, United States",43.62580592,-83.85025342,ac89592eff614b99901caea867450857,413
1604490.18232248,5214052.36066482,port861,Ortona,Italy,ITA,"Ortona, Italy",42.35331653,14.41338054,91bcf50f83f447ceb08e9497d9f623ee,414
-941005.514927351,5364269.14825016,port617,La Coruna,Spain,ESP,"La Coruna, Spain",43.34262513,-8.453196365,1c38cf6b74234d07916cae0082aa984d,415
11195688.8831715,1537931.1968591,port111,Bangkok,Thailand,THA,"Bangkok, Thailand",13.68350932,100.5725844,a5cc981f23bb4590bfe94d84500922a5,416
11259092.7804522,1423848.34298194,port701,Map Ta Phut,Thailand,THA,"Map Ta Phut, Thailand",12.68571375,101.1421513,09e7dc6ad7ea4bc294ff4b3ccdc7a815,417
38843.9748458708,6701377.0947363,port416,Gravesend,United Kingdom,GBR,"Gravesend, United Kingdom",51.4505275,0.348941363,e0a32234eb7f4f57a20d7c68a24dc275,418
-10467403.1948775,3506869.60971086,port134,Beaumont,United States,USA,"Beaumont, United States",30.02582322,-94.03028275,bad0bd9e6b1c42bc855ef3d93910316a,419
1365874.47602277,5655082.58704198,port1003,Chioggia,Italy,ITA,"Chioggia, Italy",45.21278514,12.26985918,2cdbb20905ba4312bb9140b09528a18e,420
-1715584.89457355,3267652.34365335,port635,Las Palmas (de Gran Canaria),Spain,ESP,"Las Palmas (de Gran Canaria), Spain",28.14804985,-15.41136132,72d2d287ee6740498defd06b6f6203b7,421
192829.65898747,6907186.33927234,port417,Great Yarmouth,United Kingdom,GBR,"Great Yarmouth, United Kingdom",52.58819977,1.732218299,59ee64f98a0f4cf4b69ff96dc2e37fad,422
10954366.7651665,873647.412104151,port904,Phuket,Thailand,THA,"Phuket, Thailand",7.823681372,98.40475093,c4c31b90042a4691840d3fcb4fbab552,423
-13636666.0086462,6233626.24370339,port143,Bellingham,United States,USA,"Bellingham, United States",48.75638842,-122.500255,4c5c61e1288c4a1aa9d513ecdfab4ad4,424
1363970.63443148,5536819.84147197,port1004,Ravenna,Italy,ITA,"Ravenna, Italy",44.45944499,12.25275668,329a9500f19848328bd07795b1dc4932,425
15335378.1835099,-4166811.38010802,port953,Port Giles,Australia,AUS,"Port Giles, Australia",-35.0215595,137.7600461,b3f99d95957a4eb693b25f470257fd4a,426
17217978.5131454,-605618.217904575,port186,Buka,Papua New Guinea,PNG,"Buka, Papua New Guinea",-5.432204414,154.6717326,67bbe74f216a491581bda7aaad8358cf,427
15942008.0824258,-1013459.87995891,port279,Daru,Papua New Guinea,PNG,"Daru, Papua New Guinea",-9.065995282,143.2094952,742417624c6341ccbae7fa297d0414f6,428
16785728.8043134,-288134.405488503,port553,Kavieng Harbor,Papua New Guinea,PNG,"Kavieng Harbor, Papua New Guinea",-2.587475462,150.7887674,8b72c049e6244de5a40c9dc0948eceaf,429
17325587.3245603,-693633.345337737,port565,Kieta,Papua New Guinea,PNG,"Kieta, Papua New Guinea",-6.218768247,155.638399,bd9c219fd10f40cc916c815d7cb78c88,430
16714315.269295,-618822.169749725,port569,Kimbe,Papua New Guinea,PNG,"Kimbe, Papua New Guinea",-5.550273176,150.1472487,15dc37d38bac44b89abe50a9062f1811,431
16362561.474624,-751651.579504456,port624,Lae,Papua New Guinea,PNG,"Lae, Papua New Guinea",-6.736625768,146.9873906,9151ee008cbf4132a8f994e1c8802380,432
16230568.6964802,-580637.682303323,port676,Madang,Papua New Guinea,PNG,"Madang, Papua New Guinea",-5.208767409,145.8016793,4b4169d9f4ce488d9ad772c0ffb5ef82,433
16530274.5956889,-994514.081985847,port860,Oro Bay,Papua New Guinea,PNG,"Oro Bay, Papua New Guinea",-8.897889322,148.4939832,86f71f2942a84178b20f7c69bcbbe767,434
16373375.3950501,-1051143.34111144,port970,Port Moresby,Papua New Guinea,PNG,"Port Moresby, Papua New Guinea",-9.400125206,147.0845337,f5b482ce1c984d52b3d5f76e4239e414,435
16993030.8877712,-347648.923653441,port1066,Put Put,Papua New Guinea,PNG,"Put Put, Papua New Guinea",-3.121438197,152.6509937,d092782161de4a43bae40b652e9a2226,436
16938971.2153394,-468339.686816475,port1080,Rabaul,Papua New Guinea,PNG,"Rabaul, Papua New Guinea",-4.203391372,152.1653674,a81791dad5354bad95a3683cf60b7c0d,437
15729113.7307645,-298457.490271537,port1352,Vanimo,Papua New Guinea,PNG,"Vanimo, Papua New Guinea",-2.68011134,141.2970327,bbfb216130c941b2b235404b4b11bd32,438
15990459.1449529,-397752.249192813,port1392,Wewak Harbor,Papua New Guinea,PNG,"Wewak Harbor, Papua New Guinea",-3.570755554,143.6447385,7809a1f5288a4834882728723545eff6,439
15228850.3511422,-535722.54255346,port41,Amamapare,Indonesia,IDN,"Amamapare, Indonesia",-4.806828832,136.8030903,f04a74bd285844109576a4b5c5106e54,440
14268433.7966742,-409662.725011347,port42,Port Ambon,Indonesia,IDN,"Port Ambon, Indonesia",-3.677535195,128.1755216,59aaa7db174b49c88454ce8e26d4e8b1,441
12921210.0642113,-968247.523353336,port44,Ampenan,Indonesia,IDN,"Ampenan, Indonesia",-8.664698797,116.0732049,f958a9c6517949a386f6ed30ebabb7e6,442
13899643.4444933,-1005533.23732568,port77,Atapupu,Indonesia,IDN,"Atapupu, Indonesia",-8.995671716,124.8626215,61f2b2dd66d14426ad59ab2f7d272a9a,443
13001669.0203014,-133875.355774384,port102,Balikpapan,Indonesia,IDN,"Balikpapan, Indonesia",-1.202534486,116.79598,b7a873dac9604debaf14a397f782afcf,444
12753086.697427,-366221.933801206,port112,Banjarmasin,Indonesia,IDN,"Banjarmasin, Indonesia",-3.288021408,114.562927,847ab5aa20594a78a5e1ed57f5fba5b8,445
11796255.6658338,-671036.30897698,port114,Banten,Indonesia,IDN,"Banten, Indonesia",-6.016931808,105.9675676,dfc74c7b2b22422c896564d652a394bf,446
13646030.7162814,-611643.781824162,port128,Baubau,Indonesia,IDN,"Baubau, Indonesia",-5.486087462,122.5843796,bc098a4763aa4172bdfd6c3ed156674c,447
15590984.7773853,4830648.29645721,port14,Akita,Japan,JPN,"Akita, Japan",39.75669293,140.0561992,e583384fe8764843a57882217c707e3b,448
14957066.4303785,4129608.03287343,port15,Ako,Japan,JPN,"Ako, Japan",34.74741074,134.3616138,dea1e3b191f44f72b8b783385cadfe36,449
15069074.0426041,4123475.26469523,port40,Amagasaki-Nishinomiya-Ashiya,Japan,JPN,"Amagasaki-Nishinomiya-Ashiya, Japan",34.70213108,135.3677953,694f8533a6b9437786140dc08ba3d47a,450
15669365.676881,4989102.75545066,port59,Aomori,Japan,JPN,"Aomori, Japan",40.84225958,140.7603068,da1b90b60b1248caa387357a4076c625,451
15590555.0841508,4235476.55091439,port239,Chiba,Japan,JPN,"Chiba, Japan",35.52513992,140.0523392,a432aba86637409ca14f22f7eeec3101,452
15152267.9627357,4326135.91313057,port363,Fukui,Japan,JPN,"Fukui, Japan",36.18520937,136.115139,8fba0d7c1e9849f2bd37cb5acae2b73f,453
14854311.0708385,4091125.94448659,port364,Fukuyama,Japan,JPN,"Fukuyama, Japan",34.46287853,133.4385467,b8ed6cc1034a4a25a9983c50309fb01b,454
15581178.4764621,4255973.25778655,port365,Funabashi,Japan,JPN,"Funabashi, Japan",35.67485206,139.9681077,99a12a2c32434006b68e461af9fb6a2f,455
15266619.1508051,4406907.62131332,port369,Fushiki-Toyama,Japan,JPN,"Fushiki-Toyama, Japan",36.76864401,137.1423732,d00bf534bbc04f7ea0d37d2276ce5f98,456
15752915.184862,4945478.38382251,port433,Hachinohe,Japan,JPN,"Hachinohe, Japan",40.54513127,141.5108448,4b7a99f104494117b7fbda83cf61b6e9,457
14515799.9652437,3979455.15491071,port439,Hakata,Japan,JPN,"Hakata, Japan",33.63170193,130.3976497,5336f6c6e45643589aaea0b04709fd86,458
15662456.9555114,5130892.34572886,port440,Hakodate,Japan,JPN,"Hakodate, Japan",41.79882813,140.6982447,21aa2d73e4ec45f6a47e323dfa886c6c,459
3601622.0765643,3458310.13543399,port828,El Sokhna,Egypt,EGY,"El Sokhna, Egypt",29.64742882,32.35392159,8fb233a8b10b4452ae3d4694fe7fdbf4,460
14699931.96536,4147504.64817335,port445,Hamada,Japan,JPN,"Hamada, Japan",34.87940375,132.0517356,6089b5b5df0e4044872bd601ce4adc77,461
11801576.5482506,-658568.911745201,port1271,Tanjung Sekong,Indonesia,IDN,"Tanjung Sekong, Indonesia",-5.905540925,106.0153659,9135f8ade20149c8bd66addceacc54e6,462
5528169.36079122,3130436.22068448,port24,Jubail,Saudi Arabia,SAU,"Jubail, Saudi Arabia",27.05573014,49.6603903,2e70626f9f8d40ee83f3195c99c59dd3,463
15066754.5340342,4090239.73362387,port452,Hannan,Japan,JPN,"Hannan, Japan",34.45631451,135.3469588,a2e495cd208847318945be7840870a04,464
13124251.1269923,-4168505.93626426,port28,Albany,Australia,AUS,"Albany, Australia",-35.03402477,117.8971538,451854e1f7144031a5aa7f728346c4c5,465
15007366.7545506,4127341.70892304,port463,Higashiharima,Japan,JPN,"Higashiharima, Japan",34.73068083,134.8134693,517b1f33cea342b4afc3de9d1aee7024,466
1118542.89441914,8189026.47267335,port634,Larvik,Norway,NOR,"Larvik, Norway",59.03994928,10.04804178,5fc0822b52394cba9e281c749ddb6df4,467
4160698.89500256,5672703.07353319,port1283,Temryuk,Russian Federation,RUS,"Temryuk, Russian Federation",45.32418556,37.3761941,614468ef3a314249a676cba02c38c4f5,468
13080159.7921345,241170.970999793,port1272,Tanjung Redeb,Indonesia,IDN,"Tanjung Redeb, Indonesia",2.165959622,117.5010746,831a863658e94a04ab6462843c8f2964,469
5587614.73141334,3058189.23395087,port275,Dammam,Saudi Arabia,SAU,"Dammam, Saudi Arabia",26.47626701,50.19439715,2691703b702a4cd19e86b482ae00238c,470
16833276.453513,-4026322.83139447,port161,Port Botany,Australia,AUS,"Port Botany, Australia",-33.98153451,151.2158952,76e70f1bbaa6425a87c17a98184b7736,471
14987817.9053766,4133454.73080186,port465,Himeji,Japan,JPN,"Himeji, Japan",34.77579915,134.637859,a72362aa63f1417cb988eb892b115fd1,472
4350931.92790425,5480827.0296193,port1326,Tuapse,Russian Federation,RUS,"Tuapse, Russian Federation",44.09933265,39.08508651,555d98ea6e454e8b9d438248c972b3ef,473
11599776.0187431,117533.507186972,port1273,Tanjunguban,Indonesia,IDN,"Tanjunguban, Indonesia",1.055761709,104.2025609,b3a8a83cc0e84d44b9e92504e48382a5,474
3957029.04407786,3193601.25191326,port304,Duba (Port of Neom),Saudi Arabia,SAU,"Duba (Port of Neom), Saudi Arabia",27.55991231,35.5465967,d2285d25fa284a598afb594503f00868,475
17048088.3390629,-3174601.90870746,port174,Brisbane,Australia,AUS,"Brisbane, Australia",-27.40850097,153.1455832,5b230483f9304bb688639c21f070e3cd,476
2432327.01549948,4626933.00336128,port12,Aiyion,Greece,GRC,"Aiyion, Greece",38.33552308,21.84996534,e1f354e2297346c1a0b86fdfd557274f,477
-968209.633272006,5041070.54595258,port999,Leixoes,Portugal,PRT,"Leixoes, Portugal",41.19448451,-8.697575118,9144e76ffa7544f98c291c8d7b159b4a,478
14744909.4367604,4075551.57440562,port466,Hiroshima,Japan,JPN,"Hiroshima, Japan",34.34744658,132.4557751,4f5a36fb7cd34cb08bbf49c9c7752f32,479
15653282.3926984,4362988.94985648,port468,Hitachi,Japan,JPN,"Hitachi, Japan",36.45195306,140.6158282,4aa2939a56d54a318de275d790c8aec7,480
14646719.24501,4031825.01411893,port471,Mitajiri-Nakanoseki,Japan,JPN,"Mitajiri-Nakanoseki, Japan",34.02251033,131.5737176,de4437f608c54b8e87286804803d9c1c,481
15344766.6689883,4444047.38444439,port472,Himekawa,Japan,JPN,"Himekawa, Japan",37.03543689,137.8443843,87827d7bfd8a41d586c58f6b890d75c0,482
14657514.1743309,3826804.71941497,port480,Hososhima,Japan,JPN,"Hososhima, Japan",32.48242792,131.6706901,859b775735c243b5ab5809fe80650606,483
14807599.9430843,4036882.39974565,port490,Imabari,Japan,JPN,"Imabari, Japan",34.06015622,133.0189335,bd58bbaa3bda4ff4a50608127a9b05c0,484
15728588.9818169,5342610.60309057,port501,Ishikariwan-Shinko,Japan,JPN,"Ishikariwan-Shinko, Japan",43.20096262,141.2923188,c477173c421548b88753203e13bb861d,485
15726961.0233196,4638098.01564438,port502,Ishinomaki,Japan,JPN,"Ishinomaki, Japan",38.41415253,141.2776946,233b55df35d347a6855ff68aea29bccc,486
14720551.0289866,4056192.55324938,port508,Iwakuni,Japan,JPN,"Iwakuni, Japan",34.20374226,132.2369598,33f2f7c6855141868e79f0d0418e3bbb,487
14531921.6546505,3702143.98279645,port528,Kagoshima,Japan,JPN,"Kagoshima, Japan",31.53284272,130.5424733,b14939cc8ff64657810256f280b97f51,488
15795096.7114038,4760099.17184568,port533,Kamaishi,Japan,JPN,"Kamaishi, Japan",39.26776264,141.8897679,f752ec44f43c4a6fb8f9635a93213bd1,489
15207834.8342811,4385791.20561686,port537,Kanazawa,Japan,JPN,"Kanazawa, Japan",36.61653903,136.6143047,18df3c2a15cc460ab7dc6d21c7be6ae4,490
14582058.8401089,4004891.79526565,port538,Kanda,Japan,JPN,"Kanda, Japan",33.82174515,130.9928633,e737e5d25d6f4fb9b623f7f3e057d70f,491
14466515.6985918,3958708.60735089,port545,Karatsu,Japan,JPN,"Karatsu, Japan",33.47638831,129.9549216,04205bd36adc4af3b8016488bd73251a,492
15661530.2318825,4289146.56458749,port548,Kashima-Ibaraki,Japan,JPN,"Kashima-Ibaraki, Japan",35.91656249,140.6899198,46e987e39dcb4deca196d1d97fbab567,493
15556728.5751988,4232999.10315736,port555,Kawasaki,Japan,JPN,"Kawasaki, Japan",35.50702517,139.7484705,87b9c398e4b844c393989c6928f1cfec,494
14532598.4994184,3683236.35220827,port566,Kiire,Japan,JPN,"Kiire, Japan",31.38796044,130.5485535,752a57b10c8145689c3ed42aeddf5053,495
14790143.6665662,4036009.43148453,port567,Kikuma,Japan,JPN,"Kikuma, Japan",34.05365926,132.8621211,542e46f69c7e459194e3f2e15ffd4666,496
15245586.8247009,4146755.08554558,port575,Kinuura,Japan,JPN,"Kinuura, Japan",34.87387974,136.9534366,675b24651a0c44bb993a2661ef7124a4,497
15570046.5385147,4212778.39689926,port578,Kisarazu,Japan,JPN,"Kisarazu, Japan",35.35902147,139.8681078,85ecd33b9d534f678cc62d64e083b4bb,498
15053659.833089,4119523.33052932,port581,Kobe,Japan,JPN,"Kobe, Japan",34.67293989,135.2293271,82606f7e3e634f528cecce1287dd24ce,499
14868953.5579836,3965351.35706832,port584,Kochi,Japan,JPN,"Kochi, Japan",33.52614791,133.5700824,ac0e02204a20481bb345c4e248ece660,500
14983778.8335004,4035344.84068055,port589,Komatsushima,Japan,JPN,"Komatsushima, Japan",34.04871279,134.6015754,9ac22ff162bb44d2a6d8699bea9c6d70,501
14679512.1970178,4028547.50694982,port605,Kudamatsu,Japan,JPN,"Kudamatsu, Japan",33.99810448,131.8683017,9929d142d6654fc89508d076533a77a6,502
14757092.7539024,4059334.78142435,port610,Kure,Japan,JPN,"Kure, Japan",34.22708409,132.5652197,4d4ed79381764fcaa6aea7045dccf950,503
16069115.1037784,5310532.19541426,port611,Kushiro,Japan,JPN,"Kushiro, Japan",42.99054096,144.351317,bf88220a8bd7485f8d730275e2b07d36,504
15067618.7183732,4228609.74844316,port682,Maizuru,Japan,JPN,"Maizuru, Japan",35.47492079,135.3547219,ba51b688e9724fb9b903a41fde7cf30e,505
14890269.8935047,4067708.98150918,port714,Marugame,Japan,JPN,"Marugame, Japan",34.28925968,133.7615703,c33845cab8e143b5b46b43ca946b6e57,506
15200715.0845529,4116311.37452843,port719,Matsusaka,Japan,JPN,"Matsusaka, Japan",34.64920701,136.5503469,74cdc21545084b02abbbc4f7f5072b24,507
14771996.1961979,4004487.54207069,port720,Matsuyama,Japan,JPN,"Matsuyama, Japan",33.81872817,132.6990996,c00df6edbdd24f8499020691327b0a9e,508
15283154.1138215,4128071.6737381,port738,Mikawa,Japan,JPN,"Mikawa, Japan",34.73606977,137.2909093,aabb405fd8364c0b9c5de500938c4743,509
14867291.6693055,4029600.96420411,port749,Mishima,Japan,JPN,"Mishima, Japan",34.00594978,133.5551534,3a8e6943375a4748bb761706f7dca73a,510
14886120.1366588,4096184.22473829,port752,Mizushima,Japan,JPN,"Mizushima, Japan",34.50033451,133.7242924,dd434544df474a5b804469f755f791e0,511
15692924.6659955,5212964.6681326,port780,Muroran,Japan,JPN,"Muroran, Japan",42.34609537,140.9719408,5cf420d130a1486ebb2e2374656727df,512
14453800.8308812,3857463.30674786,port785,Nagasaki,Japan,JPN,"Nagasaki, Japan",32.71445214,129.840702,225ea224ab544c7f8531370d7aa332e8,513
15234081.0425076,4168799.68740707,port786,Nagoya,Japan,JPN,"Nagoya, Japan",35.03618543,136.8500784,2eba500a66ec4a67875e7c0e4348f343,514
15248590.6141807,4446835.5124385,port790,Nanao,Japan,JPN,"Nanao, Japan",37.0554277,136.9804201,b826db507b6d4e08b772453e415b4255,515
15391664.0899103,4466306.51748292,port793,Naoetsu,Japan,JPN,"Naoetsu, Japan",37.1948875,138.265671,9dd536f556394614836e089878c1df8b,516
15492337.1961111,4574569.61384566,port822,Niigata,Japan,JPN,"Niigata, Japan",37.96561578,139.1700329,8204588236d44ddda54f915191f62dde,517
14829818.9683562,4022849.29426865,port823,Niihama,Japan,JPN,"Niihama, Japan",33.95565623,133.2185304,c821d8f3b54a47faa6bd14af9afff06d,518
15584365.7093308,4895793.57710991,port829,Noshiro,Japan,JPN,"Noshiro, Japan",40.20511241,139.9967391,ede2844cc0514761b4bd4dfdc612ace2,519
15777216.2185702,4730724.33144727,port844,Ofunato,Japan,JPN,"Ofunato, Japan",39.06317108,141.7291447,e3228fd61ffd4648a30a2eb64df6280b,520
14659197.5921985,3929763.13258671,port846,Oita,Japan,JPN,"Oita, Japan",33.25922967,131.6858125,4820117337e64e2cb61bed01609e48ab,521
15683082.1639739,4430180.96539703,port850,Onahama,Japan,JPN,"Onahama, Japan",36.93593683,140.8835241,5e934fd29d9843bc9032ae6d5aeeacd2,522
14601604.5723372,4025440.0599228,port852,Onoda,Japan,JPN,"Onoda, Japan",33.9749585,131.1684456,142cbdcbcafa438b84fa80f6666b7420,523
14830079.1108743,4084716.79055358,port853,Onomichi-Itozaki,Japan,JPN,"Onomichi-Itozaki, Japan",34.41539534,133.2208673,658753a89bc242d59e1e21703814328e,524
15076001.5547037,4115732.71235164,port862,Osaka,Japan,JPN,"Osaka, Japan",34.6449306,135.4300262,8cbadfcaed394ad6975364df125a5743,525
15697400.243859,5342600.90597159,port866,Otaru,Japan,JPN,"Otaru, Japan",43.20089912,141.0121456,f68b92ea1ee1460880288c45d71d79e1,526
15767311.5668769,5459060.88840866,port1116,Rumoi,Japan,JPN,"Rumoi, Japan",43.95875013,141.6401697,b9c7fa07a3974d34bf48e877505d82e6,527
14680280.4350876,3929155.59166347,port1119,Saganoseki,Japan,JPN,"Saganoseki, Japan",33.25466589,131.8752029,7a712847f5e74c4d9aba68ec9f739804,528
14831387.1037591,4236515.26701912,port1127,Sakai,Japan,JPN,"Sakai, Japan",35.53273365,133.2326172,59de0f5e318c4652865541e49b35ccd8,529
15075150.5505924,4103954.56368251,port1128,Sakai-Semboku,Japan,JPN,"Sakai-Semboku, Japan",34.5578402,135.4223815,20019011276849fe9c7971c688d7d133,530
14900070.6729811,4074608.4285757,port1129,Sakaide,Japan,JPN,"Sakaide, Japan",34.34045119,133.8496122,757c5c5e8d29467e8e09b821c0b4f5ee,531
15564904.6467072,4713840.87449701,port1130,Sakata,Japan,JPN,"Sakata, Japan",38.94531105,139.8219174,c64ca5d8e055469f8301ac0d86d3fae4,532
15699115.5102328,4619725.58505409,port1180,Sendai-Shiogama,Japan,JPN,"Sendai-Shiogama, Japan",38.28471956,141.0275541,23eb399e0ef24798873886c6b3f4fb43,533
14590322.7538274,3687842.05007448,port1190,Shibushi,Japan,JPN,"Shibushi, Japan",31.42327287,131.0670993,a2a19350a6f04952a0efebc0118cf3a2,534
15418177.5873661,4166670.85331113,port1193,Shimizu,Japan,JPN,"Shimizu, Japan",35.02052569,138.5038458,53308df332344cc5a3795ae767002209,535
14837950.4452766,3947539.37046659,port1239,Susaki,Japan,JPN,"Susaki, Japan",33.39265719,133.2915767,19c67b5a25b145889c41a89a6493cf0c,536
14989325.3382611,4011456.0302077,port1247,Tachibana,Japan,JPN,"Tachibana, Japan",33.87071976,134.6514005,7ecfa02f03cd4bb585c33f28cb019b37,537
15439350.9218693,4183383.9122575,port1250,Tagonoura,Japan,JPN,"Tagonoura, Japan",35.14338652,138.6940491,16f05a318c1743f69d9871f6f959316b,538
14924395.5624562,4076679.122392,port1254,Takamatsu,Japan,JPN,"Takamatsu, Japan",34.35580893,134.0681264,902300002e5049ea9cb730718b1bc15f,539
14881021.2364386,4060067.43796644,port1256,Takuma,Japan,JPN,"Takuma, Japan",34.23252565,133.6784882,c322c5fc714d4ce3956dc69447ea22f2,540
15954655.0897748,5205857.94657456,port1303,Tokachi,Japan,JPN,"Tokachi, Japan",42.29889363,143.3231052,06db121092214c58884b4fa3be81d440,541
14670003.8538436,4034161.78181121,port1304,Tokuyama,Japan,JPN,"Tokuyama, Japan",34.03990671,131.7828868,02dc2ac78b504267853f9ac5b0013ac3,542
15561638.6107709,4246551.87581248,port1305,Tokyo,Japan,JPN,"Tokyo, Japan",35.60607114,139.7925781,27118c1e4b3d424f9046df0fc1e0fb5f,543
15776546.5539094,5256960.71994418,port1308,Tomakomai,Japan,JPN,"Tomakomai, Japan",42.63752185,141.723129,9430d942c25a45a9abc03c321732c628,544
14678582.7015335,3906244.52326251,port1324,Tsukumi,Japan,JPN,"Tsukumi, Japan",33.08238663,131.8599519,d97ccfab381c406bb2f20b295372a219,545
-492189.728613337,4398511.45992476,port686,Malaga,Spain,ESP,"Malaga, Spain",36.70820113,-4.421415559,a9a2f7149e644c0285534e7cbd80f5c0,546
-3878320.69050765,-777750.13074548,port200,Cabedelo,Brazil,BRA,"Cabedelo, Brazil",-6.969397877,-34.83954753,6a20e58219d34adfad649082bb818509,547
-6003854.88184838,5997568.74091746,port66,Argentia,Canada,CAN,"Argentia, Canada",47.33890642,-53.93354604,7f4d3b7eb2a945c190dbb967eef47737,548
-4924241.65568516,-2638914.44907086,port382,Gebig,Brazil,BRA,"Gebig, Brazil",-23.05700966,-44.23521542,22c4d6762b2f46809d7ccd263c5b2212,549
-6723696.96338861,7046682.59678588,port405,Goose Bay,Canada,CAN,"Goose Bay, Canada",53.34292072,-60.39999748,d1e3eafaed3e449ba2d3083e195a0ac1,550
-7946357.2614114,5129013.02795218,port1024,Providence,United States,USA,"Providence, United States",41.78624139,-71.38334181,a0349e0247b641c6b4996ed5be86f111,551
-13662854.0190428,5715721.51022186,port993,"Portland, OR",United States,USA,"Portland, OR, United States",45.59523874,-122.7355059,ff27216426bc41baaabbf674adefd1ea,552
-8961175.67218076,2532706.90097414,port244,Cienfuegos,Cuba,CUB,"Cienfuegos, Cuba",22.17631285,-80.4996107,564aa0137d9c457b8f1ec5aee04ca3ca,553
-3011501.93125297,4680434.51504371,port1018,Praia da Vitoria,Portugal,PRT,"Praia da Vitoria, Portugal",38.71152974,-27.05278213,28f4cb3164254509b470e9e77be94e7e,554
-4873909.77466377,-2621809.62303302,port422,Guaiba Island Terminal,Brazil,BRA,"Guaiba Island Terminal, Brazil",-22.91555492,-43.78307644,9dad64ce7fc340b5b8c79b8d6f76f94e,555
13198522.1331517,-2312243.56225668,port955,Port Hedland,Australia,AUS,"Port Hedland, Australia",-20.33066003,118.5643416,1f3c8e478b2a44f2b2a8c759e71c438c,556
612840.310893288,8240088.19206479,port547,Karsto,Norway,NOR,"Karsto, Norway",59.27511179,5.50523818,18b6179c6a9a4e7da06ace266ea0326e,557
-5416064.4018973,-3278102.90557367,port492,Imbituba,Brazil,BRA,"Imbituba, Brazil",-28.23079391,-48.65333432,8f3e2be0a54e4348a7439d85a59e9114,558
571840.43863118,8844078.72625064,port692,Maloy,Norway,NOR,"Maloy, Norway",61.93640348,5.136930061,33368d0e08084aa9b7789ea204d1ecca,559
-7585461.70755498,6317053.10866945,port93,Baie Comeau,Canada,CAN,"Baie Comeau, Canada",49.24803552,-68.14136189,eeffcb6469a84ed7b5ea46b794139e1e,560
-5417629.47712741,-3110224.34773709,port505,Itajai,Brazil,BRA,"Itajai, Brazil",-26.89391722,-48.66739363,98af1e99765340109c2b8365d9ead08e,561
-7822362.96901864,5409359.97038087,port995,"Portland, ME",United States,USA,"Portland, ME, United States",43.63649354,-70.26948213,6a802de70de048b198babd044d2e2b06,562
-4937408.24119149,-292551.471960151,port506,Itaqui,Brazil,BRA,"Itaqui, Brazil",-2.627113568,-44.35349287,9eccbda05a1f42eeb4ebf646191f8a66,563
15418386.0776404,-4138144.52857993,port929,Port Adelaide,Australia,AUS,"Port Adelaide, Australia",-34.81039638,138.5057187,e1a080afe40e4a93a2b0c2460bc13caf,564
-4649665.42798382,-2557953.69965808,port673,Macae,Brazil,BRA,"Macae, Brazil",-22.38617458,-41.7686552,438752bf99c44db5964e59cd47ec215c,565
-7345453.3832935,5655177.59396633,port211,Canaport (St. John),Canada,CAN,"Canaport (St. John), Canada",45.21338638,-65.98533043,b66ff5de09e943d08f52cb30d667cd67,566
-7076786.12440727,5569128.69418544,port443,Halifax,Canada,CAN,"Halifax, Canada",44.66623193,-63.57185138,87a34959d3b344a9a86df013d14e3f6a,567
-4299175.50583071,-1430963.48542467,port677,Madre De Deus,Brazil,BRA,"Madre De Deus, Brazil",-12.74806227,-38.62015066,2d501b82e6614f13aac60bfc6259eaf5,568
-984299.750244876,4650297.97203353,port1184,Setubal,Portugal,PRT,"Setubal, Portugal",38.49997283,-8.842115098,6f582ecb41e24a46bfdea4f3e7ea2137,569
-9253873.15117079,5203664.50035508,port1115,Detroit,United States,USA,"Detroit, United States",42.28431795,-83.12895689,4f54b859849d4edf90918fd12887f606,570
-6674749.84673891,-349066.432005765,port693,Manaus,Brazil,BRA,"Manaus, Brazil",-3.134152922,-59.96029805,c9f520e7cd5242b7b04a6ffc7ac215bf,571
890643.577977406,7997972.97635117,port600,Kristiansand,Norway,NOR,"Kristiansand, Norway",58.14563334,8.000787388,f0ad6082cdf4459fa6988abe98e8b835,572
-9212275.48422624,2632671.55022556,port704,Mariel,Cuba,CUB,"Mariel, Cuba",23.00539885,-82.75527869,850ef406def04dae8da9086e689fe626,573
-3919025.40593041,-643740.402952343,port799,Natal,Brazil,BRA,"Natal, Brazil",-5.773025379,-35.20520421,f662077a7f134aa68142287dfb322c6d,574
-5400902.76740129,-2937930.56402321,port885,Paranagua,Brazil,BRA,"Paranagua, Brazil",-25.50523872,-48.51713504,b30593952ab5414d86f56b8a64cc391d,575
-4112201.19294831,-1212309.00397343,port941,Port De Aracaju,Brazil,BRA,"Port De Aracaju, Brazil",-10.82536946,-36.94053183,67b5cc34aef54d38be1d738bea0c5a62,576
-4286390.94989247,-1454765.83890659,port944,Port De Salvador,Brazil,BRA,"Port De Salvador, Brazil",-12.95652543,-38.50530504,b41ece62d76a4fdda9717cd6c98d4baf,577
-5701715.35044095,-3499239.16445106,port997,Porto Alegre,Brazil,BRA,"Porto Alegre, Brazil",-29.96645881,-51.21938045,a23c6a9e96fd4d59bfd57de6791e5346,578
-3976667.20376618,-1082684.00041156,port1000,Porto De Maceio,Brazil,BRA,"Porto De Maceio, Brazil",-9.679541135,-35.72300929,c51cd9cc46b6452f80b6dc31b5d49ef3,579
-4282631.76415925,-413667.544917165,port1001,Fortaleza (Mucuripe),Brazil,BRA,"Fortaleza (Mucuripe), Brazil",-3.713436299,-38.4715357,09d535fefe544314b66e3ff72fb42159,580
-3893166.57060761,-937267.074947421,port1002,Porto De Suape,Brazil,BRA,"Porto De Suape, Brazil",-8.389473356,-34.97291034,a99d2acf2b544278ac9a38257c98373b,581
-4319718.58388608,-394111.967453295,port1010,Porto Pecem,Brazil,BRA,"Porto Pecem, Brazil",-3.538117253,-38.80469227,131bbbb5e6ef41179aa0dbee52af09da,582
-4459246.33457202,-2254028.39082702,port1012,Portocel,Brazil,BRA,"Portocel, Brazil",-19.8395104,-40.05809138,bb298bf8f6d942ac86f880e2d8d49d48,583
-3881544.49739505,-899096.426890449,port1094,Recife,Brazil,BRA,"Recife, Brazil",-8.050103675,-34.86850748,be6519cd75504ecc965faed4b08a1fb0,584
-4808945.2326687,-2617836.52537263,port1103,Rio De Janeiro,Brazil,BRA,"Rio De Janeiro, Brazil",-22.88267673,-43.19949003,9fad4485076a44058f1473ec8ba0c6a1,585
-5800019.96860912,-3774947.09854865,port1104,Rio Grande,Brazil,BRA,"Rio Grande, Brazil",-32.08860546,-52.10246586,4fb9f586da834130b270f2cb0246e1ab,586
-5158162.65726977,-2743305.71963216,port1160,Santos,Brazil,BRA,"Santos, Brazil",-23.91706787,-46.33656353,c1acbf26c48b43629974f2253b6f9557,587
-5412406.40224162,-3025162.68678586,port1161,Sao Francisco,Brazil,BRA,"Sao Francisco, Brazil",-26.210395,-48.62047395,2c3725fe58b24f9b91c29af03e98d936,588
-8533.52151022743,7090597.92658831,port421,Grimsby,United Kingdom,GBR,"Grimsby, United Kingdom",53.57779578,-0.076657928,1327c99691b24a70ad89cf064b5eff9c,589
-5054600.66111473,-2729359.9957442,port1162,Sao Sebastiao,Brazil,BRA,"Sao Sebastiao, Brazil",-23.8024977,-45.40625029,95794fbc5292446798c51cf8ae207753,590
-4479259.80013119,-2303717.89382898,port1328,Tubarao,Brazil,BRA,"Tubarao, Brazil",-20.25882714,-40.2378754,152c6a8807f14a8382579285b80f474d,591
-4489670.9844507,-2311710.20458325,port1368,Vitoria,Brazil,BRA,"Vitoria, Brazil",-20.32616721,-40.33140066,5b87f12af50e4a9fa22900a0ff2c4967,592
-6640010.76509166,1492513.18237389,port63,Arawak,Barbados,BRB,"Arawak, Barbados",13.28676153,-59.64823157,dcdf48cd22454e538e980db19b1c536f,593
-6637697.13864364,1471915.40357247,port171,Bridgetown,Barbados,BRB,"Bridgetown, Barbados",13.10661495,-59.62744791,83727e1884b54848ae65efeb91805236,594
4528068.69582194,9484408.38240701,port68,Arkhangelsk,Russian Federation,RUS,"Arkhangelsk, Russian Federation",64.52521694,40.67633317,18b1f9076c1f491caac5bb16ccc5f265,595
5345738.78001732,5842209.77220595,port76,Astrakhan Port,Russian Federation,RUS,"Astrakhan Port, Russian Federation",46.38467723,48.02158851,f7d1951212dd4a6cbaf99451ad8e87c2,596
2217931.30677148,7291868.85045697,port104,Baltiysk,Russian Federation,RUS,"Baltiysk, Russian Federation",54.63771376,19.92401592,5cca8ac3d06c49359cfdfe53e4b95f45,597
15618194.8231589,6290179.78642707,port187,Vanino,Russian Federation,RUS,"Vanino, Russian Federation",49.09019681,140.3006312,2938439d92104975b6387c28135e7e4a,598
15671362.1140247,6704658.68260188,port283,De Kastri,Russian Federation,RUS,"De Kastri, Russian Federation",51.46889483,140.7782411,280d8952986e421caa8e7c552b995cea,599
9593184.0294208,10877170.4837982,port308,Dudinka,Russian Federation,RUS,"Dudinka, Russian Federation",69.40312102,86.17703837,88042e9a79fd498a9210025ac4799335,600
3179662.94851548,8535439.57158391,port378,Vysotsk,Russian Federation,RUS,"Vysotsk, Russian Federation",60.60392223,28.56339825,7a4e235f144c49e6b7c74a8fb25c20f0,601
2245862.63271412,7300832.42698594,port509,Izhevskoye,Russian Federation,RUS,"Izhevskoye, Russian Federation",54.68428825,20.17492729,72e1df66fa7a43e5969760990c790049,602
2276806.13272063,7303323.6897289,port530,Kaliningrad,Russian Federation,RUS,"Kaliningrad, Russian Federation",54.6972233,20.45289748,e5e75ecd2e794ab1bbe13f093a01ad60,603
3607762.7992009,10195255.314664,port539,Kandalaksha,Russian Federation,RUS,"Kandalaksha, Russian Federation",67.1371914,32.40908464,a93e4dee84e24ccc9e9c8a1aa62c0b96,604
4081839.23932005,5674596.79912135,port554,Kavkaz,Russian Federation,RUS,"Kavkaz, Russian Federation",45.33614508,36.66778576,07a9adf750f44bce921f3c773f96d7b1,605
3814910.20867907,8902922.10436139,port590,Kondopoga,Russian Federation,RUS,"Kondopoga, Russian Federation",62.18407331,34.26992148,0a971017887440d6870c109f35599044,606
15902000.6032752,5881349.49480238,port594,Korsakov,Russian Federation,RUS,"Korsakov, Russian Federation",46.62667555,142.8501019,8fa40bb5c1434534b4d55446e45b708a,607
5284623.49012908,5313201.29146462,port684,Makhachkala,Russian Federation,RUS,"Makhachkala, Russian Federation",43.00807675,47.47258052,f0c901c35bbf46cb8a7bbde6e00e0c8f,608
3678998.15178952,10747331.4087741,port779,Murmansk,Russian Federation,RUS,"Murmansk, Russian Federation",68.98887419,33.0490027,fa8b666a78cc492eaa40464355d04379,609
14792950.8992212,5282139.06379929,port787,Nakhodka,Russian Federation,RUS,"Nakhodka, Russian Federation",42.80369017,132.8873389,7432fc7bd00d4225b1e78d146e1bcbc3,610
4208847.62492469,5578089.85119625,port833,Novorossiysk,Russian Federation,RUS,"Novorossiysk, Russian Federation",44.72345598,37.8087215,49e29e693dbb40b8862589a53ab72e12,611
4082717.42653777,5643598.48847731,port978,Taman,Russian Federation,RUS,"Taman, Russian Federation",45.14006257,36.67567465,c64ea8f91e55401f8507a04df0bee300,612
3198341.52306122,8475139.23973429,port1020,Primorsk,Russian Federation,RUS,"Primorsk, Russian Federation",60.33694122,28.73119074,bffa2ba1727a4233b0319a070d870595,613
3162104.13561444,8329423.242774,port1095,Ust-Luga,Russian Federation,RUS,"Ust-Luga, Russian Federation",59.68266556,28.40566475,ea2bf713619b47d38d9d226138065f62,614
4417087.85005161,5973925.90654547,port1112,Rostov-Na-Donu,Russian Federation,RUS,"Rostov-Na-Donu, Russian Federation",47.19478382,39.67937527,f301b67d255f4a4594d0dc61159e6aac,615
3352072.9372332,8377445.36268582,port1150,Saint Petersburg,Russian Federation,RUS,"Saint Petersburg, Russian Federation",59.89971977,30.11218353,719cb2b2bcef4567a6a16768e3227c60,616
4004838.66700117,8814729.46669227,port1186,Shala Pristan,Russian Federation,RUS,"Shala Pristan, Russian Federation",61.81211745,35.97607785,b303c22957e34a1cb63f4671323662d5,617
-8911772.55750093,3094518.33120903,port876,Palm Beach,United States,USA,"Palm Beach, United States",26.76801713,-80.05581497,aed6fc2b1d564cf1a3b89b31d3d70ba2,618
-7127722.47360325,1218197.86629718,port318,El Guamache,Venezuela,VEN,"El Guamache, Venezuela",10.87732409,-64.02942039,b51318a8a59846be9eb22fa5355b44f1,619
19064141.7915822,-5525283.50316985,port1299,Timaru,New Zealand,NZL,"Timaru, New Zealand",-44.38543068,171.2560995,042c83fcdd6c435986b616ef958d77c2,620
1139867.25830189,8341509.03337824,port302,Drammen,Norway,NOR,"Drammen, Norway",59.73742492,10.2396018,7d1069ee91334d9c9bebc46f51d98071,621
-9536220.85301202,3523594.88160702,port879,Panama City,United States,USA,"Panama City, United States",30.1558205,-85.66532945,468e0952d21e4735b67ca759460f4165,622
13240926.0649042,4592033.70640887,port453,Harbor Yeweiju,China,CHN,"Harbor Yeweiju, China",38.0891947,118.9452626,bafb0cddda6548cf92932d002d128e42,623
-7584834.73280574,1173572.80631322,port320,El Palito,Venezuela,VEN,"El Palito, Venezuela",10.48339577,-68.13572968,e1fad98de0f94f479fc6460f8e4f19ad,624
19462039.3185628,-5050306.93582888,port1388,Wellington,New Zealand,NZL,"Wellington, New Zealand",-41.25688929,174.8304738,e89002b9c4c9459796a34e8890061343,625
-9854221.55616158,3548216.79339975,port888,Pascagoula,United States,USA,"Pascagoula, United States",30.34688293,-88.52197837,a8b13dc65418497f889d9970edf1d05c,626
2012757.03081484,10820029.7473942,port347,Finnsnes,Norway,NOR,"Finnsnes, Norway",69.22178649,18.08090404,1756951d264f4b03b2cdec3753c19fba,627
12757016.4646951,2599981.02411207,port484,Huizhou,China,CHN,"Huizhou, China",22.73482063,114.5982287,d83cea5e256a430094220b840be19f5c,628
-7221067.18061465,1126530.36042457,port524,Jose Terminal,Venezuela,VEN,"Jose Terminal, Venezuela",10.06758499,-64.86795016,7050cdf1a2f84ad79d9e7c19bd33e9ab,629
19423936.3489205,-4278955.18542856,port1393,Marsden Point,New Zealand,NZL,"Marsden Point, New Zealand",-35.84238338,174.488189,280329a4cb364690a8ebc4f773a73e88,630
-8364272.59207168,4852056.34467456,port901,Philadelphia,United States,USA,"Philadelphia, United States",39.90437717,-75.1375391,097e6a9ec37c468ebcb30796c29acc5c,631
766946.875422787,8025591.78040481,port348,Flekkefjord,Norway,NOR,"Flekkefjord, Norway",58.27633255,6.889601003,d9805cc4082846f6843900ef9e8b4a6e,632
13376076.6207795,3754440.84901814,port517,Jiangyin,China,CHN,"Jiangyin, China",31.93240385,120.1593407,bf8d6898ad4941099a7dcb211e7b1428,633
-7452336.73337933,1186891.73582617,port618,La Guaira,Venezuela,VEN,"La Guaira, Venezuela",10.60102215,-66.9454799,d933b60ca9f7442d84cef69444c3f565,634
-17787104.0518488,-2416203.92813419,port81,Avatiu,Cook Islands,COK,"Avatiu, Cook Islands",-21.20386458,-159.7842743,d0bf792beb8a4e7d9b0b3b4267103679,635
562965.394155215,8765786.99038107,port349,Floro,Norway,NOR,"Floro, Norway",61.60373536,5.05720418,afeb262f116a48949e109f349feeb240,636
-13622955.6775211,4568629.39563949,port920,"Richmond, CA",United States,USA,"Richmond, CA, United States",37.92353428,-122.377093,59d665cde7ee479892dee210adcc5055,637
13471669.6842819,4979585.33615282,port521,Jinzhou,China,CHN,"Jinzhou, China",40.77754887,121.0180678,2a95a11df10a49b8bfab87ab2f1b2e1b,638
-7971464.06678219,1189521.46300011,port703,Maracaibo,Venezuela,VEN,"Maracaibo, Venezuela",10.62424131,-71.60888008,2c62694555c34e91a3a09f3fde78705a,639
-970705.296921097,4957891.74502341,port82,Aveiro,Portugal,PRT,"Aveiro, Portugal",40.62981431,-8.719994046,af6e7994c8ee44df9b448172226f771c,640
-10805949.5898641,3229657.69969303,port932,Port Aransas,United States,USA,"Port Aransas, United States",27.84668269,-97.07149676,360f0c54ba6141d592a6ac7a6206032a,641
1219775.89424406,8220776.82462567,port356,Fredrikstad,Norway,NOR,"Fredrikstad, Norway",59.18636416,10.95743329,3ed71fcce91746a0a656b257fa9c3abe,642
13286743.7646891,4178905.45347866,port632,Lanqiao Port,China,CHN,"Lanqiao Port, China",35.11048268,119.35685,770a29c2a9504a75b0b0e5672c4c99e6,643
-6980785.16180033,932527.300306725,port878,Palua,Venezuela,VEN,"Palua, Venezuela",8.347348578,-62.70946006,678a057559854c7fb44b3e9e95cf3344,644
-984796.722530545,4887367.28890674,port345,Figueira Da Foz,Portugal,PRT,"Figueira Da Foz, Portugal",40.14727686,-8.846579476,c51729b52abe4b2487e91fbded21dc51,645
-10456356.453076,3488352.91352046,port933,Port Arthur,United States,USA,"Port Arthur, United States",29.88170301,-93.93104818,364cdadd07584173b901c879366bc9e7,646
1551442.71798293,10102151.1469919,port400,Glomfjord,Norway,NOR,"Glomfjord, Norway",66.81004693,13.93684706,bfc43078ff954703bf3dd743e97c9757,647
13295550.9509186,4128784.27294141,port644,Lianyungang,China,CHN,"Lianyungang, China",34.74133017,119.4359663,0b431fb33ba34b7293c30d1bea7852e9,648
-7569221.44285293,1172342.41920103,port1029,Puerto Cabello,Venezuela,VEN,"Puerto Cabello, Venezuela",10.47252732,-67.99547311,4d8044efda05419893ba457e22353eed,649
-8919406.919424,3009122.912424,port951,Port Everglades,United States,USA,"Port Everglades, United States",26.0810509,-80.12439561,21d1266016814be0957080913f7cc6fb,650
-1862621.06810305,3861051.91517559,port367,Canical,Portugal,PRT,"Canical, Portugal",32.74157142,-16.73220974,82f50f0df6de4db4a5b1ee93c577d82f,651
1266314.37214715,8205284.56369725,port441,Halden,Norway,NOR,"Halden, Norway",59.11500065,11.37549555,80aa4a84dae74a9285ac371705053070,652
13389751.3074036,4531472.59324904,port661,Longkou Gang,China,CHN,"Longkou Gang, China",37.6597629,120.2821825,9f2db710a43347c48b06677a2b9cbfa8,653
-7192892.45015261,1144990.29510201,port1049,Puerto La Cruz,Venezuela,VEN,"Puerto La Cruz, Venezuela",10.2308185,-64.61485225,64f42f9ce09d40e683bd850fc42f2e35,654
-13270334.7262807,4049775.35986044,port956,Port Hueneme,United States,USA,"Port Hueneme, United States",34.15605249,-119.2094451,01631397d38b4483bead2cd92869b65f,655
-3186135.67040143,4655000.01272499,port478,Horta,Portugal,PRT,"Horta, Portugal",38.53302196,-28.6215437,ccdaa310d13341adbdd515bf7fe9121f,656
-7963490.7258777,1205398.08816823,port1051,Puerto Miranda,Venezuela,VEN,"Puerto Miranda, Venezuela",10.76438625,-71.53725434,41346d3c5d9d4ae3baee6e5538cbda66,657
2630376.79951754,11287669.9489949,port449,Hammerfest,Norway,NOR,"Hammerfest, Norway",70.66196977,23.62907682,fd09bfca1fff4b9f9f3a0cedc947573e,658
13653936.9938718,4496021.68940218,port662,Longyan Port,China,CHN,"Longyan Port, China",37.40722471,122.6554029,4df4e336f2bb4b2f98acc13c8ff2e7ab,659
-10747265.9239709,3334418.24459347,port963,Port Lavaca,United States,USA,"Port Lavaca, United States",28.6755734,-96.54433242,9e9a3f03f3444912b05103eef9c1edcf,660
-1015297.26035325,4675636.6274877,port653,Lisbon,Portugal,PRT,"Lisbon, Portugal",38.67789058,-9.120570469,bc75034e8e4a49eb820fc259b56ef65f,661
-7817364.13611511,1303643.25173069,port1063,Punta Cardon,Venezuela,VEN,"Punta Cardon, Venezuela",11.63012884,-70.22457685,766847d9078d42849e1a80ae3df1d343,662
786203.832980795,9066532.17248445,port456,Haroysundet,Norway,NOR,"Haroysundet, Norway",62.86216178,7.062589196,7c80745eef3a46708766a693d4aa4355,663
13451562.7125768,3761510.50738081,port792,Nantong,China,CHN,"Nantong, China",31.9862854,120.8374438,6ee1ef64117645e7bc76687714492567,664
13567824.4548028,3493369.49348373,port824,Ningbo,China,CHN,"Ningbo, China",29.92076897,121.8818408,4aa6636d67c745ffa65acd3f53c736ad,665
-7973563.42658753,-3899717.3549279,port89,Bahia De Valparaiso,Chile,CHL,"Bahia De Valparaiso, Chile",-33.03324381,-71.62773895,133329f643714c78be2520d518ace02f,666
-7957557.0296641,-3864412.90991059,port90,Bahia Quintero (Ventanas),Chile,CHL,"Bahia Quintero (Ventanas), Chile",-32.76696313,-71.48395104,1ffe4d43089b4ecdbdc2c68bd78db53f,667
-8139903.66107041,-4403327.49859881,port92,San Vicente,Chile,CHL,"San Vicente, Chile",-36.74287699,-73.1219987,4e3d2eb0caf24102904f1ec60906ddea,668
-7814064.32139259,-2366443.94857252,port208,Caleta Patillos,Chile,CHL,"Caleta Patillos, Chile",-20.78654051,-70.19493411,227b1b4fe42d41cdbe6f76427a1570eb,669
-8144378.72463781,-4442657.45592965,port263,Coronel,Chile,CHL,"Coronel, Chile",-37.02546917,-73.16219888,197addb5d5184b1d90d2a1e3f099e62f,670
-7810006.8072164,-2297451.29429605,port499,Iquique,Chile,CHL,"Iquique, Chile",-20.20600679,-70.15848484,ba773d83f5a5464dbbc6d89951723831,671
-8124333.48515639,-4399857.82890508,port652,Lirquen,Chile,CHL,"Lirquen, Chile",-36.71789667,-72.98212943,58eaab270b1d43f5b3ae391419f40f16,672
-7836442.85636286,-2641917.30202911,port728,Mejillones,Chile,CHL,"Mejillones, Chile",-23.08182757,-70.39596391,ae534d0fc0d64aa895f67d053d16ef50,673
-7884473.81137694,-3129909.28566841,port1031,Puerto Caldera,Chile,CHL,"Puerto Caldera, Chile",-27.05151454,-70.82743332,5d1a163271e545f396a017c030d55dd7,674
-7863883.60398875,-3043198.70930854,port1034,Puerto Chanaral,Chile,CHL,"Puerto Chanaral, Chile",-26.35566524,-70.64246834,6d80a1453c9f46839da1c262f5b19822,675
-8123517.33517769,-5085347.78886498,port1053,Puerto Montt,Chile,CHL,"Puerto Montt, Chile",-41.49309766,-72.97479783,d24c31e80c254c1aa0ebb9860f96d558,676
-7972574.47870286,-3974314.69979616,port1058,Puerto San Antonio,Chile,CHL,"Puerto San Antonio, Chile",-33.59324528,-71.61885508,518f6eb5903c41f1bb1b77de562effd9,677
-7828304.43087992,-2093028.23980823,port1082,Rada De Arica,Chile,CHL,"Rada De Arica, Chile",-18.47334815,-70.32285519,8be9f07b226847ff89baee0c9d59d824,678
-7815968.4423958,-2522893.21485673,port1302,Tocopilla,Chile,CHL,"Tocopilla, Chile",-22.09465265,-70.21203912,74a528c912cb4484994f3d4fe7ebb301,679
-7888973.14704611,-7007142.11948516,port1432,Punta Arenas,Chile,CHL,"Punta Arenas, Chile",-53.13033106,-70.86785154,5c1350d3a166438c8b1b1cc188924c2d,680
480655.55460654,6670857.9357117,port57,Antwerp,Belgium,BEL,"Antwerp, Belgium",51.27935494,4.317802311,1a0d6c1d19984931af093eaf41afc684,681
357714.150121535,6664753.624039,port178,Bruges,Belgium,BEL,"Bruges, Belgium",51.24504093,3.213400884,e18c21148b47426fa302bda0dd6f29bb,682
419334.032671185,6644372.91972836,port393,Ghent,Belgium,BEL,"Ghent, Belgium",51.1302898,3.766941707,57074065cff34871b45204ffe06d8ae8,683
16793670.8711201,-2702896.66814648,port930,Port Alma,Australia,AUS,"Port Alma, Australia",-23.58481222,150.8601122,cd321d61800644fdbaa9130ece5da902,684
-7880091.93669487,5326142.79613173,port996,Portmouth,United States,USA,"Portmouth, United States",43.09303064,-70.78807027,4d9342fea9b94f53aba075af2ee0a417,685
-13660452.8019667,6249874.08081997,port236,Cherry Point,United States,USA,"Cherry Point, United States",48.85252005,-122.7139354,5f9a01452ebb46d7aadbd5989506da3e,686
-982997.453800987,4573326.21375703,port1200,Sines,Portugal,PRT,"Sines, Portugal",37.95680932,-8.83041637,8abf6ec7e6a74b53aeda805898ea6eca,687
329874.314885388,6660054.69849561,port855,Oostende,Belgium,BEL,"Oostende, Belgium",51.21860953,2.963311389,6a567a4e077a448dbdf4eca46de15bda,688
11278011.9954544,1420789.24751739,port1093,Rayong,Thailand,THA,"Rayong, Thailand",12.65890283,101.3121055,9accd3ce0f6b4c2fbe7f3d8e6d81539f,689
357583.29127712,6679210.89983804,port1424,Zeebrugge,Belgium,BEL,"Zeebrugge, Belgium",51.32626774,3.212225359,bc04051fcbb1414b97b81117d1d0a6ad,690
863415.371764735,9126878.18761344,port601,Kristiansund,Norway,NOR,"Kristiansund, Norway",63.10839135,7.75619225,eccc1a0107c34934a8722685976a7ee3,691
-13595663.3443799,4586779.52018945,port144,Benicia,United States,USA,"Benicia, United States",38.0520371,-122.1319218,d832b72eefff4ec0a9886f79343eb50f,692
-19120261.5425106,-1554269.46593887,port60,Apia,Samoa,WSM,"Apia, Samoa",-13.82606943,-171.7602318,e014914db9be40798a1f1afa48cd88c9,693
1362816.98936018,5692728.05267098,port1005,Porto Di Lido-Venezia,Italy,ITA,"Porto Di Lido-Venezia, Italy",45.45052227,12.24239331,f81f1a18779f432392c4feba6dbac60f,694
15336414.3119343,-3893829.83945325,port937,Port Bonython,Australia,AUS,"Port Bonython, Australia",-32.98889339,137.7693538,86a8851b012945078cfbd907962b640c,695
16105187.8842074,1512367.76684267,port61,Apra Harbor,Guam,GUM,"Apra Harbor, Guam",13.4602817,144.6753643,353920d6e7c94f8c841c1a8593cc8809,696
2626974.24024461,4582846.91488305,port75,Aspropyrgos,Greece,GRC,"Aspropyrgos, Greece",38.02421337,23.59851111,b7bdac1423a04c518e5154d9034bca52,697
16796384.0833331,-4091020.74480099,port959,Port Kembla,Australia,AUS,"Port Kembla, Australia",-34.46209936,150.8844854,9f7ab17ef5054a4997bc8291f76e2e9f,698
-9728690.79542146,5870732.7123586,port1019,Presque Isle,United States,USA,"Presque Isle, United States",46.56113916,-87.39431636,661efe71bc714ecc90c3dd42d9638d64,699
-4284463.51302191,-1435002.72434123,port62,Aratu,Brazil,BRA,"Aratu, Brazil",-12.78345046,-38.48799058,c178da6b5ae4499b9230eff34054e369,700
2619726.96624728,4585387.99584178,port322,Eleusis,Greece,GRC,"Eleusis, Greece",38.04219308,23.53340774,e0754d05d6bc4f4cabcd48df5dc82eaf,701
-968149.198143094,5220975.77570119,port705,Marin,Spain,ESP,"Marin, Spain",42.39926144,-8.69703222,ccfc52e1f0a44e48bc3c73ab25f10957,702
-8863007.92800569,5388032.96491173,port248,Clarkson,Canada,CAN,"Clarkson, Canada",43.4976782,-79.61775485,9cbf7a8207a04086880acef2da1534cb,703
2799348.48093425,4210760.51410699,port500,Heraklion,Greece,GRC,"Heraklion, Greece",35.34423683,25.14697526,7edab7aaff7842988e35f210ccfe1323,704
11232135.6859576,1469871.70545226,port1197,Laem Chabang,Thailand,THA,"Laem Chabang, Thailand",13.0887337,100.8999916,87caad5c7a9e4913917ec957cf8f64ff,705
-5416790.68142469,-167075.174485634,port140,Belem,Brazil,BRA,"Belem, Brazil",-1.500690215,-48.6598586,ab301aa92b0d45729b3a35195b892113,706
-9165347.42372762,2647465.42902131,port86,La Habana,Cuba,CUB,"La Habana, Cuba",23.12766955,-82.33371675,7d98184571214966a6d9bb128de73d64,707
-4566317.08211504,-2493604.14444123,port166,Porto do Acu,Brazil,BRA,"Porto do Acu, Brazil",-21.85065621,-41.01992427,34ffd09ec6814cdc8e06dea0e3f9fa25,708
10988053.7184389,422046.301975998,port139,Belawan,Indonesia,IDN,"Belawan, Indonesia",3.78854271,98.70736598,9c9acb3a51d444ab9680459439b9189d,709
2727317.59362343,5005582.4188273,port552,Kavala,Greece,GRC,"Kavala, Greece",40.95415861,24.49991079,54c2b53a2598456d9351230e9b21da3f,710
-9077277.04198237,2639627.9922593,port718,Matanzas,Cuba,CUB,"Matanzas, Cuba",23.06290735,-81.54256705,14eba3623d1d4dd8be8e432913de406e,711
16348064.2816783,-5031442.86287276,port940,Bell Bay,Australia,AUS,"Bell Bay, Australia",-41.12937261,146.8571601,c0c7c92138e34b8bb017844eddeb0baa,712
12841088.4507062,-964476.501356233,port145,Benoa,Indonesia,IDN,"Benoa, Indonesia",-8.631208267,115.3534602,138be4e62ad34a19924742fe8af0c1c2,713
-324327.002724398,7176724.12757203,port462,Heysham,United Kingdom,GBR,"Heysham, United Kingdom",54.0346648,-2.913479036,f7ee6e3fa65c4124ba4c6be14573ef90,714
2155036.74736812,10824020.6607409,port708,Markenes,Norway,NOR,"Markenes, Norway",69.23450096,19.35902448,3817bd62a1294f6885e93cd017d12930,715
-7907710.44373643,5217646.9807469,port159,Boston,United States,USA,"Boston, United States",42.37717521,-71.03617154,583d158755a04ef0933fa070f66e6d42,716
1735122.69862773,10260193.4985191,port630,Lakselv,Norway,NOR,"Lakselv, Norway",67.36277744,15.5868724,f820438356434d59970cad8425ad2171,717
-8884456.67917425,5353450.1539622,port447,Hamilton,Canada,CAN,"Hamilton, Canada",43.27190232,-79.81043226,3d9d11d85dd64091ae26563effabe6ae,718
1372257.44211649,5673802.59518995,port1006,Malamocco,Italy,ITA,"Malamocco, Italy",45.33112972,12.32719834,53267ad7d44949478990526b64e87df3,719
2568590.16293103,4568300.24257917,port845,Agioi Oil Terminal,Greece,GRC,"Agioi Oil Terminal, Greece",37.9212018,23.07403802,9249c5b22fd64cdb90f5187b67878860,720
13934625.2605166,160355.28820859,port151,Bitung,Indonesia,IDN,"Bitung, Indonesia",1.440344333,125.1768685,0ee4aff14808428aa00f682c7456acb8,721
-6011306.26235846,6071780.52308151,port256,Whiffen Head,Canada,CAN,"Whiffen Head, Canada",47.78874083,-54.00048293,37c594a347304d8c904176d3e45bd239,722
-392062.358646388,4400334.65213119,port772,Motril,Spain,ESP,"Motril, Spain",36.7213301,-3.521956091,dcb8b8226d6a4e278ec5e0f1cd22a5ba,723
-14509133.052072,7220825.4931978,port1021,Prince Rupert,Canada,CAN,"Prince Rupert, Canada",54.26668285,-130.3377598,327290ae1f034420bef5b38939d919be,724
10805306.3914123,583116.180760213,port152,Blanglancang,Indonesia,IDN,"Blanglancang, Indonesia",5.230939806,97.06571881,17a4f9d064cc4401bdf3614dee77cabc,725
11195542.9321872,806831.596432361,port1211,Songkhla,Thailand,THA,"Songkhla, Thailand",7.228638224,100.5712733,f100ef03aa6b48ed8c217899413d0587,726
-13040764.1137734,3853618.32070913,port1140,San Diego,United States,USA,"San Diego, United States",32.68538625,-117.1471772,f0de28f0e19243c28bc2cd52315f37b3,727
2678787.03673467,4632554.7036767,port859,Ormos Aliveriou,Greece,GRC,"Ormos Aliveriou, Greece",38.37512451,24.06395338,a8df8b406fd64f7b80b41e6902a08dd3,728
-8338823.59726536,2350487.41526894,port223,Moa,Cuba,CUB,"Moa, Cuba",20.65247128,-74.90892689,75b49f922b7c4918802358bcfef5031d,729
13079212.7749624,10785.3673299833,port156,Bontang LNG Terminal,Indonesia,IDN,"Bontang LNG Terminal, Indonesia",0.096886557,117.4925674,803618f6d0984b6dbd0e247ca14b1d16,730
-25188.9363345057,7102623.27175538,port493,Immingham,United Kingdom,GBR,"Immingham, United Kingdom",53.64188521,-0.226276065,ea50a981fd9642a3a7d863c0cc7dff8a,731
2418722.92658321,4613511.48788408,port889,Patras,Greece,GRC,"Patras, Greece",38.24088918,21.72775773,8e38226758f94037b61e578e8b977260,732
12138147.5109681,-860887.358227519,port245,Cilacap,Indonesia,IDN,"Cilacap, Indonesia",-7.710107441,109.0388343,3c45d0ccffdd4b9b937a2f1713dd0b58,733
952911.921162533,4846220.79683577,port1007,Oristano,Italy,ITA,"Oristano, Italy",39.8641519,8.560153432,bb6d9acf83954a27891f1661b3002356,734
16183855.7208225,-4990511.42863957,port962,Port Latta,Australia,AUS,"Port Latta, Australia",-40.85183205,145.3820495,af287ee202a6427bb5f2fd6888cdbc23,735
2627557.07124978,4572710.19967519,port908,Piraeus,Greece,GRC,"Piraeus, Greece",37.95244597,23.60374677,a90bda3dce1a457385de807d7dfa5373,736
12088351.6422005,-751571.291770209,port246,Cirebon,Indonesia,IDN,"Cirebon, Indonesia",-6.73590951,108.5915104,79b25a6d17134cbe88d625e735977993,737
-8145208.26523806,5037308.22927489,port170,Bridgeport,United States,USA,"Bridgeport, United States",41.16904771,-73.16965077,5a8451ea153f4f35add7f5691b2b163b,738
13339291.5848526,-82937.6581584201,port297,Donggala,Indonesia,IDN,"Donggala, Indonesia",-0.745020664,119.8288951,587a5a5b1d144677a28f8be661908d16,739
-339074.8516525,5364067.86034846,port1038,Bilbao,Spain,ESP,"Bilbao, Spain",43.34131008,-3.045961217,8ef21b0fc1f545568f60c4af1b72f571,740
11289891.7888729,191207.44748863,port309,Dumai,Indonesia,IDN,"Dumai, Indonesia",1.717388504,101.4188235,7d5b72e3984a4d18a204ec2664594d84,741
-8597154.83252588,2458030.85996805,port835,Nuevitas Bay,Cuba,CUB,"Nuevitas Bay, Cuba",21.55374735,-77.22955586,f84b220774944e21ad18603ce2cb8391,742
11061430.284735,1025847.07248175,port1288,Thathong,Thailand,THA,"Thathong, Thailand",9.17586433,99.36651889,22dac2e190c84583b4abce8f794a505b,743
13542447.4068966,-989175.823299149,port325,Ende,Indonesia,IDN,"Ende, Indonesia",-8.850508971,121.6538749,53ce7e2250f74f6cbbf96b148edf3960,744
-13788669.2444965,6298826.95639747,port455,Harmac,Canada,CAN,"Harmac, Canada",49.14104031,-123.8657233,b112705d86634b699f1dd69563f891bd,745
129331.931064575,6806822.15388547,port498,Ipswich,United Kingdom,GBR,"Ipswich, United Kingdom",52.03702132,1.161808504,bd55af2b447d4b8d8b14038d91dfb7b5,746
13699521.3234762,56219.6152548164,port407,Gorontalo,Indonesia,IDN,"Gorontalo, Indonesia",0.505022857,123.0648939,1a03fb7c72014bd997ce77a26bed78ea,747
1573889.200144,9961833.84682551,port753,Mo i Rana,Norway,NOR,"Mo i Rana, Norway",66.3086432,14.13848724,db1f83a0a4054647a42627ac7e24c07e,748
1488093.80139873,4597836.54060824,port1008,Palermo,Italy,ITA,"Palermo, Italy",38.1302104,13.36777406,4e4890d9550f421fb8caa5139927c849,749
12539498.8809978,-796938.884411996,port420,Gresik,Indonesia,IDN,"Gresik, Indonesia",-7.140468238,112.644235,46e4c403c81249ac9b6284443f6786ff,750
-13624067.5811229,4544899.89222597,port1141,San Francisco,United States,USA,"San Francisco, United States",37.75519022,-122.3870814,a617e96a4d644b8d99d017b7f3ba8e01,751
-10840466.3920917,2993952.15573299,port177,Brownsville,United States,USA,"Brownsville, United States",25.95858285,-97.38156647,e0dd386c93584280a810c1117f78b5c1,752
-212367.126745466,4434846.5517819,port1039,Carboneras,Spain,ESP,"Carboneras, Spain",36.9694298,-1.907726358,c8706955b85241ad9840f64c59bcc684,753
-202363.247974987,4464549.05335409,port1041,Garrucha,Spain,ESP,"Garrucha, Spain",37.18231033,-1.817859986,8f0d5c3e2dc04af7a1f225c4a1fc25c6,754
-1845026.12534808,1510554.01551096,port113,Banjul,The Gambia,GMB,"Banjul, The Gambia",13.44443552,-16.57415168,9ac32f24caa64e9ead4cb7bac3f31f1f,755
-471127.922102336,7861003.97401556,port507,Inverness,United Kingdom,GBR,"Inverness, United Kingdom",57.49032353,-4.232214132,9a3c453593174feca8784569bef7f103,756
930620.83800499,4987836.51433212,port1011,Porto Torres,Italy,ITA,"Porto Torres, Italy",40.83365381,8.359909225,a8cf2edfe5074c42bd2f5252a1a415ea,757
-9074729.14032639,3649884.52225007,port180,Brunswick,United States,USA,"Brunswick, United States",31.13185217,-81.51967886,602a7f7737b94a37b5e0fdea0a2884ae,758
1099067.09153647,4475400.29391957,port115,Bizerte,Tunisia,TUN,"Bizerte, Tunisia",37.25993301,9.873087666,8aac4e80253a48ccad8525f782665408,759
-212416.260942313,5360637.43407189,port1044,Pasajes,Spain,ESP,"Pasajes, Spain",43.31889411,-1.908167738,d32ed0bd9fb1454498119a26a76f0ae5,760
43685.2598344288,6939590.82466544,port571,King's Lynn,United Kingdom,GBR,"King's Lynn, United Kingdom",52.76469449,0.392431366,09344d3fbb524ba8b62a6f87e861a114,761
-9730449.47417037,5107371.14451565,port185,Buffington,United States,USA,"Buffington, United States",41.64111669,-87.41011484,411002e970be4ebf89572be84396ebcd,762
1123095.62670846,4017906.21277034,port371,Gabes,Tunisia,TUN,"Gabes, Tunisia",33.91881609,10.08893967,9cab9ad679cc48ed8618e6f391fd472f,763
-1542466.8671402,3311527.92094152,port1046,Puerto Del Rosario,Spain,ESP,"Puerto Del Rosario, Spain",28.49501101,-13.85621562,d754942da5534e51aad5a34efe92bc97,764
-29364.3866093793,7121174.87806686,port573,Hull,United Kingdom,GBR,"Hull, United Kingdom",53.74056585,-0.263784773,808ae2796ca8445fb304aa40703439ab,765
-9700521.83019584,5106097.30914369,port195,Burns Harbor,United States,USA,"Burns Harbor, United States",41.63256448,-87.14127024,38441ac747d54853bc6e9deea03f0819,766
15125001.4557163,-4126165.77912943,port964,Port Lincoln,Australia,AUS,"Port Lincoln, Australia",-34.72199883,135.8701998,199590147a3643e382008081f6fe8edc,767
13599806.7671467,-314233.532518508,port496,Indonesia Morowali Industrial Park,Indonesia,IDN,"Indonesia Morowali Industrial Park, Indonesia",-2.821666592,122.1691428,9e8a06826ff94da6b6a8369512a2255e,768
-8444294.66591456,2274669.43289354,port1156,Santiago De Cuba,Cuba,CUB,"Santiago De Cuba, Cuba",20.01383068,-75.85638962,b5cd558842954b52a546be71e95ebe5a,769
1199120.48369053,4126919.737461,port733,Sfax,Tunisia,TUN,"Sfax, Tunisia",34.72756548,10.77188258,57952bf2635f4934ab52277249cde75b,770
-7887587.0524065,6167769.87847864,port615,La Baie (Port Alfred),Canada,CAN,"La Baie (Port Alfred), Canada",48.3648556,-70.85540004,689c26d3dc7a469ca36ef208f512647e,771
11900664.4426386,-680396.329338524,port514,Tanjung Priok,Indonesia,IDN,"Tanjung Priok, Indonesia",-6.100544627,106.9054876,8f01b804b0024036b38c1160b6a0a443,772
-353352.815666628,7555015.76877849,port639,Leith,United Kingdom,GBR,"Leith, United Kingdom",55.98291752,-3.17422235,8f2c8487ab22449fbf5507e21eb4b2e5,773
561522.427166992,8585005.42235808,port760,Mongstad,Norway,NOR,"Mongstad, Norway",60.82173558,5.044241787,cfe12437ca734bb898db343be8a7db0f,774
-9734713.51605824,5111274.48074585,port495,Indiana Harbor,United States,USA,"Indiana Harbor, United States",41.66731564,-87.44841938,efda54b9aa384e389da475d8d341da28,775
-24854.5257936737,4814460.47694142,port1120,Sagunto,Spain,ESP,"Sagunto, Spain",39.64480991,-0.223272004,04e0dc9a12884daaaa1460ee114ca7c0,776
-9209442.97759413,5080179.78719413,port1149,Sandusky,United States,USA,"Sandusky, United States",41.45831439,-82.72983385,2628d573d47c434f930e1b482a065b33,777
15664785.9485019,-282341.796818893,port516,Jayapura,Indonesia,IDN,"Jayapura, Indonesia",-2.535491567,140.7191664,39cc3cf75cd64ecfbb59b38bf0d1d512,778
-9746970.7048144,5113567.53075963,port209,Calumet Harbor,United States,USA,"Calumet Harbor, United States",41.68270148,-87.55852758,c0ce9ccbfc914446bf3e8decb3b16e81,779
15363146.8416202,-3917496.54489852,port974,Port Pirie,Australia,AUS,"Port Pirie, Australia",-33.16703826,138.0094962,17a283e631d54a188bbf114df64bb63e,780
14585796.7037069,-146281.274518295,port549,Kasim Terminal,Indonesia,IDN,"Kasim Terminal, Indonesia",-1.313951861,131.0264411,da0bc5fb625644a2960403dbbcf56563,781
1129289.64689086,4074189.29572925,port1206,Skhira,Tunisia,TUN,"Skhira, Tunisia",34.33734226,10.1445815,9a1178d818f94ec280afb81ab2845faa,782
-8885561.37817865,1049969.64147467,port87,Bahia De Las Minas,Panama,PAN,"Bahia De Las Minas, Panama",9.389723107,-79.82035594,13bb3dfa1c0b4d4dae2e6cf91901b6e7,783
13648270.9987697,-443278.146194615,port558,Kendari,Indonesia,IDN,"Kendari, Indonesia",-3.978833534,122.6045044,4c2a7c6777384775a34f6e7653548b17,784
12938599.0480972,-361440.810148373,port595,Kota Baru,Indonesia,IDN,"Kota Baru, Indonesia",-3.245141628,116.2294128,ff27cef11bc842b6ad97ee9a942431a2,785
13751097.3133531,-1141119.46605223,port609,Kupang,Indonesia,IDN,"Kupang, Indonesia",-10.19659728,123.5282089,5707f6f8e0504f8aab7b2ad954a92e4d,786
14819825.4837093,-271676.783798517,port614,LNG Tangguh,Indonesia,IDN,"LNG Tangguh, Indonesia",-2.439776422,133.1287574,4e5e76907d724d9fb5b0bd58f1ae3e0d,787
10602549.2823884,607833.278482106,port625,Lafarge,Indonesia,IDN,"Lafarge, Indonesia",5.452012951,95.24432071,d750b51a48db4236b820d266b3ce4744,788
13090441.9838808,366054.353326829,port651,Lingkas,Indonesia,IDN,"Lingkas, Indonesia",3.286518484,117.5934411,60c982ca194046dcaa73fd352e3fa116,789
14922733.28416,-101899.299541035,port696,Manokwari Road,Indonesia,IDN,"Manokwari Road, Indonesia",-0.915338044,134.0531939,09f09a733ac84038bee9f9c192af8173,790
13607830.0192581,-963755.598382294,port722,Maumere,Indonesia,IDN,"Maumere, Indonesia",-8.624805573,122.2412169,bf4bc1cd3f7347598c6980188c5ca31a,791
11810554.9327249,-662040.677312825,port731,Merak Mas Terminal,Indonesia,IDN,"Merak Mas Terminal, Indonesia",-5.93656194,106.0960201,644136309bd9472a849d4555d2762b3b,792
15628413.2177051,-947084.217487712,port732,Merauke,Indonesia,IDN,"Merauke, Indonesia",-8.476708723,140.3924246,6ea2911cd96d49e789e69f24e6ad623e,793
13302688.1110152,-536743.131068033,port869,PLTU Semen Tonasa,Indonesia,IDN,"PLTU Semen Tonasa, Indonesia",-4.815964628,119.5000805,04297f34d9304c00876745ea887c2653,794
11669085.5931215,-332568.353133109,port875,Palembang,Indonesia,IDN,"Palembang, Indonesia",-2.986159534,104.8251794,6bb3ea47f35041c7b2eb280422b1320d,795
11725301.0788121,-612418.345496495,port881,Panjang,Indonesia,IDN,"Panjang, Indonesia",-5.493013574,105.3301717,4f7c72990d2e4b1b8141e951dc92f941,796
13316706.0401572,-445974.556712248,port886,Parepare,Indonesia,IDN,"Parepare, Indonesia",-4.002997065,119.6260057,2b0ad810d54140ee9418eabf6788d83d,797
12734677.2589009,-909317.697465734,port893,Pelabuhan Tanjung Wangi,Indonesia,IDN,"Pelabuhan Tanjung Wangi, Indonesia",-8.141007884,114.3975522,2f207f0d6e64499d8a795b05ad6c3b12,798
11827299.7663773,-775953.406438893,port894,PelabuhanRatuCoalPowerPlant,Indonesia,IDN,"PelabuhanRatuCoalPowerPlant, Indonesia",-6.953376613,106.2464415,7739f3c621514d87be5b42d858ab4bff,799
13535268.4129353,-460040.224300114,port923,Pomalaa,Indonesia,IDN,"Pomalaa, Indonesia",-4.12903305,121.5893849,23b82a164c744920bebd7396756fd24c,800
12166588.4942751,704.117710638361,port925,Pontianak,Indonesia,IDN,"Pontianak, Indonesia",0.006325197,109.294324,59ca14831a0f461e878605397891efc3,801
12625379.3523244,-861674.340183443,port1022,Probolinggo,Indonesia,IDN,"Probolinggo, Indonesia",-7.71711305,113.4157124,31514bbf097341dfa845458e6241d403,802
11386861.3846706,-435890.254650051,port1061,Pulau Baai,Indonesia,IDN,"Pulau Baai, Indonesia",-3.912624289,102.2899162,56a1c2d14c7a46eaba47aa1aeb851d6e,803
13045778.8787224,-61369.3225430353,port1137,Samarinda,Indonesia,IDN,"Samarinda, Indonesia",-0.551281498,117.1922256,628a3605b91a4f9cacb801132f80aa91,804
12576300.024855,-279181.228015978,port1138,Sampit,Indonesia,IDN,"Sampit, Indonesia",-2.50712718,112.9748253,0256e8f8c94947979f0bcf3bedd1a6bb,805
11572278.601704,125889.426034516,port1178,Batu Ampar (Sekupang),Indonesia,IDN,"Batu Ampar (Sekupang), Indonesia",1.130810535,103.9555474,f08f86d163ca4196ae6234882f0960c1,806
12292357.767043,-775533.028317185,port1179,Semarang (Tanjung Emas),Indonesia,IDN,"Semarang (Tanjung Emas), Indonesia",-6.949628052,110.4241286,9a3a3fc7653c458a8a2bf533917ea67e,807
12092564.2500308,2164203.30252734,port123,Basuo,China,CHN,"Basuo, China",19.07869612,108.6293529,d5fd64f0c9014b7aade374c48cfda6ab,808
16227398.3396463,-1913983.27202322,port204,Cairns,Australia,AUS,"Cairns, Australia",-16.94121568,145.7731995,4def38d78dc24b3b8baff5753d32e89a,809
13588418.7053149,4904545.37992512,port133,Bayuquan,China,CHN,"Bayuquan, China",40.26513,122.0668421,e700ebb12f174865ad44005db701c64b,810
10633903.6982577,623978.758420484,port1337,Uleelheue,Indonesia,IDN,"Uleelheue, Indonesia",5.59637662,95.52598222,a2f333c1de3c4fe493b0c9c8d7c91a95,811
4260623.43774033,5897726.01700257,port1413,Yeysk,Russian Federation,RUS,"Yeysk, Russian Federation",46.72761087,38.27383154,6733da0946af423e96c73c6a010da3b6,812
12141299.8451765,2448315.32832011,port136,Beihai,China,CHN,"Beihai, China",21.47255148,109.0671522,96433095d0b74326986922eef6ad55d9,813
12995712.9933979,-2347420.21331653,port276,Dampier,Australia,AUS,"Dampier, Australia",-20.6266866,116.7424761,76ef2807f39d4a88b126177ec92a4ae5,814
4401850.35466221,2350500.70123097,port519,Shoaiba,Saudi Arabia,SAU,"Shoaiba, Saudi Arabia",20.65258296,39.54249452,291ad997cd284a2f8c921fa5e1a2d7c3,815
13386112.4513608,-1078116.59929677,port1377,Waingapu,Indonesia,IDN,"Waingapu, Indonesia",-9.639093157,120.2494941,788a9d1e443f4ee9854287d7d0cd995b,816
-9081781.75438294,3552918.61675569,port513,Jacksonville,United States,USA,"Jacksonville, United States",30.3833261,-81.58303357,ee38f348dd5842a7ad0698a39eb550ec,817
13120921.6389463,4625174.52473535,port154,Huanghua,China,CHN,"Huanghua, China",38.32313123,117.8672445,563f486e00b94910aa7b586b37362808,818
3859279.76434021,3741842.77904846,port73,Ashdod,Israel,ISR,"Ashdod, Israel",31.83630909,34.66849998,b7325c4ca47c4e73b65caba632417bb5,819
14571933.3416778,-1402431.06668235,port280,Darwin,Australia,AUS,"Darwin, Australia",-12.49794668,130.9019044,933ca77109634505b058bca5ed72311a,820
5563411.97945715,3098904.44847962,port526,Juaymah,Saudi Arabia,SAU,"Juaymah, Saudi Arabia",26.80319051,49.97698013,a6b8b4e7d826469dacc3219f7b6c84af,821
5940594.80823658,4418314.15475679,port43,Amirabad Port,Iran,IRN,"Amirabad Port, Iran",36.85068189,53.36527113,ada56884868f4667875d1d83cb685e54,822
3844878.85496163,3716248.44233247,port74,Ashkelon,Israel,ISR,"Ashkelon, Israel",31.64077392,34.53913441,8fff5172d04942fe9cee9046be857d8f,823
-10387387.3248699,3528079.41018734,port629,Lake Charles,United States,USA,"Lake Charles, United States",30.19064745,-93.31148796,03e65125aa234c9db1274957fbfb0786,824
13465681.2634066,3731557.36959719,port227,Suzhou (Changshu),China,CHN,"Suzhou (Changshu), China",31.75778041,120.9642729,1a8ad181fbdf434b9bb6476ca401ff62,825
4260386.56210907,2747423.11681919,port570,Yanbu (King Fahd Port),Saudi Arabia,SAU,"King Fahd Port, Saudi Arabia",23.95087468,38.27170365,79d393e8b28b454db88cc8f1e2bdbfad,826
16293378.3146593,-5039321.13867071,port288,Devonport,Australia,AUS,"Devonport, Australia",-41.1826581,146.3659077,fca512d4232241c08ceb0603654782ab,827
5506970.65434968,4505545.35624936,port58,Anzali,Iran,IRN,"Anzali, Iran",37.47515153,49.46995908,c9c6735c43d044f79b5331e384e5433b,828
13569928.0035606,-4011650.95894538,port331,Esperance,Australia,AUS,"Esperance, Australia",-33.87217366,121.9007373,e52f525f966b4f4ba703f945bdb1af5a,829
-13162838.2807597,3996044.40651964,port664,Los Angeles-Long Beach,United States,USA,"Los Angeles-Long Beach, United States",33.75569193,-118.2437881,d817810889a241f98e33720b2e77ec2c,830
4347444.70904537,2588387.64208568,port1081,Rabigh,Saudi Arabia,SAU,"Rabigh, Saudi Arabia",22.63873353,39.05376029,7eb0c3fef318414687141ec336098acd,831
13358146.913599,3759928.55994102,port228,Changzhou,China,CHN,"Changzhou, China",31.9742313,119.9982754,b6126be3567f41c8827c5404b57c331a,832
5845656.96569103,3194066.77175851,port105,Bandar-E Pars Terminal,Iran,IRN,"Bandar-E Pars Terminal, Iran",27.56361956,52.51242998,47d9526ae6f244f6a5b7dd641f8f062f,833
12887515.8028144,-3783283.8444237,port361,Fremantle,Australia,AUS,"Fremantle, Australia",-32.15203252,115.7705242,b9035bf109c74e5a9fc3379f5473da21,834
-9758634.54287352,5479874.19988418,port695,Manitowoc,United States,USA,"Manitowoc, United States",44.09318552,-87.66330562,b226b6c3c5524d00833a17399fcc1c18,835
5434294.13180338,3234895.66198357,port1088,Ras Al Mishab,Saudi Arabia,SAU,"Ras Al Mishab, Saudi Arabia",27.88827937,48.81709477,81835a0f355f40eea320a7113951d109,836
13036551.3389638,2700863.52456509,port229,Chaozhou,China,CHN,"Chaozhou, China",23.56807273,117.1093332,8615cbaa6534456fb180a7067ff18a82,837
6240885.3306943,3140924.37968598,port106,Bandar Shahid Rajaee,Iran,IRN,"Bandar Shahid Rajaee, Iran",27.13960482,56.06282679,90f9447994874a6bbbb48ca4b6020e57,838
16070679.7548813,-4592896.22825655,port383,Geelong,Australia,AUS,"Geelong, Australia",-38.09529265,144.3653725,f8ab7b9ba0cf456ea7df60387a26e11b,839
3900080.93142258,3870179.42859936,port435,Haifa,Israel,ISR,"Haifa, Israel",32.81051127,35.0350231,1aacbcdf641c4124b13902706784bac8,840
-9751865.19350643,5636769.78314206,port730,Menominee,United States,USA,"Menominee, United States",45.09677605,-87.60249552,ff350f56fe554633a5702a0f3173f7e4,841
5475493.26495213,3191108.02701362,port1089,Ras Al-Khair,Saudi Arabia,SAU,"Ras Al-Khair, Saudi Arabia",27.54005494,49.18719288,faa414072305411a8866178c1cbde286,842
1173858.5579489,5302390.28131758,port1013,Piombino,Italy,ITA,"Piombino, Italy",42.93701819,10.54495084,4db628c653fd4191a51f3675103f5c37,843
12248927.7033563,2268617.17543679,port242,Chiwan,China,CHN,"Chiwan, China",19.96273734,110.0339897,b98562a0ec3d48d8b5c97703b9e29e3f,844
12756567.246022,-3347178.62982371,port391,Geraldton,Australia,AUS,"Geraldton, Australia",-28.77609449,114.5941933,aa09307234674b04aa6004c0ddee2e7e,845
5579657.42274192,3082513.19588672,port1091,Ras Tanura,Saudi Arabia,SAU,"Ras Tanura, Saudi Arabia",26.67168923,50.12291543,0da6b948dac6472a8599fddb6686b8d6,846
6256483.2318407,3141912.05204884,port107,Bandar Abbas,Iran,IRN,"Bandar Abbas, Iran",27.14750008,56.20294512,aaf152fb1f08480fb560c0aa0b5f86fd,847
-16650487.8347477,-1982841.63694431,port882,Papeete,French Polynesia,PYF,"Papeete, French Polynesia",-17.53199754,-149.5738771,ff5ba419fa434c7a851f56c8dfa61067,848
-8925960.33012966,2971638.0326047,port736,Miami,United States,USA,"Miami, United States",25.77821728,-80.1832659,81e41c28e10b4bbf949f2f11a037f43b,849
13555407.9010637,4719814.68929466,port273,Dalian,China,CHN,"Dalian, China",38.9870355,121.770301,98118a8be82148729df888822d3b27b3,850
1571432.12517375,4986249.30912725,port1017,Pozzuoli,Italy,ITA,"Pozzuoli, Italy",40.82286509,14.11641496,4862b2fcc3d743b4bbde47cdf759bd72,851
16833235.5436002,-2731377.62789045,port398,Gladstone,Australia,AUS,"Gladstone, Australia",-23.81907969,151.2155277,797eb601d2064f46932ea58caae7286a,852
4237967.09830162,2762812.18246275,port1408,Yanbu (Yanbu city),Saudi Arabia,SAU,"Yanbu, Saudi Arabia",24.07715154,38.07030618,769bb485238d47948c3a0a089017e435,853
5462181.83275077,3559674.30479047,port108,Bandar Khomeini,Iran,IRN,"Bandar Khomeini, Iran",30.4356647,49.06761425,f83962026fcb42db9616b303c45d8025,854
-9785827.49442609,5314711.25695402,port742,Milwaukee,United States,USA,"Milwaukee, United States",43.01799491,-87.90758406,eb2e88bb3301466a892aaaaf28bc87ba,855
939233.86233707,5507402.48096526,port1083,Vado Ligure,Italy,ITA,"Vado Ligure, Italy",44.27052527,8.437281339,8c0d341f740249fa8141b222b4164767,856
-16858315.9695912,-1889538.65854819,port1344,Uturoa,French Polynesia,PYF,"Uturoa, French Polynesia",-16.73103838,-151.440829,b34c21f4bbe5417c8074bb0c415865fa,857
5334863.78526581,3420538.01121065,port25,Shuwaikh,Kuwait,KWT,"Shuwaikh, Kuwait",29.35210588,47.92389677,795ec4fd5c494cb297712a2712940038,858
5658889.87181436,3374568.98855819,port196,Bushehr,Iran,IRN,"Bushehr, Iran",28.99153747,50.83467263,2c2948d72f2047779c1274f9b425a9aa,859
12852921.8684248,-2367132.33199598,port406,Gorgon LNG,Australia,AUS,"Gorgon LNG, Australia",-20.79232174,115.4597616,560ea92b24d54602a6b6474b8ebab0e4,860
13819965.1385963,4838406.3935446,port277,Dandong,China,CHN,"Dandong, China",39.81024914,124.1468591,ec79fdf374414b948048ba1606bb76fd,861
19455747.340568,-4417217.77989652,port79,Auckland,New Zealand,NZL,"Auckland, New Zealand",-36.84280038,174.773952,bab01851f7ad41538074414de9101e62,862
6747194.54310605,2912150.48039341,port226,Chabahar,Iran,IRN,"Chabahar, Iran",25.2960398,60.61107983,e90dda87ddff428786da04314d0e940b,863
15219232.9148671,-1368131.4577821,port411,Gove,Australia,AUS,"Gove, Australia",-12.19695558,136.7166954,9c3f34bcddec4576b5ae5d37fabc68e9,864
1641520.4929362,4964396.40043806,port1135,Salerno,Italy,ITA,"Salerno, Italy",40.67414577,14.74602948,8bd7b3e37334409a8a779be531036fdd,865
-9803544.04259281,3589323.7209172,port754,Mobile,United States,USA,"Mobile, United States",30.66503638,-88.06673452,fd5da1f2077b46159ff008515a6a34ea,866
-9028068.61395999,3776973.22354495,port1170,Savannah,United States,USA,"Savannah, United States",32.10402454,-81.10052022,024d068540ac4636822879f7dceada87,867
-8185856.70197905,5707661.61844843,port766,Montreal,Canada,CAN,"Montreal, Canada",45.54455368,-73.53480189,f8389174d18246c5b24ca83c8ef9e21d,868
13042820.6634421,-2345231.71237829,port981,Port Walcott,Australia,AUS,"Port Walcott, Australia",-20.60828612,117.1656515,bf6bb9c5e6c340ad88bff78c8b160716,869
1280941.43597684,9467817.90305758,port789,Namsos,Norway,NOR,"Namsos, Norway",64.4610397,11.5068927,eb6ca29c836b40febc717bafa7fde548,870
-8857187.8199741,1000985.83962614,port101,Balboa,Panama,PAN,"Balboa, Panama",8.95532195,-79.56547193,ace32eed7f9f4ea48754fadbe7c36b9d,871
15764752.9329088,-4629561.49256413,port992,Portland,Australia,AUS,"Portland, Australia",-38.35404187,141.6171851,67f6f931712b43c2886b13672b058001,872
-7670202.51553824,5536302.95365415,port1174,Searsport,United States,USA,"Searsport, United States",44.45613077,-68.90260152,5055a12c38ab439097574ff8e9c22c64,873
-13689800.1930954,6304625.48938606,port814,New Westminster,Canada,CAN,"New Westminster, Canada",49.17510525,-122.9775675,c062765971c74dbb95933cc98836a15e,874
1938186.60082861,10573654.6217364,port796,Narvik,Norway,NOR,"Narvik, Norway",68.42231695,17.41102647,e6e5dcc38d254df2a436b2f5e68b7128,875
-9225963.97892001,916668.210161746,port230,Charco Azul,Panama,PAN,"Charco Azul, Panama",8.206367894,-82.87824453,d9b6cb9e891b4f5c91a2259963872fa2,876
16829905.9219708,-4009108.76514114,port1243,Sydney,Australia,AUS,"Sydney, Australia",-33.85321045,151.1856172,7bcdab3579fd46a2be8c097e0d829aeb,877
-13619467.8820272,6035919.2451454,port1175,Seattle,United States,USA,"Seattle, United States",47.57185015,-122.3457616,738a0d27532846da92aa3f03b1417ea1,878
-13742873.0405053,6128309.20680053,port931,Port Angeles,Canada,CAN,"Port Angeles, Canada",48.12879898,-123.454329,2da72ac399a44bbdae8acdae5404dc5c,879
727493.872867301,8419734.52361461,port841,Odda,Norway,NOR,"Odda, Norway",60.08969455,6.535188651,ba33304c4d804cffb3796c4221cda16c,880
-9141670.27342638,1000863.88737637,port240,Chiriqui Grande,Panama,PAN,"Chiriqui Grande, Panama",8.954239787,-82.12102129,a211ee0112e1429e95cd41404dd44a3e,881
-10115358.41885,3519472.51567705,port1214,South Louisiana,United States,USA,"South Louisiana, United States",30.12379526,-90.86781072,3ce47b508fc74855bff56bc786b85500,882
-6583555.6452729,6037558.0976293,port935,Channel-Port aux Basques,Canada,CAN,"Channel-Port aux Basques, Canada",47.58178167,-59.1410866,7ad2e783d8f4470cbe37010a4deaefcb,883
14877676.2861154,-3782821.20318992,port1294,Thevenard,Australia,AUS,"Thevenard, Australia",-32.14851384,133.64844,f87afe324dfa48cbb95b7c9d9f79eba7,884
-7473726.11118429,5647212.63889235,port936,Bayside Charlotte,Canada,CAN,"Bayside Charlotte, Canada",45.16295904,-67.13762395,7df18b35b0db4897a5a51152f591b6e8,885
-13504265.7121104,4572078.18708207,port1229,Stockton,United States,USA,"Stockton, United States",37.94796903,-121.3108829,dde3dd407e684dfa8d113f22050f65cc,886
-8892440.79691865,1047506.76137039,port700,Manzanillo,Panama,PAN,"Manzanillo, Panama",9.367894427,-79.88215481,4f3b0302410c4409a28349879d4e2765,887
16345754.5692235,-2185154.0106628,port1315,Townsville,Australia,AUS,"Townsville, Australia",-19.25646588,146.8364116,7dc06bf8fd6f42819925652cefa4c30b,888
-7436142.20651646,6451450.27500466,port938,Port Cartier,Canada,CAN,"Port Cartier, Canada",50.02986924,-66.80000199,7019c94ba0f843949db931e49749ae90,889
1195903.78789221,8376775.93120678,port864,Oslo,Norway,NOR,"Oslo, Norway",59.89670372,10.74298651,e68b22f3d28742bf9dc2fb0fcb74e155,890
-10251523.339076,5896374.38698405,port1236,Duluth,United States,USA,"Duluth, United States",46.71928735,-92.09100101,d7ec5acd8cc64afa83fba3ab25fbbd24,891
-8892066.42167875,1048119.42418015,port1035,Colon,Panama,PAN,"Colon, Panama",9.373324629,-79.87879174,979c72a6ebbd4b07886a5efa45f3858e,892
15319741.9027427,-4019416.11706045,port1380,Wallaroo,Australia,AUS,"Wallaroo, Australia",-33.9300709,137.619583,dda7c3f9ab9748c1a0c8dd1a723187b8,893
-8916536.06990648,5282815.87861268,port946,Port Dover,Canada,CAN,"Port Dover, Canada",42.80815077,-80.09860633,b2488070736342ef8fdf54172d9dd602,894
-16295348.1909725,8645011.75530033,port1241,Swanport,United States,USA,"Swanport, United States",61.08345856,-146.3836034,762ed1c7fc31464cac80677629ff17cd,895
1068144.49432471,8205312.23115923,port928,Porsgrunn,Norway,NOR,"Porsgrunn, Norway",59.11512823,9.595305249,17d0e6e6540e4aefbe850d495e2debe4,896
-8895155.74014973,1044984.5349059,port1037,Puerto Cristobal,Panama,PAN,"Puerto Cristobal, Panama",9.345538334,-79.90654356,19c447c6fe584477b8b33c2b5669a0dc,897
15793617.1417877,-1420216.19551824,port1387,Weipa,Australia,AUS,"Weipa, Australia",-12.6538801,141.8764767,dfb6d37abff4490e86f5c31b66fa7f0a,898
-7926633.26660331,5908731.18244911,port1075,Quebec,Canada,CAN,"Quebec, Canada",46.79533437,-71.20615815,02a08d25752049b1a5fd34e8b640e2e2,899
16164980.8221096,-4622939.21313126,port1391,Western Port,Australia,AUS,"Western Port, Australia",-38.30737612,145.2124934,18eebfba4dc840be8f46bc419106d349,900
1255955.28534933,9571425.82001411,port1107,Rorvik,Norway,NOR,"Rorvik, Norway",64.85936906,11.28243829,0d23138cd46740298265f4d4a7f33fce,901
-6703280.84966527,5808599.7734481,port1245,Sydney,United States,USA,"Sydney, United States",46.17600891,-60.21659641,3ae674ff70c34042aa95a2f37714036c,902
-8027002.21901223,-1921364.40318566,port88,Matarani,Peru,PER,"Matarani, Peru",-17.00463341,-72.10778779,35bbca61689447eab014e6839e517d8a,903
-9174209.28675136,5305119.42038662,port1166,Sarnia,Canada,CAN,"Sarnia, Canada",42.95496401,-82.41332422,0651c25300f6494084d222a2a2d23f2a,904
15316471.2359156,-3896434.51257663,port1395,Whyalla,Australia,AUS,"Whyalla, Australia",-33.00851704,137.5902021,e571be35cba4401ea4cacd87e7dff02f,905
1408596.79933002,9883309.66384123,port1148,Sandnessjoen,Norway,NOR,"Sandnessjoen, Norway",66.02360624,12.65364034,1c1c90dc78fb46aeb121bc1d5ed537fa,906
-13624527.4308074,5983561.12371087,port1248,Tacoma,United States,USA,"Tacoma, United States",47.2535658,-122.3912123,aacc835c79294b21bdeb10caa650f946,907
-8375622.01156864,-1718972.39573537,port91,San Nicolas,Peru,PER,"San Nicolas, Peru",-15.25817877,-75.23949267,463652780fdc4635bb8e29e853677cc1,908
-7392817.38984239,6477163.8751335,port1181,Sept Iles,Canada,CAN,"Sept Iles, Canada",50.17802481,-66.41080854,bc6a4659bb8646c095076c3d61994fd1,909
708078.86679057,8321384.42911248,port1169,Sauda,Norway,NOR,"Sauda, Norway",59.64619296,6.360780684,6fee4e03e69449d8b7f226e28dea22c5,910
1049535.36009809,7370127.12251535,port1,Aabenraa,Denmark,DNK,"Aabenraa, Denmark",55.04254248,9.428136552,49ef85f9245d4ee7b25d518777ff59f5,911
-9174929.20882263,3236162.91931055,port1259,Tampa,United States,USA,"Tampa, United States",27.89834075,-82.41979139,4b30a1b502454ab2863ea61855fb9b1f,912
-8563450.35867884,-1374058.53064269,port259,Conchan Oil Terminal,Peru,PER,"Conchan Oil Terminal, Peru",-12.2489924,-76.92678342,09b38d29508740318f287c572df85721,913
-7351192.86484429,5664507.68703634,port1219,Saint John,Canada,CAN,"Saint John, Canada",45.2723998,-66.03688907,fa54692ac9ed46b68d65d012ed72a8f6,914
1112224.06360289,7771248.37778977,port29,Aalborg,Denmark,DNK,"Aalborg, Denmark",57.05441309,9.991278757,888079d7329742cb8dee6519b6a0b663,915
-10565640.6272802,3423565.74550855,port1285,Texas City,United States,USA,"Texas City, United States",29.37581007,-94.91276462,1fb47693f2a6475cbac037526fa92e72,916
-9028733.49410904,-566462.006411624,port873,Paita,Peru,PER,"Paita, Peru",-5.081938312,-81.10649294,80250ac7fdd641a780409ec3b9c916d9,917
1170455.53670008,8249481.92583017,port1208,Slagentangen,Norway,NOR,"Slagentangen, Norway",59.31819836,10.51438098,2f7b4cc9cb34400cadf713180fef6a31,918
-5867023.11668424,6034016.65253334,port1220,Saint John's,Canada,CAN,"Saint John's, Canada",47.56031799,-52.70436538,2dedf615b05c4a5fbb2fc5597a6bb28a,919
1138714.97912074,7588561.30490542,port67,Aarhus,Denmark,DNK,"Aarhus, Denmark",56.15113463,10.2292507,7790e3890bd54c1081496e0a17e86428,920
-9291566.51629392,5113152.79938733,port1306,Toledo,United States,USA,"Toledo, United States",41.679919,-83.46756215,c40917fd811848579d12aa8fa8f2d731,921
-9023388.59117253,-646877.573136714,port1026,Bayovar,Peru,PER,"Bayovar, Peru",-5.801063431,-81.05847886,baa28d5e538d457eb8514596499c52da,922
637462.086667346,8168565.36874403,port1225,Stavanger,Norway,NOR,"Stavanger, Norway",58.94526233,5.726419355,3f88974c5f1749f9a05d0267b19f3ed8,923
-9934530.18084529,6171008.23180676,port1295,Thunder Bay,Canada,CAN,"Thunder Bay, Canada",48.3841793,-89.24340302,a5d69209c30d41158ddca90db4cfd1fa,924
-10173781.6973222,5974880.61174512,port1333,Two Harbors,United States,USA,"Two Harbors, United States",47.20061114,-91.39263596,91230b32541f46c08ae7af0a167e6d04,925
942548.574056484,7452272.47581978,port328,Esbjerg,Denmark,DNK,"Esbjerg, Denmark",55.46312208,8.467057901,9759dd604aa24c65b75dd741320d6ec4,926
-8837707.83637664,5411673.81422174,port1312,Toronto,Canada,CAN,"Toronto, Canada",43.65153488,-79.39048026,464119e6825044038dc63617e1f16f8c,927
1261928.26732443,9350791.67266072,port1226,Steinkjer,Norway,NOR,"Steinkjer, Norway",64.00404595,11.3360945,d64bee933bd54644ac78f16cc206a396,928
-8748433.59556418,-1015654.22511329,port1040,Chimbote,Peru,PER,"Chimbote, Peru",-9.085460638,-78.58851611,a33997c2672f455e94f00a095b1be064,929
541658.913748661,8533089.21638598,port1231,Stura,Norway,NOR,"Stura, Norway",60.59355708,4.86580481,86dc549aec7a4156916a0decadbcd19a,930
1085024.84019889,7470903.78791214,port354,Fredericia,Denmark,DNK,"Fredericia, Denmark",55.55789496,9.746943976,ea4322af77d64e43a86903a049c920aa,931
-13661953.0547441,5722530.64559206,port1351,Vancouver,United States,USA,"Vancouver, United States",45.63802271,-122.7274124,7137031d1c224a10b161ecfe30135ef8,932
-8076570.61196643,5833868.65307045,port1320,Trois Rivieres,Canada,CAN,"Trois Rivieres, Canada",46.33296537,-72.55306824,eb295636fb10476e92140c422dbf6843,933
-8587211.22791633,-1351092.92625176,port1045,Callao,Peru,PER,"Callao, Peru",-12.04730879,-77.14023094,bad6d139b7c6461a88213b0aea345ca2,934
622484.752720293,8164014.70540647,port1263,Tananger (Risavika),Norway,NOR,"Tananger (Risavika), Norway",58.92416802,5.591875675,d899f4dc87794b6c933d12fa8e7ed8a5,935
1173962.05724547,7850272.95043594,port355,Frederikshavn,Denmark,DNK,"Frederikshavn, Denmark",57.4384782,10.54588059,67eff85d3dca4c3a9dfc2de55969291f,936
-8407032.2185403,4823145.10275578,port1398,"Wilmington, DE",United States,USA,"Wilmington, DE, United States",39.70485674,-75.52165536,451b7e0950d543e395f8f512567af6a8,937
-13695514.9906623,6324206.20522323,port1350,Vancouver,Canada,CAN,"Vancouver, Canada",49.28996399,-123.0289044,a7aa19404889484ba504bcea17dc9427,938
-7943501.45004388,-1992969.58612113,port1047,Ilo,Peru,PER,"Ilo, Peru",-17.61873151,-71.35768762,10802a90fd14422a97c28cc351ce6431,939
-334977.697273559,7062802.41005653,port654,Liverpool,United Kingdom,GBR,"Liverpool, United Kingdom",53.42928626,-3.009155853,3fe73f3c598d4092aca955be7b90537c,940
-1977814.38478075,3334488.1792619,port1152,Santa Cruz De La Palma,Spain,ESP,"Santa Cruz De La Palma, Spain",28.67612458,-17.76700891,a6015acb552f42f6a342a773c21355c4,941
-8974126.43145833,3300888.26421952,port212,Canaveral Harbor,United States,USA,"Canaveral Harbor, United States",28.41097835,-80.61594935,36aa1487ea1c4a1a9013a048230ac0b0,942
1185005.06093846,4276501.394497,port1213,Sousse,Tunisia,TUN,"Sousse, Tunisia",35.82451281,10.64508158,4660464b7c26491b8a446e1ad95fb6bb,943
17182.880412782,6707862.97702956,port658,London,United Kingdom,GBR,"London, United Kingdom",51.48682241,0.154356441,cd876f3cae04431b913ef2667503a46a,944
-1807352.45486927,3309345.47321545,port1153,Santa Cruz De Tenerife,Spain,ESP,"Santa Cruz De Tenerife, Spain",28.47777935,-16.23572334,aec0244dc6eb49498bcab249b8cb1541,945
-8896782.61105557,3881944.83403245,port231,Charleston,United States,USA,"Charleston, United States",32.8992962,-79.92115799,7967685206f04f679d9590ab84a7467f,946
1144736.66114667,4412154.04240156,port1329,Tunis,Tunisia,TUN,"Tunis, Tunisia",36.80638815,10.28334439,4dfe88422640449c820bb743c4d35b79,947
57478.3042354761,6712053.84188727,port659,London Gateway,United Kingdom,GBR,"London Gateway, United Kingdom",51.51025908,0.516336392,cb83b970a3c0443ab1d5ca1d1f53dae7,948
-425383.87073592,5377068.62765377,port1155,Santander,Spain,ESP,"Santander, Spain",43.42618793,-3.821288327,90cfc13aa3b24a7caedb2f6aa0784eea,949
1237225.21663355,3959454.67506875,port1423,Zarzis,Tunisia,TUN,"Zarzis, Tunisia",33.48197839,11.11418322,34ab861b3ffe4e198a45266fba1cc3d6,950
-8386912.76569395,4844586.49606448,port237,Chester,United States,USA,"Chester, United States",39.8528822,-75.34091924,d31444bd4c384f1eaf33e9ec70f2f259,951
2124482.19654925,5174245.41536855,port116,Bar,Montenegro,MNE,"Bar, Montenegro",42.08849912,19.08454828,151164bab3e64d4690c5295c7c3fc69b,952
-807488.560000375,7369617.73571959,port660,Londonderry,United Kingdom,GBR,"Londonderry, United Kingdom",55.03992055,-7.253793152,5e371fa8213f4ce29cd05a999b34de2c,953
-667336.125520312,4483679.88425697,port1185,Seville,Spain,ESP,"Seville, Spain",37.31910604,-5.994782412,f60e6953dd4a4a54a91e2005f9893532,954
-8324411.51697588,1231651.28093023,port120,Barranquilla,Colombia,COL,"Barranquilla, Colombia",10.99598314,-74.77946097,73b660a036b647eeaf8d6f5810df23f5,955
-9092032.49725996,5082483.04828699,port249,Cleveland,United States,USA,"Cleveland, United States",41.47381881,-81.67511756,fb3e52d5451840899783465d8ee017b8,956
83146.9908398688,6697125.42230407,port726,Medway,United Kingdom,GBR,"Medway, United Kingdom",51.42671953,0.746922127,94fd28ab80fd449cb8989c689fdbcb96,957
133840.117857778,5027483.84597824,port1277,Tarragona,Spain,ESP,"Tarragona, Spain",41.10257906,1.202306235,ed10670aa88c4d1d89711c6a32dcc26a,958
-8579003.10641339,433855.542944654,port183,Buenaventura,Colombia,COL,"Buenaventura, Colombia",3.894388566,-77.06649613,7f7195490b5e41f5b2558c97ccc3597a,959
-10840281.7620371,3228970.88555609,port264,Corpus Christi,United States,USA,"Corpus Christi, United States",27.84122725,-97.37990791,82d91bc3fad340cf90c5547d5a0de2b5,960
57244.6909332092,6691040.68906697,port727,Medway City,United Kingdom,GBR,"Medway City, United Kingdom",51.39262543,0.514237808,5c1def7f76f1454fb73e6aed5c5d8827,961
-77568.8621042419,4575868.02610822,port1314,Torrevieja,Spain,ESP,"Torrevieja, Spain",37.97481074,-0.696812944,8738525f2ebd4d7ead63b74dc8ea4cc5,962
-8406058.86540309,1156777.72439985,port218,Cartagena,Colombia,COL,"Cartagena, Colombia",10.33500602,-75.51291158,eb2146ad4b2642e3b23f09059edc85dc,963
-7950343.04242091,5102493.3144729,port282,Davisville Depot,United States,USA,"Davisville Depot, United States",41.60836202,-71.41914669,d6c0700382014bd0a9a83376ed77f3ae,964
-559213.314390365,6746159.82029173,port740,Milford Haven,United Kingdom,GBR,"Milford Haven, United Kingdom",51.70054285,-5.023498674,6a0a011427e4441c9436b0353b82bb97,965
-35883.3040802534,4785213.69946775,port1348,Valencia,Spain,ESP,"Valencia, Spain",39.44220953,-0.322345205,0f9de96f018842449f218cc98c838c72,966
-8426732.67484206,1051605.36475399,port266,Covenas Offshore Term.,Colombia,COL,"Covenas Offshore Term., Colombia",9.404219878,-75.69862757,0308e8f2d6664b7faf956bb02121d6c0,967
-13180448.0891195,4017381.88919427,port314,EL Segundo,United States,USA,"EL Segundo, United States",33.91490744,-118.4019797,c3416a15c49b4eb79ee20a87f364b1d8,968
-971094.2362013,5197222.88741931,port1363,Vigo,Spain,ESP,"Vigo, Spain",42.24149326,-8.723487947,494625ab47774c609dc355b4b45e066c,969
-39976.6318516984,7114219.26990093,port810,New Holland,United Kingdom,GBR,"New Holland, United Kingdom",53.70359433,-0.359116194,636d3b943bc14c10a39b4ed80ecb688a,970
-8010836.68308435,1374205.24490472,port1027,Puerto Bolivar,Colombia,COL,"Puerto Bolivar, Colombia",12.25028035,-71.96257031,dc263b6db4f14c48bdb65d68341c8695,971
-13832474.2210962,5377217.17938389,port324,Empire,United States,USA,"Empire, United States",43.42715709,-124.2592301,6d5ad2f68be84c4c9e9cbd1b84e3e5ae,972
-977263.174321318,5250722.94680249,port1365,Villagarcia De Arosa,Spain,ESP,"Villagarcia De Arosa, Spain",42.59628594,-8.778904461,a11e46ce6c2e40db8efb7f51da382333,973
-331619.808953806,6721257.15959353,port817,Newport,United Kingdom,GBR,"Newport, United Kingdom",51.56168472,-2.978991429,406953c3bf2949f8bb51e7c40416a60f,974
-8262044.59080817,1237813.64485985,port1054,Puerto Nuevo,Colombia,COL,"Puerto Nuevo, Colombia",11.05031925,-74.21920934,5bcf146e504c45fe98ee88c0211d05b2,975
-13605879.1229181,6103051.0627876,port333,Everett,United States,USA,"Everett, United States",47.97713083,-122.2236917,f6b1a314b52c41c0899ffa83e87e0e49,976
-198913.842343381,7861594.73132736,port899,Peterhead,United Kingdom,GBR,"Peterhead, United Kingdom",57.49317555,-1.786873448,88f48e4b8f274c768842d4bdc8836d88,977
-8261577.00441905,1260635.11941499,port1154,Santa Marta,Colombia,COL,"Santa Marta, Colombia",11.25145763,-74.21500894,23d423436c764339856b5d700fbf9cc0,978
-10041612.8874412,3392246.31598833,port352,Fourchon,United States,USA,"Fourchon, United States",29.13034343,-90.20534334,b38fe48c78dd4b14b4e867ffa2d46ada,979
-6980674.6137536,1954300.83432045,port122,Basseterre,St.  Kitts and Nevis,KNA,"Basseterre, St.  Kitts and Nevis",17.28735648,-62.70846699,22949c7648f34dcba89de70b3ecdbe75,980
-462641.436305234,6511975.42101883,port914,Plymouth,United Kingdom,GBR,"Plymouth, United Kingdom",50.37787084,-4.155978733,b24dd2dc98b44d0c8cf74851287e5d64,981
-10611647.3453341,3368512.45284802,port358,Freeport,United States,USA,"Freeport, United States",28.94393738,-95.32605,40b7982c811f42b4b2477af123e59a22,982
-6971158.45706439,1933609.56602471,port232,Charlestown,St.  Kitts and Nevis,KNA,"Charlestown, St.  Kitts and Nevis",17.10979491,-62.6229819,78272e132a4049f5a79c76f04be6fdd8,983
-221548.477932298,6571275.17782908,port926,Poole,United Kingdom,GBR,"Poole, United Kingdom",50.71636883,-1.990203839,7ee4b487a83b4aa0b70c352ddd9907be,984
-10553596.4405773,3415131.07976025,port373,Galveston,United States,USA,"Galveston, United States",29.30976119,-94.80456985,667d3dc6a1c34f159b363de045bb27cd,985
-271331.614867158,6545682.91294458,port994,Portland Harbour,United Kingdom,GBR,"Portland Harbour, United Kingdom",50.57057977,-2.437413367,cdc22ff14b3a4fb6b4f82b0a63c20a69,986
-9722594.72859858,5104174.51724621,port377,Gary,United States,USA,"Gary, United States",41.61965319,-87.33955446,c44e6f2b8bf948e9ae08231aeea748e6,987
-123277.772913041,6586970.34364206,port1014,Portsmouth Harbour,United Kingdom,GBR,"Portsmouth Harbour, United Kingdom",50.80555434,-1.107423076,ddca9e401c1045d084c12692ae4eb0c4,988
-25055.4514633031,6591132.68306634,port1194,Shoreham Harbour,United Kingdom,GBR,"Shoreham Harbour, United Kingdom",50.82917772,-0.22507695,434e51508722439db51dd8b4c9e533b3,989
-9597165.93985162,5319742.53831761,port412,Grand Haven,United States,USA,"Grand Haven, United States",43.05103116,-86.21280848,c7a15594ac404fda9219f73a5ee7cbf5,990
-159134.730786769,6603987.80590976,port1216,Southampton,United Kingdom,GBR,"Southampton, United Kingdom",50.90206161,-1.429531609,6b34477818da49c7be89dfb9e35c0fb2,991
-9798344.17559447,5546685.40988076,port418,Green Bay,United States,USA,"Green Bay, United States",44.52266572,-88.02002332,11b8b1dfcfbc475097f9d47d858db343,992
-9917779.23352645,3549346.42827025,port428,Gulfport,United States,USA,"Gulfport, United States",30.35563981,-89.0929267,96859cdbd5434857b00b7931cf1427db,993
-151580.899275763,7344495.83483701,port1234,Sunderland,United Kingdom,GBR,"Sunderland, United Kingdom",54.91039934,-1.361674386,ccd5bb871f21403197c0f9b7fcdd5d7d,994
-17260713.3198203,2240805.4039816,port464,Hilo,United States,USA,"Hilo, United States",19.72773724,-155.0556259,58419d1898b544be86659941caa4e199,995
-17577738.6504971,2431148.15560061,port476,Honolulu,United States,USA,"Honolulu, United States",21.32896919,-157.9035129,9e57849b33a94136a9deb0d3f78d91f0,996
-128017.060304964,7285332.6678875,port1279,Teesport,United Kingdom,GBR,"Teesport, United Kingdom",54.60371827,-1.149996819,5786371d71d34b5d898171cf2cea9bc2,997
-10590912.7253969,3467638.618101,port481,Houston,United States,USA,"Houston, United States",29.72023114,-95.13978774,1581e7affcc84016af4e4bbf372e721b,998
76328.0293813605,6699117.5488822,port1289,Thamesport,United Kingdom,GBR,"Thamesport, United Kingdom",51.43787633,0.685666354,b59c0cb18ebd420dbf6318b515bb20e5,999
38123.3155056098,6702806.00457245,port1298,Tilbury,United Kingdom,GBR,"Tilbury, United Kingdom",51.45852614,0.34246757,50d8deda320947ed8f2c0e69508f42af,1000
12111768.2425543,1735880.90502614,port213,Dung Quat,Vietnam,VNM,"Dung Quat, Vietnam",15.40466501,108.8018653,3b3e6f28e59f4076b5851350728b8bdc,1001
12048069.1593799,1818060.24503323,port269,Da Nang,Vietnam,VNM,"Da Nang, Vietnam",16.11513801,108.2296467,a6d916f521234446ab43590a7c3da06d,1002
11883075.6513987,2373295.21106277,port434,Hai Phong,Vietnam,VNM,"Hai Phong, Vietnam",20.84406939,106.7474848,2a4ee547ee9e487d927c507bec792410,1003
11917290.2200956,2391227.83458397,port473,Hon Gai (Cai Lan),Vietnam,VNM,"Hon Gai (Cai Lan), Vietnam",20.99454236,107.0548395,fda308ade6694c8ab5fb83e6de015465,1004
11773402.5981382,2180294.17397949,port819,Nghe Tinh,Vietnam,VNM,"Nghe Tinh, Vietnam",19.21524656,105.762275,859641bf458046978de208cf6d3bc86b,1005
11914086.5008103,1183570.90289327,port903,Cai Mep,Vietnam,VNM,"Cai Mep, Vietnam",10.57169836,107.02606,b60546ae84914209a332c8e536c2ca49,1006
11766726.2562056,1131579.4990118,port983,Can Tho,Vietnam,VNM,"Can Tho, Vietnam",10.11224068,105.7023004,6cb8f1692b7445518c32d5010ea72e81,1007
12161036.3456162,1548542.15768851,port1078,Quy Nhon,Vietnam,VNM,"Quy Nhon, Vietnam",13.7761055,109.2444482,a9ee5bea311e4355ade99ec2eab97f9f,1008
11885153.6745972,1202208.9552131,port1291,Saigon,Vietnam,VNM,"Saigon, Vietnam",10.73624058,106.766152,1b6b99fc540e45d980d6fe20c01186e1,1009
11921397.452896,1163100.82911325,port1375,Vung Tau,Vietnam,VNM,"Vung Tau, Vietnam",10.39088089,107.0917354,3dee9a60b1884cea9651c1089bb540cd,1010
-8036788.01265885,2244567.28411311,port214,Cap Haitien,Haiti,HTI,"Cap Haitien, Haiti",19.75954418,-72.19569507,2db76abb022c40d7bceac484ebbb3462,1011
-8054836.99310773,2111195.48062815,port934,Port Au Prince,Haiti,HTI,"Port Au Prince, Haiti",18.62806777,-72.35783182,dbf27ad4f91c48dbaf8eed0f47b9d01e,1012
2400225.82952415,9121735.53808708,port1346,Vaasa,Finland,FIN,"Vaasa, Finland",63.08748865,21.56159548,d362f1a92f7f42c9a06ac3255a8fc4d5,1013
-8093237.60212532,2167830.57637867,port1125,Saint-Marc,Haiti,HTI,"Saint-Marc, Haiti",19.10948777,-72.70279036,ecabddbd8d70425caa1e45008edb8f57,1014
2053647.44718575,-4017452.25056821,port215,Cape Town,South Africa,ZAF,"Cape Town, South Africa",-33.91543197,18.4482289,3ed931da05fe4bf09427fe6cca8e747b,1015
3106533.72188278,8934103.66815739,port1354,Varkaus,Finland,FIN,"Varkaus, Finland",62.31449887,27.90646723,3e27c371520d4a34879071c0f6e7b2bd,1016
3453467.0597759,-3488407.68391846,port311,Durban,South Africa,ZAF,"Durban, South Africa",-29.88212961,31.02302243,cc8982a08aec4073a6e7f1685cecb53d,1017
3105911.8700565,-3899035.20709854,port315,East London,South Africa,ZAF,"East London, South Africa",-33.02810636,27.90088104,6fb596c4b2a94306a2f8487b0f5d7010,1018
2852297.60006965,-4015834.01767052,port948,Port Elizabeth,South Africa,ZAF,"Port Elizabeth, South Africa",-33.90336755,25.62262529,5463668d17a64f85aaea3d2052adbc41,1019
3566606.6565263,-3349249.49785648,port1099,Richards Bay,South Africa,ZAF,"Richards Bay, South Africa",-28.79239882,32.03937272,3208de13d8934f8f9f664a316ed0b15f,1020
2004609.39253084,-3895009.42267023,port1133,Saldanha Bay,South Africa,ZAF,"Saldanha Bay, South Africa",-32.99778093,18.00771256,1151e80d08d94028a61d1589a4497db3,1021
-6791521.28417785,1573578.79896402,port221,Castries,St.  Lucia,LCA,"Castries, St.  Lucia",13.99444111,-61.00927372,0effe5d839174938a64dc291329b5715,1022
-6785255.04881537,1542330.3416659,port1362,Vieux Fort,St.  Lucia,LCA,"Vieux Fort, St.  Lucia",13.72190274,-60.95298317,823e6421b30c425c8db4b2d015619a9e,1023
2080966.95675422,7241651.46946199,port380,Gdansk,Poland,POL,"Gdansk, Poland",54.37579704,18.69364423,787eab7c18114dc582f26cc25913fe27,1024
-7228910.15637667,2076662.30332384,port233,Charlotte,United States Virgin Islands,VIR,"Charlotte, United States Virgin Islands",18.33384953,-64.93840481,08addf4b1ab24439b18f9b81b5093f2a,1025
2062139.12948801,7272244.97910669,port381,Gdynia,Poland,POL,"Gdynia, Poland",54.53556218,18.52451098,fdf28f36acdd44998bd2e56b4623be7b,1026
1589114.0362809,7151805.35570744,port1242,Swinoujscie,Poland,POL,"Swinoujscie, Poland",53.90299121,14.27525427,ce5529740ae548fd9b504264195bf567,1027
1623847.06771383,7064397.25516997,port1246,Szczecin,Poland,POL,"Szczecin, Poland",53.43782148,14.5872664,35a50b9c51fb4e31a052b15931cc0752,1028
-7208685.42423509,2003126.76732789,port649,St Croix,United States Virgin Islands,VIR,"St Croix, United States Virgin Islands",17.70567396,-64.75672295,f369130a27c4499ab97e1f8b823bfc76,1029
-9059604.1833762,2189850.87169016,port389,Georgetown,Cayman Islands,CYM,"Georgetown, Cayman Islands",19.29629306,-81.38380906,ac6bbad1df6c4850a65defa8e83ba33b,1030
-179922.827048878,5973527.34259345,port791,Nantes,France,FRA,"Nantes, France",47.19235088,-1.616274255,cb3a02c1d5484c31b3b8d44d64e9cadd,1031
13553371.2998476,2893833.21941413,port238,Keelung,Taiwan Province of China,TWN,"Keelung, Taiwan Province of China",25.14717994,121.7520059,d605ea23875f4d959842cbe77661e979,1032
-6475404.8971809,758573.034459159,port390,Georgetown,Guyana,GUY,"Georgetown, Guyana",6.798369039,-58.1695519,0ef9a032b2e74e249fc680e87686f2a1,1033
13539555.6382204,2751228.34616619,port482,Hualien,Taiwan Province of China,TWN,"Hualien, Taiwan Province of China",23.98211049,121.6278977,94f81d5e966c4fd9898ba557465a6ed9,1034
-6490221.13401365,669140.015958494,port650,Linden,Guyana,GUY,"Linden, Guyana",5.999990699,-58.30264842,f7ecd504290a4b5ea88715fb63245d87,1035
810853.82601938,5418260.36680415,port820,Nice,France,FRA,"Nice, France",43.69433071,7.284023851,397fca5ae9664aab980b111b2a6209eb,1036
13394259.9916836,2579078.26549417,port541,Kaohsiung,Taiwan Province of China,TWN,"Kaohsiung, Taiwan Province of China",22.5615278,120.3226847,f48362e3f2ab4741bcfd1c586d3dd5eb,1037
-6403013.35141783,694734.72111366,port807,New Amsterdam,Guyana,GUY,"New Amsterdam, Guyana",6.228603762,-57.51924758,40342259159a4cb998d5e202568ddaf8,1038
973047.72316854,5149584.9136306,port939,Ajaccio,France,FRA,"Ajaccio, France",41.92388712,8.741036419,c0b7888e9e004abba19f7396748bcd9c,1039
13380150.8807467,2728020.21269691,port681,Mailiao,Taiwan Province of China,TWN,"Mailiao, Taiwan Province of China",23.79148547,120.1959404,b0ccdee41fc44a1ab784072264554d0d,1040
-32430.7134866959,6313059.0399415,port942,Caen,France,FRA,"Caen, France",49.22460845,-0.291330056,1bebfb2176a44952ad3af99b68094776,1041
17810522.2997311,-1053647.69539476,port475,Honiara,Solomon Islands,SLB,"Honiara, Solomon Islands",-9.422319397,159.994644,31899ae7f9ad4e829ae034e3759a20fe,1042
59253.0910260211,6357013.93297217,port958,Port Jerome,France,FRA,"Port Jerome, France",49.48181288,0.532279573,4ecd8673eb3e4ddfb94948705433119e,1043
13414551.5422363,2784459.54111973,port1252,Taichung,Taiwan Province of China,TWN,"Taichung, Taiwan Province of China",24.25457118,120.5049668,6c0d7409aa7c47658de1d866176cc9c0,1044
17882106.5654525,-1078607.23306272,port724,Mbulo,Solomon Islands,SLB,"Mbulo, Solomon Islands",-9.643438343,160.6376964,5cbbacbe891f43078e50ee07850d77f0,1045
538395.834903384,5374803.12222739,port976,Port Saint Louis Du Rhone,France,FRA,"Port Saint Louis Du Rhone, France",43.41140572,4.836492074,59dcd8e9dfd54dda9a7f9c2584a2ab14,1046
13512039.8200695,2894995.56432146,port1261,Taipei,Taiwan Province of China,TWN,"Taipei, Taiwan Province of China",25.15663144,121.3807189,67949cfabce4494d96b825b9cfb00105,1047
17539054.4929253,-937366.216217732,port802,Ndora,Solomon Islands,SLB,"Ndora, Solomon Islands",-8.390354426,157.5560072,3132ebde78494e5a9fcf5d813a6e9b1c,1048
23308.2471935479,6355343.24134137,port985,Le Havre,France,FRA,"Le Havre, France",49.47206132,0.209381547,2e5b9a6357de439b8f6994b32fa33624,1049
10220671.5051042,2545325.81479687,port241,Chittagong,Bangladesh,BGD,"Chittagong, Bangladesh",22.2812458,91.81385427,8f6b35d78fb74f4880a3cd018ce2d0f2,1050
17499311.7315239,-919148.56064612,port972,Noro,Solomon Islands,SLB,"Noro, Solomon Islands",-8.228420496,157.1989919,0ef1e4e3f79f4f9a9bffcd87a246f031,1051
116172.559061251,6342623.50880257,port986,Rouen,France,FRA,"Rouen, France",49.3977546,1.043595854,47d1193d855646b3b68b0e7bc805731b,1052
10068703.9382451,2712325.84791723,port289,Dhaka,Bangladesh,BGD,"Dhaka, Bangladesh",23.6624176,90.44870639,683e95f13cd7406e8e6a7dac3298f506,1053
17581148.4221598,-959486.36172736,port1176,Seghe,Solomon Islands,SLB,"Seghe, Solomon Islands",-8.58688616,157.9341434,090aa2f9ce3f472b872dde9dc6109ff3,1054
557621.596064653,5371338.19730194,port990,Port-De-Bouc,France,FRA,"Port-De-Bouc, France",43.38879043,5.009200025,927015bdf3774c81b1a928b4ecb2ec86,1055
9973078.00988946,2572075.06520352,port759,Mongla,Bangladesh,BGD,"Mongla, Bangladesh",22.50341944,89.58968406,2d902f41c9ee4ae6b3c824fe1a302648,1056
-9258119.88176465,965127.793546144,port402,Golfito,Costa Rica,CRI,"Golfito, Costa Rica",8.63699262,-83.16710592,a21f72452ba448ea9e973cef21262d1a,1057
339985.428611904,5315497.55053378,port991,Port-La-Nouvelle,France,FRA,"Port-La-Nouvelle, France",43.02315902,3.054141069,d7ae8ff64416429ba40b51e88dc3d223,1058
-9430525.6870959,1108998.68176305,port1032,Puerto Caldera,Costa Rica,CRI,"Puerto Caldera, Costa Rica",9.91248316,-84.71585362,c6de82cf95524aa0a688e5d097e00d00,1059
10052784.6699739,2511272.30584065,port890,Payra,Bangladesh,BGD,"Payra, Bangladesh",21.99789333,90.30570117,7363584925a146cc887504670a8c266f,1060
-9249453.35327779,1119062.09861683,port1052,Puerto Moin,Costa Rica,CRI,"Puerto Moin, Costa Rica",10.00152272,-83.08925317,54e58e089b5b466294b842f8f8b555aa,1061
-496513.392886518,6171203.72331312,port1084,Brest,France,FRA,"Brest, France",48.38534559,-4.460255696,4394622db3bf40efafdb47c17a1fe2e6,1062
-7600564.59541611,1362617.65887517,port598,Kralendijk,"Bonaire,  Saint Eustatius and Saba",BES,"Kralendijk, Bonaire,  Saint Eustatius and Saba",12.14853793,-68.27703344,28a05e449f7a4071a2bef254e0a8cc75,1063
-6816705.9464005,1477896.8511526,port574,Kingstown,St.  Vincent and the Grenadines,VCT,"Kingstown, St.  Vincent and the Grenadines",13.1589419,-61.23551139,12af36c2b90d476eb980ca1389e35c0b,1064
-7011602.89193294,1976507.60215448,port857,Oranjestad,"Bonaire,  Saint Eustatius and Saba",BES,"Oranjestad, Bonaire,  Saint Eustatius and Saba",17.47773288,-62.98630044,bbd5dc3fa81148a0bbc7c9ce926b2934,1065
-224628.072868403,6214871.62809837,port1124,Saint-Malo,France,FRA,"Saint-Malo, France",48.64519607,-2.017868311,c20b4ae89b804c869c43231e65b9db86,1066
-7920139.02109382,2443848.27134397,port414,Grand Turk,Turks and Caicos Islands,TCA,"Grand Turk, Turks and Caicos Islands",21.43520362,-71.14781935,556ed1db3c7d4759b3ddf9cc4e8f6be3,1067
-8632228.18322689,2876377.43368097,port251,Clifton Pier,The Bahamas,BHS,"Clifton Pier, The Bahamas",25.00515191,-77.54462513,6f8a4595ce9a4ea3a44396ac298c9054,1068
414929.344840588,5375475.94621049,port1183,Sete,France,FRA,"Sete, France",43.41579621,3.727373723,4274f2caecd545f6a356b534d874d528,1069
-8046156.31925318,2480403.62574236,port1025,Providenciales,Turks and Caicos Islands,TCA,"Providenciales, Turks and Caicos Islands",21.74055089,-72.279852,3cf59ee9c3284624b7fcfa86080c7ae5,1070
-8767819.85148998,3064190.77306194,port357,Freeport,The Bahamas,BHS,"Freeport, The Bahamas",26.52451521,-78.76266581,f3fb07ed5ba843529ce76fc0187898d9,1071
-245244.950291515,5988399.7598602,port1222,St Nazaire,France,FRA,"St Nazaire, France",47.28306049,-2.203072872,c8d9ad6f36324b72a546f0240a8717b3,1072
-6996724.52657918,2026196.84225132,port430,Gustavia,Saint-Barthélemy,BLM,"Gustavia, Saint-Barthélemy",17.90299026,-62.85264581,eaa24aa300a742d98f6ac5f1eca4da4c,1073
-8434443.39748304,2693416.10570193,port388,Georgetown,The Bahamas,BHS,"Georgetown, The Bahamas",23.50673765,-75.76789417,cdecaa71d4514008bd452f305a6d7dab,1074
6939497.33373409,2889132.93378211,port431,Gwadar,Pakistan,PAK,"Gwadar, Pakistan",25.10895254,62.33856519,5d3ac859b89e4bada45ac983903c6936,1075
3955017.45189865,4015696.44566915,port132,Beirut,Lebanon,LBN,"Beirut, Lebanon",33.90234183,35.52852626,c453db9238d043ddbc340904b0033ff2,1076
-8198253.48315028,2397466.65159819,port721,Matthew Town,The Bahamas,BHS,"Matthew Town, The Bahamas",21.04685691,-73.64616407,d85f5cb74eb246f89f95b2a1647014a5,1077
7456537.62817285,2854053.46548132,port543,Karachi,Pakistan,PAK,"Karachi, Pakistan",24.82327471,66.98321718,1f3881a52c0946da9fb20d15cda0e54d,1078
3940162.09071766,3975692.33173319,port1173,Saida,Lebanon,LBN,"Saida, Lebanon",33.60355327,35.39507828,46d15057000f4b19b812534da49ce360,1079
-8609667.36370363,2885655.59556097,port798,Nassau,The Bahamas,BHS,"Nassau, The Bahamas",25.08066367,-77.34195784,59feec6cd70c45c282721d37b9248ce6,1080
7494230.56248955,2852227.27632341,port775,Muhammad Bin Qasim,Pakistan,PAK,"Muhammad Bin Qasim, Pakistan",24.80838458,67.32181857,901b90f205334577bb7bad1836d696a7,1081
3988206.9996299,4089925.60008613,port1274,Tripoli,Lebanon,LBN,"Tripoli, Lebanon",34.45398765,35.82667304,165279f8ec8d418d84aa9fc6cd1c8abc,1082
-8685927.94416024,2897347.56797181,port821,Nicholls Town,The Bahamas,BHS,"Nicholls Town, The Bahamas",25.1757543,-78.02701829,7c2ce83ccac644a0aea590976175ee8b,1083
12701181.1907254,2551806.94462121,port474,Hong Kong,Hong Kong SAR,HKG,"Hong Kong, Hong Kong SAR",22.33510926,114.0966519,b08dc280fe0f4667aec5343c54bff807,1084
4093948.9542412,5901764.29162406,port135,Berdyansk,Ukraine,UKR,"Berdyansk, Ukraine",46.75247146,36.77656918,09047a11096d49a9abb3202cb6c9c56e,1085
-7022102.08210229,2040387.12236731,port253,Coles Bay Oil Terminal,Sint Maarten,SXM,"Coles Bay Oil Terminal, Sint Maarten",18.02424968,-63.08061627,97084a9ef7614a8f992c2238ee0d2419,1086
11524623.7518347,1195724.05265167,port535,Sihanoukville (Kompong Som),Cambodia,KHM,"Sihanoukville (Kompong Som), Cambodia",10.67900004,103.5274566,b1194d7ebe6d4e00afce536a17077d81,1087
3412673.34108067,5833648.44046029,port489,Chornomorsk,Ukraine,UKR,"Chornomorsk, Ukraine",46.33159947,30.65656622,ab188f0a4a4c49a8970328d919530344,1088
-7018166.87353744,2038912.0016295,port902,Philipsburg,Sint Maarten,SXM,"Philipsburg, Sint Maarten",18.01164829,-63.04526569,c34130cbe88c40d18e3fc7b4fc59a4ec,1089
5640329.46179491,3022552.51656172,port1203,Sitrah,Bahrain,BHR,"Sitrah, Bahrain",26.18935646,50.66794163,83532458b5054f04aafb0dfebf18c70b,1090
4059146.56408634,5674817.06818969,port559,Kerch,Ukraine,UKR,"Kerch, Ukraine",45.33753599,36.46393399,1cc88374479846bcb0e669e478e3e562,1091
8887724.42275148,775572.740671666,port254,Colombo,Sri Lanka,LKA,"Colombo, Sri Lanka",6.949982173,79.8397869,830b022c3867486b80716686a86a366d,1092
4554579.20991538,-244569.006612498,port631,Lamu,Kenya,KEN,"Lamu, Kenya",-2.196462578,40.91448117,99cfc2e89b5e46dfbe16175aef1b4eae,1093
4175046.3398561,5950950.53438542,port707,Mariupol,Ukraine,UKR,"Mariupol, Ukraine",47.05435393,37.50507939,a8d27289787d4b23a7ca7b9530d665ab,1094
9027416.14148138,683545.049133059,port678,Hambantota,Sri Lanka,LKA,"Hambantota, Sri Lanka",6.128669137,81.09465896,ad292f9d6e824cf4a6a1e9b9a7a4417b,1095
4412088.69543475,-451006.915730904,port757,Mombasa,Kenya,KEN,"Mombasa, Kenya",-4.048091983,39.6344671,4e34566434344578909fc0eb18f2ee55,1096
3563955.86783096,5932200.41704702,port782,Mykolaiv,Ukraine,UKR,"Mykolaiv, Ukraine",46.93947485,32.01556028,82732d70884347bb858a2d1d65100f0b,1097
9039010.01524053,956701.513043638,port1319,Trincomalee,Sri Lanka,LKA,"Trincomalee, Sri Lanka",8.562149056,81.1988085,0de08dd111e14bcdb717390bfeadd496,1098
-17531285.3720795,223482.577486985,port576,Kiritimati,Kiribati,KIR,"Kiritimati, Kiribati",2.007167486,-157.486216,6f4af3a037264aa2beb32f1a0120f92c,1099
3421746.43506458,5861047.36218053,port843,Odesa,Ukraine,UKR,"Odesa, Ukraine",46.50128328,30.73807121,279b4ea79a064231bdec508f1437c13c,1100
15376010.4544344,1064149.08366462,port255,Yap,Micronesia,FSM,"Yap, Micronesia",9.515369659,138.125052,7f3a32da9f2a453eb8af6b2591d3a012,1101
19250906.5867114,151799.549251865,port1276,Betio (Tarawa),Kiribati,KIR,"Betio (Tarawa), Kiribati",1.363509834,172.9338362,5abc51af94194a2aac9f8209b6e7b42b,1102
3452914.35739092,5882431.01278576,port1419,Pivdennyi,Ukraine,UKR,"Pivdennyi, Ukraine",46.63334721,31.01805742,007a49ba90c14de5ab525d82f091d549,1103
18140222.5566852,596596.710053626,port640,Kosrae,Micronesia,FSM,"Kosrae, Micronesia",5.35152142,162.9563918,a02b919284f64f06a06b2a256fe1a143,1104
1530472.33783576,5709690.53376141,port592,Koper,Slovenia,SVN,"Koper, Slovenia",45.55731693,13.74846693,731bb3500be04bd988702f226ebdde11,1105
3878353.13123366,-2250663.00175518,port137,Beira,Mozambique,MOZ,"Beira, Mozambique",-19.8110704,34.83983895,a4f90c598b53444db0cb57d5ecd3f7d4,1106
16902786.0356206,831163.476660113,port755,Chuuk,Micronesia,FSM,"Chuuk, Micronesia",7.445425405,151.8403104,37b7427e43b8436a9c2b605621b1b0f6,1107
14967621.633176,818460.658353576,port688,Malakal,Palau,PLW,"Malakal, Palau",7.332261621,134.4564328,dd397900a63549dc9f7253f3c618f08a,1108
3620225.38800231,-2993586.67371698,port702,Maputo,Mozambique,MOZ,"Maputo, Mozambique",-25.95563087,32.52103798,2e8974691bc042ea89dd42662e246114,1109
17610987.5226114,778890.24135199,port927,Pohnpei,Micronesia,FSM,"Pohnpei, Micronesia",6.979563879,158.2021926,53fa63460ab947fa9427ff129b119780,1110
12743044.0874887,520685.382147464,port671,Lumut,Brunei Darussalam,BRN,"Lumut, Brunei Darussalam",4.672209645,114.4727127,4f8fa371cac84fde992838b3f1e34bc8,1111
4525269.10747645,-1635708.47089094,port784,Nacala,Mozambique,MOZ,"Nacala, Mozambique",-14.53535059,40.65118404,24958416c2c4413385f9c127275cca34,1112
-1526773.63866105,1064010.6685156,port258,Conakry,Guinea,GIN,"Conakry, Guinea",9.51414336,-13.71524095,a8ec20b72a624f4b8b4a0553b5bf6386,1113
12811791.865793,558546.343812968,port774,Muara,Brunei Darussalam,BRN,"Muara, Brunei Darussalam",5.011106351,115.0902845,511e9420c98049248400ded6433334c6,1114
4506967.17129586,-1455938.3850165,port896,Pemba,Mozambique,MOZ,"Pemba, Mozambique",-12.96679021,40.48677495,175f9f9ef4da4b979fd07cd354724594,1115
-1626023.00419688,1192233.08935169,port536,Kamsar,Guinea,GIN,"Kamsar, Guinea",10.64818175,-14.60681317,e505d0b3ba6e491ba93a27207e463ea5,1116
2954921.10389922,8293717.57068979,port607,Kunda,Estonia,EST,"Kunda, Estonia",59.52036316,26.54450791,64dd7807d7d348eabb8ef776c089dc2e,1117
-9818649.34720009,1976946.8584753,port142,Belize City,Belize,BLZ,"Belize City, Belize",17.48149658,-88.20242778,87b0b10b4f644a3d94e859f06d351e90,1118
3189129.59920075,5485852.32947363,port260,Constanta,Romania,ROU,"Constanta, Romania",44.13174253,28.64843862,4617655e823e4f27b20685e1a93a11c9,1119
2779530.87645316,8287912.39535431,port781,Muuga-Port of Tallinn,Estonia,EST,"Muuga-Port of Tallinn, Estonia",59.49390125,24.96895069,9aa4e3657ce9473c9ab059c3f7eac5e0,1120
-9841048.07775238,1864486.43190141,port148,Big Creek,Belize,BLZ,"Big Creek, Belize",16.51539604,-88.403639,2442accc5e0a486a8d4e02630d28af2c,1121
3190331.93541733,5518472.20932126,port737,Midia,Romania,ROU,"Midia, Romania",44.3416871,28.65923939,e0b6165bf1ac46199797f80af85f2db0,1122
2678851.55639834,8255951.4355372,port874,Paldiski,Estonia,EST,"Paldiski, Estonia",59.34784057,24.06453297,421350810373480aa760dd938972ec20,1123
5009040.80064757,1167861.51838882,port146,Berbera,Somalia,SOM,"Berbera, Somalia",10.4329427,44.9969791,3b28ddf56d314aa594d0e3c333f5278d,1124
-9703609.83621004,1400499.91010289,port261,Corinto,Nicaragua,NIC,"Corinto, Nicaragua",12.48100933,-87.16901027,70405a236281440cbb62a6b4dcacdbfa,1125
2726658.23603432,8050885.40594266,port887,Parnu,Estonia,EST,"Parnu, Estonia",58.39560686,24.49398768,178b40fa10ae4a7987013aa98829356f,1126
-6446253.13892526,-4146487.91250914,port621,La Plata,Argentina,ARG,"La Plata, Argentina",-34.87191068,-57.9076772,63b45ccfda6543109ed98890d63ed763,1127
-6933363.55409413,-4690513.08476632,port1048,Bahia Blanca,Argentina,ARG,"Bahia Blanca, Argentina",-38.78214152,-62.28346451,d0f92b7a022f452d922665eafb044dff,1128
-7240710.04021187,-5270788.37526475,port1050,Madryn,Argentina,ARG,"Madryn, Argentina",-42.72883466,-65.04440497,5c544985e432409c96b830b0f6e2f557,1129
-6762700.73368997,-3849819.98799112,port1059,San Martin,Argentina,ARG,"San Martin, Argentina",-32.65666374,-60.75037431,82f85017afe54944b0ec5a0d9ad366ec,1130
-6535244.72173948,-4660981.92894018,port1077,Quequen,Argentina,ARG,"Quequen, Argentina",-38.57504499,-58.70710219,23825310d35d4e568d4afe5dadb5e42d,1131
-6743009.04825089,-3901751.98091904,port1108,Rosario,Argentina,ARG,"Rosario, Argentina",-33.04856538,-60.57348089,3b6d5e010ca04a259de4ad08db130a86,1132
-6693452.96389278,-3947353.79289215,port1145,San Nicolas,Argentina,ARG,"San Nicolas, Argentina",-33.39126531,-60.12831101,f416f60e2b3d4e9facba64ef23bb798f,1133
-6579236.18408973,-4032980.83242944,port1422,Zarate,Argentina,ARG,"Zarate, Argentina",-34.03111542,-59.10228422,87ae483c60e847919cdb843f1b525640,1134
-7683335.76197027,1367272.9225918,port189,Bullen Baai,Curaçao,CUW,"Bullen Baai, Curaçao",12.18941721,-69.02057948,a1406b4cf12c408ab895b3e28e30095d,1135
-7665669.38104527,1353970.48749768,port216,Caracas Bay,Curaçao,CUW,"Caracas Bay, Curaçao",12.07258785,-68.86187968,0ae607ce83e140b39e1b4792343def85,1136
-7673252.56049287,1359796.71602028,port1397,Willemstad,Curaçao,CUW,"Willemstad, Curaçao",12.12376332,-68.93000054,509ee397ed504d67bc815a7af776e7c6,1137
3059311.88813475,5231567.50244346,port193,Burgas,Bulgaria,BGR,"Burgas, Bulgaria",42.46948481,27.48226628,f837b97245074f349fbd8d9b4087dc71,1138
3106713.25795753,5341282.733844,port1355,Varna,Bulgaria,BGR,"Varna, Bulgaria",43.19226667,27.90808003,511899c2fb4542809a82e234a0671b3d,1139
2349573.37174637,7570335.11875236,port197,Butinge Oil Terminal,Lithuania,LTU,"Butinge Oil Terminal, Lithuania",56.05982885,21.10657671,299460f509ab42269f1bf4f10eedc698,1140
2353084.86382021,7495808.16666974,port579,Klaipeda,Lithuania,LTU,"Klaipeda, Lithuania",55.6842213,21.13812098,f26b2139c2544093b59432d9093c20db,1141
9829464.40642456,2575970.44797755,port207,Kolkata (Syama Prasad Mookerje Port),India,IND,"Kolkata (Syama Prasad Mookerje Port), India",22.53574401,88.29958111,f249c72988f340889336ae3b789b03fa,1142
8938315.10600423,1471212.74784569,port235,Chennai (Madras),India,IND,"Chennai (Madras), India",13.10046724,80.29425074,885c7325b55f410c806a7f50e3fc785b,1143
8079024.80821464,2475903.74864351,port271,Dahej,India,IND,"Dahej, India",21.70299817,72.57511466,9f444f5b830d4917bef61b3a99d8da4f,1144
9680287.42661691,2371349.87638504,port290,Dhamra Port,India,IND,"Dhamra Port, India",20.82773698,86.9595015,30897f7645a942fd96753b627a00d606,1145
9807714.06181236,2518465.10162508,port442,Haldia,India,IND,"Haldia, India",22.0577906,88.10419444,37ecc25d36c640349906f484a377ca82,1146
8150665.36374975,1955219.39043182,port511,Jaigad Port,India,IND,"Jaigad Port, India",17.29523509,73.21867272,5047177b98ec4e0da25e4b6877c3299b,1147
9158465.19417048,1919320.42410763,port529,Kakinada,India,IND,"Kakinada, India",16.98707395,82.27189263,4219a1d184264da0a3487b2fdc83680d,1148
8943246.01064128,1491663.28094761,port534,Kamarajar Port,India,IND,"Kamarajar Port, India",13.27933099,80.33854581,fcd76f2c63c44a8b802572ab9811550b,1149
7816370.94584464,2633121.48782537,port540,Deendayal (Kandla),India,IND,"Deendayal (Kandla), India",23.0091192,70.21565487,24047fc9a9db476daade044a4ce03b4e,1150
8888032.95251257,1214027.70678872,port544,Karaikal,India,IND,"Karaikal, India",10.84053369,79.84255847,ee4efc2357874e8aa3239955cf5bd2e9,1151
8489137.77023676,1115425.77696956,port583,Cochin (Kochi),India,IND,"Cochin (Kochi), India",9.969351911,76.25922208,03f94cf3eb3942faa7525245246ae81b,1152
8918686.27711562,1604137.34248362,port599,Krishnapatnam Port,India,IND,"Krishnapatnam Port, India",14.26065023,80.11792197,2ec26864b5934a00b4b2cdf0528ba600,1153
8090415.09309667,2407898.71329543,port679,Magdalla,India,IND,"Magdalla, India",21.13429214,72.67743533,ffedf943a249437783d684b5fdf5b21a,1154
8215548.85291038,1736187.34239162,port709,Mormugao,India,IND,"Mormugao, India",15.40731887,73.80153102,b49a79da507a4c1fbf0e0f936cf2a13c,1155
8119604.7400542,2145204.42382806,port776,Mumbai-Jawaharlal Nehru (Nhava Sheva),India,IND,"Mumbai-Jawaharlal Nehru (Nhava Sheva), India",18.91732276,72.93965039,926f6c0832684f1cab0ee7441ccc4e35,1156
7750287.68081572,2603378.92339091,port777,Mundra,India,IND,"Mundra, India",22.76296998,69.6220188,836becdc81bc48ed9d05f19e3253d626,1157
7842731.01275946,2626848.71759481,port801,Navlakhi,India,IND,"Navlakhi, India",22.95724298,70.45245138,9e1891d7b0094e0a9273486e3d788e40,1158
8328799.57322927,1452622.83709331,port811,New Mangalore,India,IND,"New Mangalore, India",12.93776393,74.81887955,7ee572f618dc41a7ae9c8b9168b353b9,1159
9645713.83920384,2306284.20632776,port883,Paradip,India,IND,"Paradip, India",20.28045307,86.64892168,644e04e9595641e599a7c1b582a93f6a,1160
7955523.50197923,2380899.30094344,port907,Pipavav,India,IND,"Pipavav, India",20.90789389,71.46568355,7735fa8945344b2aaa5faa217e03c7e1,1161
7770975.93395862,2555385.04174024,port1199,Sikka,India,IND,"Sikka, India",22.36483725,69.80786454,6eff445f193b4f288087638d2d419a40,1162
8703948.22755759,979647.969384449,port1331,V. O. Chidambaranar (Tuticorin),India,IND,"V. O. Chidambaranar (Tuticorin), India",8.765928225,78.18889725,ccf6cde4a0fb4383a33e987703ffb092,1163
9265278.09237698,1997258.73474127,port1367,Visakhapatnam,India,IND,"Visakhapatnam, India",17.65545047,83.23140922,906332162ba54b8b9b13cb846d4ba905,1164
6302098.92905124,2815884.57254977,port988,Port of Sohar,Oman,OMN,"Port of Sohar, Oman",24.51168743,56.6127179,b5873bd0723143629bfbb5b2b2d9fbf1,1165
-8866675.06365198,110262.571837642,port330,Esmeraldas,Ecuador,ECU,"Esmeraldas, Ecuador",0.990456202,-79.65069729,898f11d82c004e58933ac9c1e5001af0,1166
6614142.44423506,2589982.61760694,port1068,Qalhat LNG Terminal,Oman,OMN,"Qalhat LNG Terminal, Oman",22.65195684,59.41585249,d95f6585624d4514a177d8db6c31d55a,1167
4392849.6439508,1758386.32071476,port751,Massawa,Eritrea,ERI,"Massawa, Eritrea",15.59947972,39.46163976,c66c96c9a1ee40e8b948ecfca64d21db,1168
-8896532.93590925,-251774.946992496,port426,Guayaquil,Ecuador,ECU,"Guayaquil, Ecuador",-2.261145668,-79.91891512,9451b1ea76d64fabab276479ecca66bf,1169
-6257693.0387083,-4148683.50302647,port764,Montevideo,Uruguay,URY,"Montevideo, Uruguay",-34.88809074,-56.213813,61a1cbba77514246a5ac19a83b82c27f,1170
-9005797.71157897,-247510.7989667,port619,La Libertad,Ecuador,ECU,"La Libertad, Ecuador",-2.222869498,-80.9004573,7f1c3218363d45e3ac2d77ada8ae54f2,1171
4814228.53028581,-1312201.25766389,port769,Moroni,Comoros,COM,"Moroni, Comoros",-11.70541816,43.2469507,e78b724f03ae42dbb4f2617a7e29f144,1172
-8986154.47683506,-104268.69713577,port697,Manta,Ecuador,ECU,"Manta, Ecuador",-0.936619925,-80.72399912,58e0dda8cef640fc90a28f2386a8de4a,1173
4941739.58239071,-1364806.66171574,port773,Mutsamudu,Comoros,COM,"Mutsamudu, Comoros",-12.16776101,44.39240197,07c5f6de4c94421da17ebcd6a95b30c6,1174
-8905422.77240783,-363018.874674458,port1028,Puerto Bolivar,Ecuador,ECU,"Puerto Bolivar, Ecuador",-3.259294792,-79.99877388,d8d5d4b054e748129c3978af54a04282,1175
18580425.3529535,-59064.8704141655,port800,Nauru,Nauru,NRU,"Nauru, Nauru",-0.530581175,166.9108008,4d613c2343734cc8a99e02d123e6ed8f,1176
-19367916.6074226,-2114012.09832972,port803,Neiafu,Tonga,TON,"Neiafu, Tonga",-18.65204266,-173.9849551,82458dcbb8e74025abc4a388cd605700,1177
-596663.739530325,4319437.87126224,port332,Gibraltar,Gibraltar,GIB,"Gibraltar, Gibraltar",36.13663072,-5.359921567,b6d58147c2e1486ead76c80040d4d663,1178
-19501078.5853101,-2408426.02374543,port836,Nuku'alofa,Tonga,TON,"Nuku'alofa, Tonga",-21.13871037,-175.1811695,9238005628364d6b8413e7afc0febe4c,1179
-8643846.76100744,2095386.6214083,port336,Falmouth,Jamaica,JAM,"Falmouth, Jamaica",18.493441,-77.64899659,4f8e14040783474a935f7cc852973e18,1180
-1897600.46515383,2373875.23224057,port830,Nouadhibou,Mauritania,MRT,"Nouadhibou, Mauritania",20.84893872,-17.04643501,c8c53b6ae3ef43f390658adb31c2388f,1181
-8549830.78967419,2035547.56277826,port572,Kingston,Jamaica,JAM,"Kingston, Jamaica",17.98290381,-76.80443675,cc4f835488e44ce5bf2d1f574c45d109,1182
-1783961.62052474,2036662.54019563,port831,Nouakchott,Mauritania,MRT,"Nouakchott, Mauritania",17.99243027,-16.0255999,764a441abd6849b5a1235a8dbab7b85f,1183
5993027.42274583,4586119.62248757,port847,Okaram,Turkmenistan,TKM,"Okaram, Turkmenistan",38.04736897,53.83628132,7bee153e0e5e46de94896490a996dc0c,1184
-8675500.94579387,2091544.82117799,port763,Montego Bay,Jamaica,JAM,"Montego Bay, Jamaica",18.46070857,-77.93335097,4fbab08baac744f686e8d315c4a45c91,1185
5900620.63699091,4867337.77077989,port1330,Turkmenbashi Port,Turkmenistan,TKM,"Turkmenbashi Port, Turkmenistan",40.00960239,53.00617704,9ead62c96564408fb47a0dc976409fdb,1186
-8584382.95253805,2085534.17555508,port840,Ocho Rios,Jamaica,JAM,"Ocho Rios, Jamaica",18.40948489,-77.11482411,dda69c0d214a49dba0be900dc8690418,1187
-7793858.58814851,1402416.16751394,port871,Oranjestad-Barcadera,Aruba,ABW,"Oranjestad-Barcadera, Aruba",12.49781601,-70.01342292,c7526af8d56749be83750aacedd56dec,1188
-8586244.17768869,2025007.09826357,port949,Port Esquivel,Jamaica,JAM,"Port Esquivel, Jamaica",17.89281983,-77.13154378,0a64ddbd68b14632bdfe145656266fce,1189
-7781922.21325925,1394898.93562841,port1202,Sint Nicolaas Baai,Aruba,ABW,"Sint Nicolaas Baai, Aruba",12.43187931,-69.90619664,1fce980094db4c1b909afa9dbdd3899d,1190
-8619827.8075493,2091833.64405021,port1102,Rio Bueno,Jamaica,JAM,"Rio Bueno, Jamaica",18.46316958,-77.43323066,7c72056468d44e9fa1d542b4f980de0e,1191
-19000365.0630629,-1606361.71761261,port872,Pago Pago Harbor,American Samoa,ASM,"Pago Pago Harbor, American Samoa",-14.28001556,-170.6831834,6fef163146014c6aad7c07e4f3321124,1192
-6795716.08200286,1643346.06615733,port350,Fort De France,Martinique,MTQ,"Fort De France, Martinique",14.60175429,-61.04695623,67e9ef650f92412094a0765dc3ce93c8,1193
-2558527.85278248,1892261.45225132,port877,Palmeira,Cabo Verde,CPV,"Palmeira, Cabo Verde",16.75446077,-22.98364675,80c8b7c38ccf4e4ba6d9035cb492f0cc,1194
-1469625.13311123,948202.08933252,port360,Freetown,Sierra Leone,SLE,"Freetown, Sierra Leone",8.486640908,-13.20186719,694a78a2d27a4674a3f5834915fcdf57,1195
-2727722.38357461,1680111.54315679,port979,Port Vale Knights,Cabo Verde,CPV,"Port Vale Knights, Cabo Verde",14.92112319,-24.50354708,f64911da248b435a8eb309baaec4e14b,1196
19947929.8157147,-950012.185910098,port366,Funafuti,Tuvalu,TUV,"Funafuti, Tuvalu",-8.502722899,179.1953024,113129dcec544bd2aa9a5de23bdeabc9,1197
2469897.81675004,8499429.92371331,port368,Turku,Finland,FIN,"Turku, Finland",60.44475295,22.18746959,c371e8f95d164f8b9a73a93a144de294,1198
-2615973.03479402,1678835.87914171,port998,Porto Da Praia,Cabo Verde,CPV,"Porto Da Praia, Cabo Verde",14.91004982,-23.4996856,580445f95a70459296fd62369ac0502d,1199
3023782.00061727,8519412.12339027,port448,Hamina,Finland,FIN,"Hamina, Finland",60.53317456,27.16309587,41b4a424bf9f4774a4bc54e97cdb7dbf,1200
-2782504.10539317,1908515.18576127,port1009,Porto Grande,Cabo Verde,CPV,"Porto Grande, Cabo Verde",16.89422079,-24.99565966,120e5a33f3584baf996600e7d432cf9f,1201
2552526.99752008,8359795.92328293,port450,Hanko,Finland,FIN,"Hanko, Finland",59.82011054,22.92974015,3d6fda4630e6490491c57a1598f442cd,1202
-2551979.50488727,1825499.05124863,port1131,Sal Rei,Cabo Verde,CPV,"Sal Rei, Cabo Verde",16.17932575,-22.92482194,ad13f3ac2b99473d96133861803b5639,1203
2788195.7896942,8441235.11174948,port460,Helsinki,Finland,FIN,"Helsinki, Finland",60.1858635,25.04678893,ef5d80de6f9e415a9cebd13d160acfb1,1204
-6140135.39846008,645007.462064875,port884,Paramaribo,Suriname,SUR,"Paramaribo, Suriname",5.784349723,-55.15777475,b670b084937941a2b0ebb58259067b95,1205
3209561.9978524,8680416.80862735,port491,Imatra,Finland,FIN,"Imatra, Finland",61.23687322,28.83198598,c10406e4182b4742a387043147a6999e,1206
-7430487.09400774,2037086.06073487,port910,Guayanilla,Puerto Rico,PRI,"Guayanilla, Puerto Rico",17.99604873,-66.74920125,8d34c007db394bc5b19ef600bcf84f3e,1207
2663602.17208733,8403660.13423708,port497,Inkoo,Finland,FIN,"Inkoo, Finland",60.01761237,23.92754542,2ecd9e5e17a84a71afa175056eebc32e,1208
-7329443.18369627,2043144.99177959,port1060,Puerto Yabucoa,Puerto Rico,PRI,"Puerto Yabucoa, Puerto Rico",18.04780668,-65.84150836,317450b66ac642c69983ffbfd382b68e,1209
2527380.72271063,9275752.083166,port515,Jakobstad,Finland,FIN,"Jakobstad, Finland",63.7070198,22.70384732,58e4f6918c7f4c128e8afb0d9614206d,1210
-7359996.65916886,2088858.30292357,port1143,San Juan,Puerto Rico,PRI,"San Juan, Puerto Rico",18.43781552,-66.1159749,8b52e919c9bb486091060eda4030c4c3,1211
3312047.50002243,8998848.98462871,port522,Joensuu,Finland,FIN,"Joensuu, Finland",62.58351672,29.75262891,66ff3994edf04114a278770cb1451c4a,1212
1317561.25596826,-533337.451492669,port919,Point Noire,Republic of Congo,COG,"Point Noire, Republic of Congo",-4.785478217,11.83585414,04805f4d4b6643478b825307698a8889,1213
-6851569.13035567,1831437.00552842,port922,Pointe A Pitre,Guadeloupe,GLP,"Pointe A Pitre, Guadeloupe",16.23054802,-61.5486927,27efe3ae285143e9a92285b19f0c0395,1214
3168290.7541639,8656537.83460927,port525,Joutseno,Finland,FIN,"Joutseno, Finland",61.13348446,28.46124009,5ecdf57b5f0349229234f1233fc0fac6,1215
6156794.30459755,-2383639.1572889,port950,Port Est,Réunion,REU,"Port Est, Réunion",-20.93088407,55.30742425,addef56e44ce4df781fc2f124c86d247,1216
2362085.57564482,8944158.95708105,port550,Kaskinen,Finland,FIN,"Kaskinen, Finland",62.35643769,21.21897575,a965f1b2f256465faa44516ff4467562,1217
10428684.6829977,2197669.31325268,port961,Kyaukpyu,Myanmar,MMR,"Kyaukpyu, Myanmar",19.36256828,93.68246844,3ac96e1333704d39bd04283667391eb7,1218
3143346.29491209,8641758.10919944,port551,Kaukas,Finland,FIN,"Kaukas, Finland",61.06932264,28.2371602,689133ee328442c098d2af2e4dfeb653,1219
10710357.2399197,1887796.42747086,port1086,Yangon,Myanmar,MMR,"Yangon, Myanmar",16.71604961,96.21277607,16f32bbb259642e4a07020373fc2b664,1220
2730015.05412848,9785941.26098579,port557,Kemi,Finland,FIN,"Kemi, Finland",65.66568485,24.52414249,64eb0c7bdf4e45f4b3cc5ad67fa23fee,1221
6400409.84344981,-2290739.95311012,port965,Port Louis,Mauritius,MUS,"Port Louis, Mauritius",-20.14941789,57.49585987,89135ece7527438da710db0a5787ba59,1222
2564721.20170835,9313088.28357965,port586,Kokkola,Finland,FIN,"Kokkola, Finland",63.85519828,23.03928255,b265408f67204bee9e964f4203211fe7,1223
4144796.94470456,2226169.90739815,port977,Port Sudan,Sudan,SDN,"Port Sudan, Sudan",19.603933,37.23334445,51b5c950e1e946cd8dd3fb1ecfa59e99,1224
2997437.81676739,8503417.45983357,port597,Kotka,Finland,FIN,"Kotka, Finland",60.46241713,26.92644204,f2b77dc11761441b89d760a1f4ad6d16,1225
4157725.29314225,2168593.14173906,port1172,Suakin,Sudan,SDN,"Suakin, Sudan",19.1159604,37.34948178,750245d1363141daa5866d7d17de825b,1226
2388258.75271933,8767861.06365204,port698,Pori,Finland,FIN,"Pori, Finland",61.61259472,21.4540934,3a74a156733d44ed9763f692dea3fc97,1227
-10106700.7625265,1565775.02773566,port1057,Puerto Quetzal,Guatemala,GTM,"Puerto Quetzal, Guatemala",13.92640929,-90.79003767,a8d7ab77a78a41478d2d1529309421e7,1228
2456010.27278798,8501682.21965447,port783,Naantali,Finland,FIN,"Naantali, Finland",60.45473146,22.06271566,2fe817db1aeb4768a7c7298edfba5e52,1229
-9863823.1026926,1771093.99889397,port1159,Puerto Barrios,Guatemala,GTM,"Puerto Barrios, Guatemala",15.70940032,-88.60823053,c2f4ea9f06d24704a044c44b6a00cfa9,1230
2830325.46473039,9607889.74668774,port867,Oulu,Finland,FIN,"Oulu, Finland",64.99817095,25.42524624,d2ff92aa05454b3f9ac1beeeda58be57,1231
5743028.10739396,2987753.51970999,port1090,Ras Laffan,Qatar,QAT,"Ras Laffan, Qatar",25.90850676,51.59049926,400466b383894304852a7c9748c39301,1232
2842658.81494257,8469559.17469857,port1015,Skoldvik,Finland,FIN,"Skoldvik, Finland",60.31212422,25.53603861,f0080279d2a44cf3bcefe1b413d6741c,1233
2717027.84773643,9518870.861091,port1079,Raahe,Finland,FIN,"Raahe, Finland",64.65804796,24.40747643,25191fafc1f1453da593f5a3f2299d8d,1234
5700148.49075941,3017124.218575,port1117,Al Ruwais,Qatar,QAT,"Al Ruwais, Qatar",26.14559103,51.20530511,4f9f68f980454b33914769b5b48cd050,1235
2389019.5357229,8653690.30924469,port1092,Rauma,Finland,FIN,"Rauma, Finland",61.12113289,21.46092763,00995535e7be48caa13c406c6d914080,1236
5740426.83583451,2871272.93089847,port1342,Doha-Umm Said,Qatar,QAT,"Doha-Umm Said, Qatar",24.96358831,51.56713164,f691ec2fd9174aeb95a1ae4cee5a8544,1237
2690632.41907216,9813660.09490431,port1311,Tornio,Finland,FIN,"Tornio, Finland",65.76808593,24.17036226,790504c2faf54adeb0d5eaa30375151e,1238
-7191686.61182485,2087073.56076834,port1106,Road Harbor,British Virgin Islands,VGB,"Road Harbor, British Virgin Islands",18.42260523,-64.60402002,eb9d72207d73477d8536a85f74d66e9e,1239
-6833802.40047571,1725179.74125118,port1110,Roseau,Dominica,DMA,"Roseau, Dominica",15.3119678,-61.38909145,2b79ef62c8b347f88197a9d57207f8f8,1240
16156227.5924373,1589738.21485605,port1113,Rota,Northern Mariana Islands,MNP,"Rota, Northern Mariana Islands",14.13525179,145.1338618,a7c4476bbbdd4e92beaccd683fce1689,1241
16223136.0387952,1715160.80574366,port1126,Saipan,Northern Mariana Islands,MNP,"Saipan, Northern Mariana Islands",15.22514305,145.7349106,acbe7b2cd2614bf8bf0734851d2c9b3a,1242
16210378.0013861,1685175.18500495,port1300,Tinian,Northern Mariana Islands,MNP,"Tinian, Northern Mariana Islands",14.96507238,145.6203032,0aad9cae77aa4209b1a9b2cca20becac,1243
740535.215374884,39202.5326234881,port1163,Sao Tome,São Tomé and Príncipe,STP,"Sao Tome, São Tomé and Príncipe",0.352160125,6.652341024,f791568e1ad94e75bffc173da185b4e0,1244
-189511.878634973,550443.846699685,port1177,Sekondi,Ghana,GHA,"Sekondi, Ghana",4.938594581,-1.702414171,f1f48f46743b44de9fa49c3bc0fef2a5,1245
-193911.252740996,545207.656560785,port1255,Takoradi,Ghana,GHA,"Takoradi, Ghana",4.891730059,-1.741934421,34c3f9474dc444ad843d579a264aca1b,1246
87.9004302786571,627311.111673576,port1282,Tema,Ghana,GHA,"Tema, Ghana",5.626168215,0.000789623,70f8974804704546932b17e71b9d0d47,1247
11581071.0047051,151215.172941959,port1182,Serangoon Harbor,Singapore,SGP,"Serangoon Harbor, Singapore",1.358261773,104.0345309,e102a9b5c8e3469b85b9f0595fc30dad,1248
11544664.0431648,141608.829030549,port1201,Singapore,Singapore,SGP,"Singapore, Singapore",1.271989257,103.7074816,9c50d7b7ca3e4b7690ab89d16029d418,1249
-6885225.22252562,1935255.60526843,port1221,Port of Saint John's,Antigua and Barbuda,ATG,"Port of Saint John's, Antigua and Barbuda",17.12392658,-61.85103052,0b62cdc7a90a430e9645c0c42adbe698,1250
-6873751.56491097,1350347.02493183,port1223,Saint George's,Grenada,GRD,"Saint George's, Grenada",12.04075574,-61.7479609,e4c4a5a0dc314e5f8b503c713881b7bc,1251
6174032.22570804,-515160.473870513,port1361,Victoria,Seychelles,SYC,"Victoria, Seychelles",-4.622741734,55.46227513,ea719acd3d9f42bf8439af64b6fd2c78,1252
5474818.1066745,1265079.51384218,port157,Bosaso,Somalia,SOM,"Bosaso, Somalia",11.2906123,49.18112783,d7722ad4108e4df4b91bb844cba51ba3,1253
-9282791.20862704,1576783.22800489,port1030,Puerto Cabezas,Nicaragua,NIC,"Puerto Cabezas, Nicaragua",14.0223709,-83.38873222,076906286b2d40e5a5f37ac22318e5b3,1254
2751000.53476458,8277984.79032036,port1258,Tallinn,Estonia,EST,"Tallinn, Estonia",59.44859983,24.71265827,cc9b5344fa5d4c399effe5c932e10886,1255
5046628.01039108,225404.887351146,port778,Mogadishu,Somalia,SOM,"Mogadishu, Somalia",2.024425203,45.33463075,110fc283fd924ed6a1b76ad5653de672,1256
-930679.569834374,6777104.27534228,port262,Cork,Ireland,IRL,"Cork, Ireland",51.87249837,-8.360436822,8732232a75f04d8e96e2960be34f49aa,1257
18672293.8555371,975483.5248699,port612,Ebeye,Marshall Islands,MHL,"Ebeye, Marshall Islands",8.728953524,167.7360696,3b3c1d483b52473a890a8e51c54f5a5f,1258
12587721.4825341,364326.636907786,port149,Bintulu,Malaysia,MYS,"Bintulu, Malaysia",3.271023549,113.077426,496c12a84fb1403cb0dce8bb5d9482c1,1259
-705684.114816481,7116740.33141088,port303,Drogheda,Ireland,IRL,"Drogheda, Ireland",53.71699842,-6.339268261,7b734836ca8e4f9eb67e858b260998a0,1260
19076272.7662997,790709.262306848,port683,Majuro,Marshall Islands,MHL,"Majuro, Marshall Islands",7.084937245,171.3650739,f7627fc6ebb7446d981d2914af6be37e,1261
11568310.8188298,162260.150944358,port523,Johor,Malaysia,MYS,"Johor, Malaysia",1.457450535,103.9199042,0a6341eacdcd4ca98a6fedd398d94d6f,1262
-690730.270617819,7047317.44550088,port307,Dublin,Ireland,IRL,"Dublin, Ireland",53.34632538,-6.204935593,b28b0cb27fb24ad1a54a2c6d6c3fcea9,1263
-9569948.5347465,1805549.03430526,port1033,Puerto Castilla,Honduras,HND,"Puerto Castilla, Honduras",16.00713483,-85.96831037,18022ae44413478c95a844f56e1edf93,1264
11517015.5655767,474379.837167216,port556,Kemaman Harbor,Malaysia,MYS,"Kemaman Harbor, Malaysia",4.257503129,103.4591111,23a77e3193de470886603a6106d3e605,1265
-1010094.61738076,6912698.39689519,port353,Shannon Foynes,Ireland,IRL,"Shannon Foynes, Ireland",52.61827216,-9.073834332,cccd84f1916c49ed93c863c8b3e4c816,1266
11516316.8020011,509786.095500115,port577,Kirteh Oil Terminal,Malaysia,MYS,"Kirteh Oil Terminal, Malaysia",4.574618296,103.452834,773a6addc3f7418da24e5f145cd6e7ce,1267
-9790389.4116866,1786723.36945232,port1036,Puerto Cortes,Honduras,HND,"Puerto Cortes, Honduras",15.84451204,-87.94856446,3201fee622504ba99fcf81fc26af2e5e,1268
-1006791.18121257,7033040.73995956,port374,Galway,Ireland,IRL,"Galway, Ireland",53.26969446,-9.04415906,3627374cc4424f7f8e00ccd416983483,1269
12922157.0702514,668554.15613541,port596,Kota Kinabalu,Malaysia,MYS,"Kota Kinabalu, Malaysia",5.994756636,116.081712,e3c7db5548f144d4a652407105d8dc13,1270
-9732161.06366147,1505731.22627436,port1043,San Lorenzo (Henecan),Honduras,HND,"San Lorenzo (Henecan), Honduras",13.40229522,-87.42549031,12024b41c08f4cd2b5b36387c6fbb4b4,1271
-962689.93981064,6919653.67559341,port648,Limerick,Ireland,IRL,"Limerick, Ireland",52.65618894,-8.647990868,954e49521e404613bd11d5e6abc42385,1272
11509676.2381529,443600.939442211,port603,Kuantan,Malaysia,MYS,"Kuantan, Malaysia",3.981726241,103.3931808,d5f6b293fa2f425a9c37cc66c9611168,1273
19752665.0538867,-1991569.88448447,port636,Lautoka,Fiji,FJI,"Lautoka, Fiji",-17.60674719,177.4412092,21373d4c20734f73b884e22c2139d6a4,1274
-697367.008749068,7189742.8567683,port1382,Warren Point,United Kingdom,GBR,"Warren Point, United Kingdom",54.10329186,-6.264554426,6497f307fcee4c23b82e9df69929d819,1275
12292084.9452349,174376.80718557,port604,Kuching,Malaysia,MYS,"Kuching, Malaysia",1.566258403,110.4216778,7495c58ffb504c77862b2197f23cc6ff,1276
19908012.872706,-2000866.93940696,port643,Levuka,Fiji,FJI,"Levuka, Fiji",-17.68633414,178.8367224,da76100417fe46a6974a18d110af551e,1277
-783705.284932378,6848605.91942035,port1384,Waterford,Ireland,IRL,"Waterford, Ireland",52.26732278,-7.040144357,417ad152f1fd4f5693f671bbb921da6b,1278
13175785.0714975,559659.811960699,port628,Lahad Datu,Malaysia,MYS,"Lahad Datu, Malaysia",5.021070498,118.3600911,e770a798e06a46a9b26c59546e43f405,1279
19966589.6340394,-1846924.6620438,port687,Malau,Fiji,FJI,"Malau, Fiji",-16.36408559,179.3629264,e182197b7fe34a888b77809387292feb,1280
269718.651661907,707851.410785695,port265,Cotonou,Benin,BEN,"Cotonou, Benin",6.345724287,2.422923872,9b30f6ca8a644c098fb7db382c8a94c4,1281
11203569.3902999,471015.739127169,port672,Lumut,Malaysia,MYS,"Lumut, Malaysia",4.227365727,100.6433762,89eb0238040448a7ac9189f836184ed3,1282
19862177.5065179,-2051239.7133057,port1240,Suva,Fiji,FJI,"Suva, Fiji",-18.11693144,178.4249763,0adca453d49140ffabe6421d506c3b4b,1283
14071192.4904956,4440950.61250785,port270,Daesan,Korea,KOR,"Daesan, Korea",37.01322694,126.4036728,119c530a0d6e409f8a3f2d8d86c785da,1284
13142407.480656,647350.338446207,port891,Sandakan,Malaysia,MYS,"Sandakan, Malaysia",5.805288589,118.0602551,a40078a17d834e23916745f250eee9a4,1285
976492.487556616,-76469.4415940268,port952,Port Gentil,Gabon,GAB,"Port Gentil, Gabon",-0.686920225,8.771981264,18ba5896224e4406b89fc65bb9b98b17,1286
14217341.679228,4147137.37992447,port432,Gwangyang (Kwangyang),Korea,KOR,"Gwangyang (Kwangyang), Korea",34.87669716,127.7165533,259443bc082c4126ad2ef415bc6a7fca,1287
11369704.9694649,252051.384641789,port892,Pelabuhan Sungai Udang,Malaysia,MYS,"Pelabuhan Sungai Udang, Malaysia",2.263627014,102.1357975,20b0b9f5484848da9841e789a6f4d42e,1288
1057521.47168588,33092.0739029418,port973,Port Owendo,Gabon,GAB,"Port Owendo, Gabon",0.297269824,9.499877013,199c937909bc4ebb8e87c5252eb5e8f8,1289
14095283.0969703,4501226.85309536,port494,Incheon,Korea,KOR,"Incheon, Korea",37.44435778,126.6200824,e627d091a5614b30ab0a326e31aaccb8,1290
11331164.0912097,283949.191117243,port945,Port Dickson,Malaysia,MYS,"Port Dickson, Malaysia",2.549916819,101.7895789,94c7492a45ef4927afd629df046b5277,1291
2339674.66896662,7665784.06987668,port646,Liepaja,Latvia,LVA,"Liepaja, Latvia",56.5355915,21.01765515,6cd6195735aa4b68b8972b29eb258a04,1292
14092446.5427615,4297002.81665901,port608,Gunsan,Korea,KOR,"Gunsan, Korea",35.97369768,126.5946012,0b74d03591654cec8ace84fd85de5115,1293
11281151.2941504,331056.292902023,port960,Port Klang,Malaysia,MYS,"Port Klang, Malaysia",2.972594826,101.3403063,366898e8a0cb44ec9e4ad124fc0c0c18,1294
2681310.38131098,7763811.88853962,port1100,Riga,Latvia,LVA,"Riga, Latvia",57.01806495,24.08662097,648d2efe409d4836bb43cf61371ef48e,1295
14320745.4302741,4191107.74554585,port715,Masan,Korea,KOR,"Masan, Korea",35.20010332,128.645445,d914109da45a4cb680f9d22e9c1caf23,1296
11175361.6213262,599752.9021162,port1062,Penang,Malaysia,MYS,"Penang, Malaysia",5.379749741,100.3899815,2f2b88f386bb4311979b69c6ff4ce45e,1297
14405714.4621378,4305471.22200289,port915,Pohang,Korea,KOR,"Pohang, Korea",36.03523852,129.4087348,5c75432a1dd04163ad7952794f3a186d,1298
2401947.0503776,7843434.65762131,port1357,Ventspils,Latvia,LVA,"Ventspils, Latvia",57.40540164,21.57705747,92785ab409ba4878b803f663504bdbbb,1299
14353378.761264,4176057.39138535,port1065,Busan,Korea,KOR,"Busan, Korea",35.08955067,128.9385952,36944e57fca54f3a881eab5e7796caf6,1300
12927075.4770493,677515.464277309,port1164,Port of Sabah,Malaysia,MYS,"Port of Sabah, Malaysia",6.074811315,116.1258948,6133b86d160046208e22c2880b0d85a1,1301
1510110.98996231,-1384825.43189088,port656,Lobito,Angola,AGO,"Lobito, Angola",-12.34349429,13.56555783,d5ef16e6837c40cd8beb0c5ed07d101b,1302
14113600.2182427,4435640.46087032,port1067,Pyeongtaek,Korea,KOR,"Pyeongtaek, Korea",36.97512759,126.7846279,a4feac5b8b534bfb89499b9028397b9e,1303
11526732.877699,150293.304768703,port1269,Tanjung Pelepas,Malaysia,MYS,"Tanjung Pelepas, Malaysia",1.349982803,103.5464032,6dcf1ddacca2438cb7eb13cc1cf8a5fe,1304
1479224.93637902,-981372.142200866,port665,Luanda,Angola,AGO,"Luanda, Angola",-8.781235499,13.28810369,5b2ce989a16849f5a8c7ef71aa5a75cd,1305
14375627.4865761,4507360.56933337,port1309,Donghae,Korea,KOR,"Donghae, Korea",37.4880914,129.1384589,e7ff792c6e23410aa6acdfd5e77cb041,1306
12393995.2005967,239473.446356348,port1286,Tg Mani,Malaysia,MYS,"Tg Mani, Malaysia",2.150721317,111.3371532,6c0431fcd42441a6a969644c35234da2,1307
1358585.16333294,-601249.697708091,port691,Malongo,Angola,AGO,"Malongo, Angola",-5.39313631,12.20437817,2035f5973103487980763c4b71891f24,1308
14402302.4084255,4230188.97220621,port1338,Ulsan,Korea,KOR,"Ulsan, Korea",35.48647294,129.3780838,5a2512e38bb441b29ea24011a5a996b6,1309
12828202.9413481,586300.891141912,port1360,Victoria,Malaysia,MYS,"Victoria, Malaysia",5.25942875,115.2377077,7a34746128104a4dbf44c4f23ba825f1,1310
1350868.80569934,-1707480.32795739,port788,Namibe,Angola,AGO,"Namibe, Angola",-15.15855926,12.13506095,2d108e8f6f6f484b9e78720df9e36896,1311
-1939864.79335928,1652746.87416409,port272,Dakar,Senegal,SEN,"Dakar, Senegal",14.6834604,-17.42610193,dbf31cf545054bf7bfc323f061646bf2,1312
-1733932.48176412,1329776.45886529,port150,Bissau,Guinea-Bissau,GNB,"Bissau, Guinea-Bissau",11.85997214,-15.5761805,8a26f2eb183d435783787d4a329731ac,1313
1373374.98961651,-682890.377085523,port1217,Soyo Angola LNG Terminal,Angola,AGO,"Soyo Angola LNG Terminal, Angola",-6.122821698,12.33723744,c618df0fe7c54569b4b357de5fec4bc4,1314
4374432.55554935,-763638.250706234,port278,Dar Es Salaam,Tanzania,TZA,"Dar Es Salaam, Tanzania",-6.843548595,39.29619624,99521395f84a4938bccd1b960c12e113,1315
796715.92574704,492597.983929203,port155,Bonny,Nigeria,NGA,"Bonny, Nigeria",4.420690388,7.157020932,c26eb09353114dc18bd1ae95a960e94d,1316
142790.507595253,685353.840637028,port657,Lome,Togo,TGO,"Lome, Togo",6.144824676,1.282708954,61e1a69ce7e44a1cbbbea3c0a87fc986,1317
4362893.00904129,-686655.00087649,port1421,Zanzibar,Tanzania,TZA,"Zanzibar, Tanzania",-6.156445914,39.19253473,9711496f21c34c0882bea4d259426f3f,1318
926750.253076217,558186.137660193,port205,Calabar,Nigeria,NGA,"Calabar, Nigeria",5.007882924,8.325139169,b43d54a4400e4c4d8382ceb03b984703,1319
1686852.36106746,-3078720.60629559,port668,Luderitz Bay,Namibia,NAM,"Luderitz Bay, Namibia",-26.64124097,15.15325258,3b2444e730834c59a7149872ed745842,1320
-5819252.00028599,541339.519692431,port284,Degrad Des Cannes,French Guiana,GUF,"Degrad Des Cannes, French Guiana",4.857107667,-52.27523014,9bce9ed1b0e84c94a52131f2e14fed02,1321
607848.463065167,669084.239264046,port587,Koko,Nigeria,NGA,"Koko, Nigeria",5.999492393,5.460395648,0b170cf4ecce484ca4210ad7c013624e,1322
1612964.45314318,-2626406.21226305,port1381,Walvis Bay,Namibia,NAM,"Walvis Bay, Namibia",-22.95358268,14.48950621,31a8a53b69b341c79eb72fdd6fc028c4,1323
-6015200.49087916,612566.874927141,port1123,Saint-Laurent-du-Maroni,French Guiana,GUF,"Saint-Laurent-du-Maroni, French Guiana",5.494341708,-54.03546538,9dfc1ef97c0c4090b824a508e43c7246,1324
371154.134850097,719233.746605741,port626,Lagos-Apapa-Tin Can Island,Nigeria,NGA,"Lagos-Apapa-Tin Can Island, Nigeria",6.447337,3.334134321,f649bb4b1dc14451bc0748f2d5a4d2dd,1325
18611515.2058078,-1748591.68610443,port669,Luganville (Santo),Vanuatu,VUT,"Luganville (Santo), Vanuatu",-15.51471654,167.1900857,38205770ebd3464382b363cba7bede04,1326
3708440.76449751,4126319.09944928,port291,Vassiliko,Cyprus,CYP,"Vassiliko, Cyprus",34.72313086,33.31349019,b53a0f6a076440e4b5cba4f35abb10cd,1327
796876.057164754,522451.890941399,port851,Onne,Nigeria,NGA,"Onne, Nigeria",4.688025553,7.158459417,c4ee69c6f6cc44568f9bf1b81d44ebb9,1328
18735285.3475003,-2008989.71306231,port980,Port Vila,Vanuatu,VUT,"Port Vila, Vanuatu",-17.75583988,168.3019318,2f1ef7b83b9c44a98d188bf3b29545da,1329
779911.64425828,531160.12935302,port954,Port Harcourt,Nigeria,NGA,"Port Harcourt, Nigeria",4.765986905,7.006065503,fdd2004fd3274886b073310e341171c7,1330
3744961.07822251,4154311.32733517,port633,Larnaca,Cyprus,CYP,"Larnaca, Cyprus",34.92954956,33.64155775,cfdab4a922ff48ae9f0e5bb816fe9917,1331
628660.797699242,660347.217499661,port1165,Sapele,Nigeria,NGA,"Sapele, Nigeria",5.921430709,5.647356031,11f4949b41834451a728e526d81808b7,1332
12641201.6145649,2530191.18400138,port674,Macau,Macao SAR,MAC,"Macau, Macao SAR",22.15538395,113.5578462,205e3ff9369a41fe9bb926cc4aebf052,1333
3675236.65951645,4116509.08597387,port647,Limassol,Cyprus,CYP,"Limassol, Cyprus",34.65066808,33.01521264,511a2a2cf77f410ab4dc26004202b31a,1334
636889.056564107,615059.662875411,port1383,Warri,Nigeria,NGA,"Warri, Nigeria",5.516631504,5.721271738,ee94c788e5694a29b28bcb3a9070c780,1335
8181090.1516646,466694.122448565,port689,Male,Maldives,MDV,"Male, Maldives",4.188648639,73.49198324,9ab1e1106f414d2f8398499fd6c6c17d,1336
13977446.3620608,-955187.463937593,port292,Dili,Timor-Leste,TLS,"Dili, Timor-Leste",-8.548699467,125.561537,dec83d4b2e404f10b1bb9feb5936f2f5,1337
-6924646.41531398,1897949.19280079,port164,Brades,Montserrat,MSR,"Brades, Montserrat",16.80337933,-62.20515712,f6f6f2cc383b4a5d9fa1d5c8a2d4c2c4,1338
1618358.49250292,4276106.15951553,port711,Marsaxlokk,Malta,MLT,"Marsaxlokk, Malta",35.821634,14.53796169,6fd9392d003e4f1ea3e8441877cc1530,1339
13991636.6360385,-953855.814614538,port461,Hera port,Timor-Leste,TLS,"Hera port, Timor-Leste",-8.536869778,125.6890104,b948d07e693f4fcbaf9115fdfc37bf44,1340
-6926503.37692811,1886434.9765807,port913,Montserrat,Montserrat,MSR,"Montserrat, Montserrat",16.70433595,-62.22183849,2cb5aab3463a40feb96f15ccdf3f5ef7,1341
1614021.45063257,4283780.38614988,port1349,Valletta,Malta,MLT,"Valletta, Malta",35.87751281,14.49900138,85eee1e7527b422d9bdbb73048c3624e,1342
4798284.01252772,1299931.06587408,port294,Djibouti,Djibouti,DJI,"Djibouti, Djibouti",11.59746443,43.10371866,4155916ab5ec46ebbe2da5e463d1f4c5,1343
945092.469880587,7046807.78699988,port165,Brake,Germany,DEU,"Brake, Germany",53.34359213,8.489910106,41f7d204a6d04ae6b2f3b33996c4e842,1344
1077947.68409079,451541.346539765,port299,Douala,Cameroon,CMR,"Douala, Cameroon",4.052880865,9.683368801,8411d9c41e9c48ec8ff8b1575e2fa831,1345
1496620.05730843,-649784.376899351,port717,Matadi,Democratic Republic of the Congo,COD,"Matadi, Democratic Republic of the Congo",-5.827041369,13.44436672,413f4e1fb562416da8b187c4c9e0a7a5,1346
1097744.77628591,303452.332245645,port943,Port De Kribi,Cameroon,CMR,"Port De Kribi, Cameroon",2.724930864,9.861209106,965f0df321e04d84b341d222a65d07af,1347
977061.822965956,7000546.23898965,port167,Bremen,Germany,DEU,"Bremen, Germany",53.09476546,8.777095691,d29e32373eb14070adc31071cca360b1,1348
6519532.06133001,2708245.63707635,port745,Port Sultan Qaboos,Oman,OMN,"Port Sultan Qaboos, Oman",23.62884171,58.56595296,660f56af2d0f479db5780b281c410985,1349
2164496.16785246,5062716.7552858,port312,Durres,Albania,ALB,"Durres, Albania",41.34064126,19.4439999,a3a87f419c4b4e93b4a0ed5b5244a46d,1350
952344.55187804,7085283.4722399,port168,Bremerhaven,Germany,DEU,"Bremerhaven, Germany",53.54944124,8.555056667,75e2679225bc4686b6d827436ba50495,1351
6012178.65873627,1914108.86991272,port746,Salalah,Oman,OMN,"Salalah, Oman",16.94229498,54.0083198,0a2bfa1089ba4de095c16518fe105f4b,1352
2167034.48044751,4933410.16629472,port1371,Vlora,Albania,ALB,"Vlora, Albania",40.4627,19.46680195,b9168009721e4a64b7ea69d6613156cc,1353
1022517.64935771,7151934.53482954,port179,Brunsbuettel,Germany,DEU,"Brunsbuettel, Germany",53.90367488,9.185432327,73777e5651df4dd385181fbd8531b442,1354
6425067.25760225,2234057.47964836,port984,Duqm,Oman,OMN,"Duqm, Oman",19.67066724,57.71736119,ba93a51142b9432b9598845ca6d1b88f,1355
5028061.54570452,-1428313.18432885,port982,Port de Longoni,Mayotte,MYT,"Port de Longoni, Mayotte",-12.72484002,45.16784536,28b6fc8373a946d0a3649e84133d1846,1356
970821.096130839,7142326.31885393,port268,Cuxhaven,Germany,DEU,"Cuxhaven, Germany",53.85279364,8.721034288,1b462d8283b04ce4b36b1f31a47d985b,1357
799685.833804004,7047220.32024188,port323,Emden,Germany,DEU,"Emden, Germany",53.34580452,7.18370007,656d635f81f94f0c8b18d78b5e3b29f9,1358
1109220.17182046,7079095.19089887,port446,Hamburg,Germany,DEU,"Hamburg, Germany",53.51640056,9.964294338,cbe5af4b3241410f81d0db894ecc04d6,1359
1005931.3107265,7259976.79383653,port485,Husum,Germany,DEU,"Husum, Germany",54.47157026,9.036434712,b9a16f817de748edb5dbdaf03cfd28c0,1360
1130891.3540258,7231984.06600175,port564,Kiel,Germany,DEU,"Kiel, Germany",54.3251823,10.15896988,f6611b6b460d4f31a99c3b2e3fa26a6f,1361
1208490.54801962,7159223.6812681,port667,Lubeck-Travemunde,Germany,DEU,"Lubeck-Travemunde, Germany",53.94223397,10.8560553,e3b0470eb0d14587aa472b6f0b3540d8,1362
1348099.16786284,7196604.61924636,port1111,Rostock,Germany,DEU,"Rostock, Germany",54.13941739,12.11018087,776d715f33fe4bbb9332f595e885a025,1363
1512810.4742557,7262636.418224,port1168,Sassnitz,Germany,DEU,"Sassnitz, Germany",54.4854516,13.58980771,ee8d61eb70b1440e8899872c7f16cd7c,1364
904408.933992827,7091070.08182442,port1396,Wilhelmshaven,Germany,DEU,"Wilhelmshaven, Germany",53.58031398,8.124443685,d23c05b8c470403fa70372fcf1e511f2,1365
1275035.25237539,7152166.35474538,port1401,Wismar,Germany,DEU,"Wismar, Germany",53.90490174,11.45383655,2578408386ba4760bfeebede593c46a5,1366
-6860593.68124923,1146840.13272505,port172,Brighton,Trinidad and Tobago,TTO,"Brighton, Trinidad and Tobago",10.24717124,-61.62976162,501e6173eb594bc58f5a859254c9ab4e,1367
-6861775.24079605,1195933.93773935,port225,Chaguaramas,Trinidad and Tobago,TTO,"Chaguaramas, Trinidad and Tobago",10.68085281,-61.64037575,a299894411d047a7a78a128edf5c9309,1368
-6790722.38315425,1134501.8443788,port372,Galeota Point Terminal,Trinidad and Tobago,TTO,"Galeota Point Terminal, Trinidad and Tobago",10.13808371,-61.00209707,f73ee0e4796e4968b103d003e3f6208c,1369
-6867262.21745907,1139440.85905654,port916,Point Fortin,Trinidad and Tobago,TTO,"Point Fortin, Trinidad and Tobago",10.18175591,-61.6896661,f6b8e9890c3f4e0fbc1ef3d1de56e6bd,1370
-6844052.07468561,1163801.72430904,port917,Point Lisas,Trinidad and Tobago,TTO,"Point Lisas, Trinidad and Tobago",10.39707382,-61.48116584,89b54484e06844a2855eb0e300a1bf81,1371
-6841083.01800011,1155543.31128843,port921,Pointe A Pierre,Trinidad and Tobago,TTO,"Pointe A Pierre, Trinidad and Tobago",10.32409682,-61.45449435,17c946d77b4047b586ae3c2ff313695e,1372
-6848395.58867115,1192748.77057454,port989,Port of Spain,Trinidad and Tobago,TTO,"Port of Spain, Trinidad and Tobago",10.65273439,-61.52018429,4eb7ba20e4df4df2b5972e5bc4cc4163,1373
-1118103.87595093,654104.111534096,port181,Buchanan,Liberia,LBR,"Buchanan, Liberia",5.865644367,-10.04409801,2a2a020c4c2c47ce9ed89c4dd0cb2524,1374
-1201585.78183157,707432.216479884,port762,Monrovia,Liberia,LBR,"Monrovia, Liberia",6.341981659,-10.79402873,fd600df9969f4f51a49c572692a095b7,1375
-6495756.30533702,-4112326.02620438,port184,Buenos Aires,Argentina,ARG,"Buenos Aires, Argentina",-34.61975015,-58.35237171,38d515cd580e45fcb7813f5818beac4c,1376
-6562064.81311042,-4050229.06455741,port210,Campana,Argentina,ARG,"Campana, Argentina",-34.15942511,-58.94803117,1b7dc87c099843d68e9b88b2610c958d,1377
-7508474.05942898,-5753776.44611688,port257,Comodoro Rivadavia,Argentina,ARG,"Comodoro Rivadavia, Argentina",-45.83393149,-67.44977008,106395c2f7484a20a8b0a8994769553f,1378
3207096.3960554,5674590.24320781,port2001,Izmail,Ukraine,UKR,"Izmail, Ukraine",45.3361036815363,28.809837102212,c0798af2e46a462a997daed4365facce,1379
3149241.98896262,5688528.60364949,port2002,Reni,Ukraine,UKR,"Reni, Ukraine",45.4240515296119,28.2901221207608,bb2b3541b36142d3b9988dac872c6898,1380
3557147.2812883,5911123.80060728,port2003,Olvia,Ukraine,UKR,"Olvia, Ukraine",46.8100467793335,31.9543977064548,0326e36f0a544523a85ac28bead67361,1381
3628902.67061419,5879927.4722188,port2004,Kherson,Ukraine,UKR,"Kherson, Ukraine",46.6179021362684,32.5989873359488,09786deec37c4b2ca6f789afd1763f3c,1382
3139943.82165417,5695933.74082843,port2005,Giurgiulesti Port,Moldova,MDA,"Giurgiulesti Port, Moldova",45.4707205964173,28.206595262686,3f68814a54254d018855ca9272b899f4,1383
3204740.1473379,5651800.41352361,port2006,Tulcea,Romania,ROU,"Tulcea, Romania",45.1920103931536,28.7886705598508,7c1d283d4aec400e89de5f43eed2e5b3,1384
3125123.47759331,5690731.74825974,port2007,Galati,Romania,ROU,"Galati, Romania",45.4379403448606,28.0734618468282,0542562f37434a0b8112f8bbdb4e2616,1385
3119216.05104752,5683973.61901062,port2008,Romportmet,Romania,ROU,"Romportmet, Romania",45.3953256724457,28.0203945312693,b2c1f0f162e5467e851cbbe5e8fa4b59,1386
3115512.19392777,5666099.5277386,port2009,Braila,Romania,ROU,"Braila, Romania",45.2824621701414,27.9871222166606,34b00dd3a91c419f85a9e200c9f6b424,1387
4383946.69530057,5961592.47237879,port2010,Azov,Russian Federation,RUS,"Azov, Russian Federation",47.1194455879615,39.3816632115377,e7c2137414604cb8ab2bb3e20a083690,1388
18989995.3997169,-5755963.6886425,port2011,Otago,New Zealand,NZL,"Otago, New Zealand",-45.8476195945422,170.590031129251,54909c8ebf0c44a2b5fb05513cdbe94f,1389
5641556.75656005,3030653.89052133,port2012,Khalifa Bin Salman,Bahrain,BHR,"Khalifa Bin Salman, Bahrain",26.2546428806082,50.6789666064565,f0aee4d136894260b335cb3c8b397c18,1390
-9242246.04910124,1117563.482478,port2013,Puerto Limon,Costa Rica,CRI,"Puerto Limon, Costa Rica",9.98826473647318,-83.0245088550091,d27c5282c6e54108ba3ff7397cabaed6,1391
-515260.238551529,7042072.51643151,port2014,Holyhead,United Kingdom,GBR,"Holyhead, United Kingdom",53.3181889475652,-4.62866147589909,75e9df7c678d49d595a58f5acd10077b,1392
1392317.11937417,4581024.60716249,port2015,Trapani,Italy,ITA,"Trapani, Italy",38.0113167053456,12.5073974867508,387076a394724ea7988f1c5e2d9da937,1393
3889750.52434209,3443508.45597488,port2016,Eilat,Israel,ISR,"Eilat, Israel",29.5318039070984,34.9422234742842,93421dd6eaa14d3596f0ec4cedd60443,1394
14581222.6185167,4023010.91725851,port2017,Moji,Japan,JPN,"Moji, Japan",33.9568605158736,130.985351393628,120bff8037e24e7da7d4db5490ae024e,1395
1635336.81733806,7379886.05285754,port2018,Ronne,Denmark,DNK,"Ronne, Denmark",55.0927407885952,14.6904805769816,d7797362774a4cb9821c01d4b959426c,1396
12644205.8092039,2618666.66743492,port2019,Dongguan,China,CHN,"Dongguan, China",22.8895469826739,113.584833339607,55e1a75454bd4da0baf4edccdbcd1e57,1397
13252625.3808333,3789054.43649674,port2020,Nanjing,China,CHN,"Nanjing, China",32.1959101173504,119.050359343128,3b47e226f007461b9436b62dc779a81d,1398
13499784.6479347,3592277.32241033,port2021,Jiaxing,China,CHN,"Jiaxing, China",30.6878561089801,121.270628815618,e4a7b6b36a8440949e9a6e95e2943bca,1399
-705665.145604338,6846246.20155828,port2022,Rosslare,Ireland,IRL,"Rosslare, Ireland",52.2543483480501,-6.33909785766805,a5ccec35d0654cb49958bc88ec4f4bac,1400
-1053099.97201306,6742594.54592701,port2023,Bantry Bay,Ireland,IRL,"Bantry Bay, Ireland",51.6806888202889,-9.46015800565171,b4cd08fb8465464293cd7a3923499d1f,1401
-644768.155035419,7331814.92518393,port2024,Larne,United Kingdom,GBR,"Larne, United Kingdom",54.8448615116484,-5.79205088381862,01dd4ebc3be242ab8c78180e48f032b5,1402
6088413.07962539,2851971.77107888,port2025,Khalifa Port,United Arab Emirates,ARE,"Khalifa Port, United Arab Emirates",24.8063011338021,54.6931452546069,b4c1e3755eb54d3f89d2f6470a7aa0e1,1403
5746191.21164662,2878190.12347655,port2026,Hamad Port,Qatar,QAT,"Hamad Port, Qatar",25.0199084210527,51.6189139089543,b8e1fe6988ef468daec10c7001eff074,1404
13589302.9429479,3582860.91624205,port2027,Shanghai (Yangshan),China,CHN,"Shanghai (Yangshan), China",30.6150855074278,122.074785341805,425db3fb04ed436dbadbd57ed0c7ee77,1405
12676375.4869494,2569128.53630277,port2028,Mawan,China,CHN,"Mawan, China",22.4789636055732,113.873818471647,e4aa2c7a731f4a23819c7ac7f50ae0be,1406
12674432.8130814,2577319.97062457,port2029,Dachan Bay,China,CHN,"Dachan Bay, China",22.546940821745,113.85636713537,c4bb7a78cb2449098cf65ac43da50a60,1407
12676125.4662522,2573743.11230476,port2030,Qianhai Bay,China,CHN,"Qianhai Bay, China",22.5172621132649,113.871572497511,e0109648e62c47c3a1e06281da5b751d,1408
4352056.49862069,2573835.11587689,port2031,King Abdullah Port,Saudi Arabia,SAU,"King Abdullah Port, Saudi Arabia",22.5180255857748,39.0951887006265,202f58de3a2843de9ac457ea6f5b3858,1409
-8933160.48954274,-299937.747007485,port2032,Posorja,Ecuador,ECU,"Posorja, Ecuador",-2.69339409519944,-80.2479460324887,b6906e9312f84524a4c02efa4f06be46,1410
14222283.0592013,4130027.85639659,port2033,Port of Yeosu,Korea,KOR,"Port of Yeosu, Korea",34.7505094880521,127.760942471547,7808bcddaabc4567a940ce9bea08b1b6,1411
3311629.00057353,4977125.06888723,port2034,Yarimca,Türkiye,TUR,"Yarimca, Türkiye",40.7608107893611,29.7488694654866,fd10c89f688c4eaca58e076fe50adf85,1412
-5410608.9745966,-3021751.01607915,port2035,Itapoa,Brazil,BRA,"Itapoa, Brazil",-26.1828954289828,-48.6043273827437,f87a0e1c958040d0a77c1b7cf869cfa6,1413
11230954.3413434,1473428.77494959,port2036,Siam Seaport,Thailand,THA,"Siam Seaport, Thailand",13.1198552915062,100.889379400773,4c3c83b2706240c2bb6b370714fed5d2,1414
3287076.04162069,4978152.94873675,port2037,Diliskelesi,Türkiye,TUR,"Diliskelesi, Türkiye",40.7678043374208,29.5283064825096,2993dd3fdd914f6c9878e4fcdf71224a,1415
8944281.23837134,1494351.86837662,port2038,Kattupalli,India,IND,"Kattupalli, India",13.3028360623488,80.3478454189246,23b346c692f1458ea08d967862280200,1416
8086944.31813245,2402224.63647346,port2039,Hazira,India,IND,"Hazira, India",21.0867418434348,72.646256828019,b0ac0ecbec094ef985beb4f8fba111b7,1417
14212108.8343047,3027923.20856505,port2040,Naha,Japan,JPN,"Naha, Japan",26.2326412690527,127.66954585426,34615738b1994e209cc625bd1d8edcb1,1418
15386575.827717,4113042.64790312,port2041,Omaezaki,Japan,JPN,"Omaezaki, Japan",34.6250476792131,138.219962363022,e09f2c9318954f4aaa6b0bdd0012f253,1419
12093644.2404892,1743872.20167677,port2042,Chu Lai,Vietnam,VNM,"Chu Lai, Vietnam",15.4738614798003,108.639054619355,f715580a07db4fddbad567f2ff9537e1,1420
3238083.34690213,4926159.31941879,port2043,Borusan,Türkiye,TUR,"Borusan, Türkiye",40.4131247962243,29.0881976177508,8548ddadf74041bd8b1105eb3073a34b,1421
3318475.75772578,3651328.56425847,port2044,El Dekheila,Egypt,EGY,"El Dekheila, Egypt",31.14295533289,29.8103749314518,bf1b7efa38c54857ba0b4a4433b17439,1422
-4877837.93534102,-2624317.29863187,port2045,Porto de Itaguai,Brazil,BRA,"Porto de Itaguai, Brazil",-22.9363023408376,-43.8183637077484,d5f48b6c0ade48a69927d9ef9bbb8505,1423
-5425103.54202705,-171209.515350133,port2046,Vila Do Conde,Brazil,BRA,"Vila Do Conde, Brazil",-1.53781657469435,-48.7345342973385,081c2b141efb467ebb762d084710934f,1424
1146421.55199776,4413306.38923331,port2047,Rades (La Goulette),Tunisia,TUN,"Rades (La Goulette), Tunisia",36.8146759471096,10.2984800220361,49a9062b9f1240eca97cfaab3742d020,1425
-9171582.13591355,1038316.44608084,port2048,Almirante,Panama,PAN,"Almirante, Panama",9.28642792699186,-82.3897241224871,3ceaf85f2fe6410797228037b7db5da5,1426
3191860.73255669,5007298.17737444,port2049,Ambarli,Türkiye,TUR,"Ambarli, Türkiye",40.965797949643,28.6729728083661,3c54938a247c4a559fd954a0d0ddfdb2,1427
-4933064.69860795,-2633572.74720938,port2050,Angra Dos Reis,Brazil,BRA,"Angra Dos Reis, Brazil",-23.0128503762572,-44.3144741630998,fb19cbfd9c7f498f92c08f4921af3ad5,1428
11952532.3401774,2397868.45458476,port2051,Cam Pha,Vietnam,VNM,"Cam Pha, Vietnam",21.0502255319232,107.371424851142,f035fa7d67f04ab5bcc1e6a6f29c0630,1429
16179117.215447,-1686095.3181008,port2052,Cape Flattery,Australia,AUS,"Cape Flattery, Australia",-14.9730575833507,145.339482781973,8767d5f4da484ebc9bbe6859a72524d6,1430
-9747412.36380012,5113497.45967984,port2053,Chicago,United States,USA,"Chicago, United States",41.6822313735937,-87.5624950701724,10674467672f46b2affebcc70d81cb43,1431
-7940576.72636344,-3497130.77907156,port2054,Coquimbo,Chile,CHL,"Coquimbo, Chile",-29.9500494383848,-71.3314143801603,2e86a51e6fc04efdadbf7a8d869a6e56,1432
13646664.1241372,1199074.90725271,port2055,Iloilo,Philippines,PHL,"Iloilo, Philippines",10.7085785079489,122.59006959958,fc5fc573e7564f87ad93a6c0ce88f791,1433
15677350.9693874,-1978042.7359747,port2056,Karumba,Australia,AUS,"Karumba, Australia",-17.4908860977605,140.832039903067,e6e2f8ccb57544798eb1bc701c36547b,1434
14560034.1011956,4021008.35870717,port2057,Hibikinada,Japan,JPN,"Hibikinada, Japan",33.941937840797,130.795011704055,a41a3037cafd403c9ff26a2484069de1,1435
16377978.7580544,-5076179.68232657,port2058,Launceston,Australia,AUS,"Launceston, Australia",-41.4313788427337,147.125886413452,3d259e80004644679b639dbd7f13113b,1436
-326221.877918906,4202933.20746404,port2059,Melilla,Spain,ESP,"Melilla, Spain",35.2868620535435,-2.93050098948725,e0f3e5ceddbe43c2a9cfea8e53658e2d,1437
5633880.57986489,3022822.87898047,port2060,Mina Salman,Bahrain,BHR,"Mina Salman, Bahrain",26.1915358163903,50.6100103379679,b2babdc1b1bb4a5898a05172e1e1666a,1438
16266242.8953371,-1990786.86267405,port2061,Mourilyan,Australia,AUS,"Mourilyan, Australia",-17.6000425684945,146.122146080819,2ee730c526f34c929992f1448b899031,1439
-13795400.3126626,6302347.07362394,port2062,Nanaimo,Canada,CAN,"Nanaimo, Canada",49.1617229180209,-123.926189514121,f0593a2bbdd8480ea3794b7bff9491de,1440
2860289.17309717,-4002909.67539458,port2063,Ngqura,South Africa,ZAF,"Ngqura, South Africa",-33.8069513827286,25.6944148119478,79b0544fe41146418dbc288329e1bb1f,1441
946780.751981026,7075638.1126672,port2064,Nordenham,Germany,DEU,"Nordenham, Germany",53.4979311862011,8.50507620214729,d1b1d51f3baa4c4686a463ca27cafd3b,1442
788870.031259922,526327.222037253,port2065,Okrika,Nigeria,NGA,"Okrika, Nigeria",4.72272091472972,7.08654006264632,5c354b77aa09432d95baa7d65bfe6892,1443
-8495906.14262945,4430252.99152999,port2066,Port of Virginia,United States,USA,"Port of Virginia, United States",36.9364539978554,-76.3200234036896,3c8d789588394925832287d899684e00,1444
5361931.69949884,3380671.69974938,port2067,Shuaiba,Kuwait,KWT,"Shuaiba, Kuwait",29.0394783129701,48.1670519806477,04c101a912b44f4e8b06b4bd9a292b3d,1445
1459044.65766514,7228204.92440963,port2068,Stralsund,Germany,DEU,"Stralsund, Germany",54.3053792428804,13.1068211619353,9c29d82826ab4a439f06f7eea12ec384,1446
-142803.4052193,8501613.18722968,port2069,Sullom Voe,United Kingdom,GBR,"Sullom Voe, United Kingdom",60.4544256661783,-1.28282481532811,98b9af5730ec4564ac43c122feb4ae08,1447
1302707.03486754,7969782.68924834,port2070,Wallhamn,Sweden,SWE,"Wallhamn, Sweden",58.011733063392,11.7024164015154,67c204d523eb42b089e3d3e108419555,1448
3306911.00841566,5695216.3203208,port2071,Ust-Danube,Ukraine,UKR,"Ust-Danube, Ukraine",45.4662009182142,29.7064870208289,8215d4d78c764407829f839143dc70cc,1449
3663691.70975422,5797330.95489894,port2072,Port of Skadovsk,Ukraine,UKR,"Port of Skadovsk, Ukraine",46.1058683253467,32.9115025917419,0688d8a007a74912a67ecc06b6d7e8f1,1450
4736567.80980683,-41567.1342677712,port2073,Kismayo,Somalia,SOM,"Kismayo, Somalia",-0.373401277064594,42.54931257818,a7508b1a0d53456f9b71624c3d6c515c,1451
4735868.59298643,1906830.97540136,port2074,Jazan,Saudi Arabia,SAU,"Jazan, Saudi Arabia",16.8797436617626,42.5430314066133,1d94778ddb2f4867b2d875c67d571b4b,1452
-330517.516813255,8178654.41569533,port2075,Orkney,United Kingdom,GBR,"Orkney, United Kingdom",58.9919835061103,-2.96908937022578,c9eebd96c9ed42fcb44a1d9f271d971c,1453
578461.459110618,625950.888614398,port2076,Escravos (Oil Terminal),Nigeria,NGA,"Escravos (Oil Terminal), Nigeria",5.61400785901825,5.19640769993147,e8824585a6d142fca3134a9f719cef89,1454
3381331.88185828,5809306.32027426,port2077,Bilhorod-Dnistrovskyi,Ukraine,UKR,"Bilhorod-Dnistrovskyi, Ukraine",46.1804036974437,30.3750211015391,a6e02f82a06749ae94a9800e85a4bdfd,1455
2881767.67101947,4988823.47971242,port2078,Alexandroupoli,Greece,GRC,"Alexandroupoli, Greece",40.8403616309158,25.887359441583,83e1c866d8964134a68be618182fa4e1,1456
17460065.7091489,-904653.614715288,port2079,Gizo,Solomon Islands,SLB,"Gizo, Solomon Islands",-8.09952979820565,156.846438882596,5e8bd83f6e5d4b9f913c426386eb2093,1457
17489536.8354381,-907207.807912865,port2080,Ringgi,Solomon Islands,SLB,"Ringgi, Solomon Islands",-8.12224498693555,157.111182514454,a3836c47ce274091a2ca3c81563bcd04,1458
19963405.7543402,-1894756.20355842,port2081,Savusavu,Fiji,FJI,"Savusavu, Fiji",-16.7759189322337,179.334325122034,2eaea1ee5e2a47b399ba634537badd10,1459
19888402.9542815,-1913902.67030486,port2082,Nabouwalu,Fiji,FJI,"Nabouwalu, Fiji",-16.9405230422117,178.660563505589,d3faaff0fdf64fa698b3a81112a76fd7,1460
17820152.9374175,-1302902.6735641,port2083,Lughughi,Solomon Islands,SLB,"Lughughi, Solomon Islands",-11.6236126215107,160.081157490295,57926d2a2cf946f6afb7df5544847040,1461
17844438.7084519,-1309863.18474669,port2084,Rennell Island,Solomon Islands,SLB,"Rennell Island, Solomon Islands",-11.6848509209843,160.299320283363,1687dde623ab4ccaa8e7403ffeffa42b,1462
11889179.2327199,1205847.89428719,port2085,Cat Lai (Saigon New Port),Vietnam,VNM,"Cat Lai (Saigon New Port), Vietnam",10.7683557993276,106.802314203887,b94218c3d769485aa5c2482f8182954c,1463
-180168.274380327,6386806.10270243,port2086,Cherbourg,France,FRA,"Cherbourg, France",49.655379095774,-1.61847914589287,4b4e6462dc364675bc5aee0486008047,1464
-327780.705898835,7651288.6763413,port2087,Dundee,United Kingdom,GBR,"Dundee, United Kingdom",56.4637207666989,-2.94450417948409,c1615a66def74cb1978b12712740c08f,1465
-383287.989988018,7562694.03317548,port2088,Rosyth,United Kingdom,GBR,"Rosyth, United Kingdom",56.0214856619621,-3.44313459625687,f042fd13f31e4896af03627f7e8c95d6,1466
-350624.785397467,7581298.22851634,port2089,Kirkcaldy,United Kingdom,GBR,"Kirkcaldy, United Kingdom",56.1147755265155,-3.14971603713671,597f75921c5c401187e577c29538eb29,1467
-360272.857080346,7569590.60062954,port2090,Burntisland,United Kingdom,GBR,"Burntisland, United Kingdom",56.0560945117685,-3.23638613968683,f850dd70b8e442a09176e9555cacf793,1468
-334810.177150098,7594784.08272292,port2091,Methil,United Kingdom,GBR,"Methil, United Kingdom",56.1822586394065,-3.00765099412697,5e417756c0e54de08b0429fcc3a61461,1469
-8707870.15696874,3076203.35895764,port2097,South Riding Point,The Bahamas,BHS,"South Riding Point, The Bahamas",26.6210271283921,-78.2241285413328,a55969427a4f4bef8eef9900eba970f4,1470
3087319.17644809,8272299.5668664,port2133,Sillamae,Estonia,EST,"Sillamae, Estonia",59.4226297894933,27.7338600315862,f6a87ac0fca4443ab17170e346116f2d,1471
17658727.5278114,6989152.84616938,port2216,Petropavlovsk-Kamchatskiy,Russian Federation,RUS,"Petropavlovsk-Kamchatskiy, Russian Federation",53.0332619164265,158.631048363351,e57af4044cc74dbc96c1eb4d7ac49e48,1472
-7415573.9805123,2034426.21309183,port2212,Ponce,Puerto Rico,PRI,"Ponce, Puerto Rico",17.9733223862256,-66.6152344721323,fc6b8daf2dd74c149435bde1d1b06b21,1473
4354497.0286086,-563566.875969552,port2231,Tanga,Tanzania,TZA,"Tanga, Tanzania",-5.0560326269058,39.1171123545215,4c96ae83ab7f40afa615a3efb41e9bf1,1474
5401719.30448004,3301363.39669782,port2217,Ras Al Khafji,Saudi Arabia,SAU,"Ras Al Khafji, Saudi Arabia",28.4147323996188,48.5244701173789,1b1f5e2551674398965e8e3ed7c9f5c6,1475
-7676516.24530745,2086307.14237975,port2126,La Romana,Dominican Republic,DOM,"La Romana, Dominican Republic",18.4160730915466,-68.9593187195149,845edbb1bd9a40a1ba2b7a4f0b2d68cb,1476
-9107053.8726434,2821160.29569471,port2250,Key West,United States,USA,"Key West, United States",24.5548014733239,-81.8100568709545,77ae2148ce2d4a70a573f8b3d7595af5,1477
-7026113.72061789,5817556.8410056,port2104,Charlottetown,Canada,CAN,"Charlottetown, Canada",46.2316967110366,-63.1166534319293,8b839ec0cb664340abbaf97c16591c28,1478
1540578.59732071,5601733.83638905,port2123,Pula,Croatia,HRV,"Pula, Croatia",44.8741700251469,13.8392530036061,8768e0d463f64c6f812c2f6c4b8a4316,1479
1698822.98573381,5479335.99634627,port2122,Zadar,Croatia,HRV,"Zadar, Croatia",44.0897130462853,15.2607865309825,3c239893640f49a58c3ec26cd130e92e,1480
-1815997.19186678,3903348.51803229,port2211,Porto Santo,Portugal,PRT,"Porto Santo, Portugal",33.0605860945201,-16.3133803337206,99144959d95f41638f2f06a1e96d0e8d,1481
2465341.7099597,-4052754.91043697,port2220,Mossel Bay,South Africa,ZAF,"Mossel Bay, South Africa",-34.1781985568769,22.1465413863415,2b61340bbcfc479a809fd69a6554528b,1482
14439672.5281548,3915994.4641239,port2175,Sasebo,Japan,JPN,"Sasebo, Japan",33.1557424704352,129.713785297223,e86c62cfe80d4b03a9e2bab7554a7ec6,1483
14260357.4751061,-1741244.90839973,port2096,Wyndham,Australia,AUS,"Wyndham, Australia",-15.4511143497895,128.102970768958,ba5b1e2763c145e99f628e54f6eb8668,1484
-8137687.02554557,-4397145.45986843,port2106,Talcahuano,Chile,CHL,"Talcahuano, Chile",-36.6983629713831,-73.1020863242871,c9dbabee0805477f8964e15690bd31f5,1485
585013.762900608,8270581.69776608,port2198,Haugesund,Norway,NOR,"Haugesund, Norway",59.4147786597557,5.2552680463389,8e4a4a9a646543dea9797832891387f0,1486
2890749.96979594,11396675.7398476,port2197,Honningsvag,Norway,NOR,"Honningsvag, Norway",70.9836257610763,25.9680488043574,c97f310167184976b893d400a02b16cc,1487
3346810.82080844,10980984.7363413,port2199,Kirkenes,Norway,NOR,"Kirkenes, Norway",69.7287053076888,30.0649131338882,41d4384bba8747ecb00eedf29379ddce,1488
3181509.07436987,5434625.53389406,port2213,Mangalia,Romania,ROU,"Mangalia, Romania",43.8005305276448,28.5799822807141,e9a6a0ec29fa4bb491b8c85c9a0707d2,1489
5908245.84999745,2861647.63606534,port2235,Zirku Island,United Arab Emirates,ARE,"Zirku Island, United Arab Emirates",24.8851758085943,53.0746754938844,bf353bac76bc4734a65bc68499a6ef5f,1490
3297142.17865202,3645207.58595489,port2129,Sidi Kerir,Egypt,EGY,"Sidi Kerir, Egypt",31.0958825329663,29.6187321299824,51c5c38a058d4dfcaee0a5cb4b2f7e61,1491
2161532.97579105,5068705.03930913,port2092,Romano,Albania,ALB,"Romano, Albania",41.3810167971348,19.4173810928145,41f171684a7340709385dd50f5545dfa,1492
-6907564.38241343,-4710911.20635657,port2093,Rosales,Argentina,ARG,"Rosales, Argentina",-38.9248396352984,-62.0517066076161,5894e331f7c442da8df9c9335cf6a090,1493
-7681994.82030619,-6728965.82590051,port2094,Punta Loyola,Argentina,ARG,"Punta Loyola, Argentina",-51.6047139479164,-69.0085335960805,d305dd8cd8544f58a2c4cca3a64fc172,1494
-6554510.07744816,-4015680.58995072,port2095,Del Guazu,Argentina,ARG,"Del Guazu, Argentina",-33.9022236109114,-58.8801658248711,6e8cffc56a3e47ea8c3add3f1f53c3e7,1495
-6487783.33152181,-3910748.23808709,port2259,Fray Bentos,Uruguay,URY,"Fray Bentos, Uruguay",-33.1162789404565,-58.2807492676191,4b54ab8da2c34b30b72b50348b7e3d42,1496
-6463277.18431603,-4058721.91826193,port2257,Punta Pereira,Uruguay,URY,"Punta Pereira, Uruguay",-34.222531984962,-58.0606068017207,de6ebb47a8794e1b8200103f73366ea3,1497
-6503052.86364022,-4012959.05053552,port2258,Nueva Palmira,Uruguay,URY,"Nueva Palmira, Uruguay",-33.8819295815197,-58.4179178084523,95cf5bd4705749cea0fb856f90f0ce35,1498
-4042706.258397,-569062.396735744,port2098,Guamare,Brazil,BRA,"Guamare, Brazil",-5.10520576884598,-36.3162482112367,02f15dc93c1f47bbaf257d86d4fb8f1d,1499
-6505699.77967523,-350832.438244634,port2099,Itacoatiara,Brazil,BRA,"Itacoatiara, Brazil",-3.1499933769484,-58.4416954597526,5a15b04617eb461d9289af7db3c62fa6,1500
1016286.06003324,446292.619078656,port2100,Limboh,Cameroon,CMR,"Limboh, Cameroon",4.00584729245621,9.12945300765468,13a727360eed4ddd81f5eecc43629089,1501
-6829144.40873828,5714571.76327738,port2101,Point Tupper,Canada,CAN,"Point Tupper, Canada",45.5880112918144,-61.3472479982897,fd92e6a8a0094e638a90930bba8beda2,1502
-6128001.189968,6317202.77230078,port2102,Lewisporte,Canada,CAN,"Lewisporte, Canada",49.2489131508019,-55.0487713005087,c439e858b3824e6b9b538463efc3b429,1503
-7173689.50055318,6245422.52368822,port2103,Gaspe,Canada,CAN,"Gaspe, Canada",48.8262003819533,-64.4423492187465,5dbf3aaee90d4ea785ffd45aa20d9289,1504
-5912489.76500806,6011916.0026907,port2105,Holyrood,Canada,CAN,"Holyrood, Canada",47.4261735404774,-53.1127992310698,67f2b410ff294bf387326a7525d911d4,1505
-7943257.50758391,-3499650.41267405,port2107,Guayacan,Chile,CHL,"Guayacan, Chile",-29.9696592017806,-71.3554962475977,745d17422ee642d58cead99f1c874122,1506
13551097.8387603,4775571.57708314,port2110,Pulandian,China,CHN,"Pulandian, China",39.3752863333034,121.731583051574,ac8c90cb8090461f9bfdcae72e5f0dd7,1507
13612404.5743265,3562375.95415457,port2111,Qushan Island,China,CHN,"Qushan Island, China",30.4565874342441,122.28231082736,6e0cb9872ac947538298b89299104545,1508
12601447.7537043,2505446.27442958,port2112,Zhuhai,China,CHN,"Zhuhai, China",21.9493590971629,113.200731191862,ddfa15af21734427af6a30ae12eeb16c,1509
13091173.2686647,2727955.83039476,port2113,Gulei,China,CHN,"Gulei, China",23.7909562617756,117.600010342984,52a54988164e4622a7c90598197a1e4d,1510
12997922.5595846,2659930.59928723,port2114,Guangao,China,CHN,"Guangao, China",23.2306071713215,116.762324970768,a9d25107056f44d7a1e9c95ff2007693,1511
13429508.803288,4549273.39177543,port2115,Luanjiakou,China,CHN,"Luanjiakou, China",37.7862459853249,120.639330162113,9679a50afc324870901761b25303635d,1512
13448311.2251811,3926326.23759835,port2116,Dafeng,China,CHN,"Dafeng, China",33.2334089562871,120.808235191763,a8900a36d75145a89929488cecde8fcc,1513
13483891.5455271,4694020.30780063,port2117,Lushun,China,CHN,"Lushun, China",38.8066972023242,121.12785864757,32ab4396676b4f588938fbef8b50f032,1514
13312573.6973821,4109925.60028342,port2118,Luoyuan,China,CHN,"Luoyuan, China",34.6020028619169,119.588884233258,98f0ee8dbf6f48eb876ee7ef3be38973,1515
-8765296.7028008,202413.674248183,port2119,Tumaco,Colombia,COL,"Tumaco, Colombia",1.81800783227047,-78.739999979684,c70b3097eca14482aa95d1e78200e2e3,1516
1380656.04897803,-670360.267110813,port2120,Banana,Democratic Republic of the Congo,COD,"Banana, Democratic Republic of the Congo",-6.01089224336675,12.4026443090903,0fc12a19f7cf4ee395f8812c9976aa8c,1517
-9458352.13588159,1126076.90154916,port2121,Punta Morales,Costa Rica,CRI,"Punta Morales, Costa Rica",10.0635741973388,-84.9658228624696,f79b9c1819a14747865feb632ad553d7,1518
3756217.9320636,4160906.38490228,port2124,Dhekelia,Cyprus,CYP,"Dhekelia, Cyprus",34.9781071046976,33.7426797885656,583fcb0ee36b4797a718a0e6e07b6269,1519
1253415.42160581,7402743.89191509,port2125,Stigsnaes,Denmark,DNK,"Stigsnaes, Denmark",55.2100713784248,11.2596223057961,4073575e30664d53a995c405f23a4afc,1520
-7913445.99333376,2061970.4437643,port2127,Barahona,Dominican Republic,DOM,"Barahona, Dominican Republic",18.2085243026209,-71.087694858661,4445a2fcfbab41718c7f87410094a7a6,1521
-7885374.76230801,2077983.01585203,port2128,Puerto Viejo,Dominican Republic,DOM,"Puerto Viejo, Dominican Republic",18.345111098521,-70.8355266999162,4811a81b81254499852ea128b9e5d8d8,1522
3685757.07402861,3292485.32435834,port2130,Ras Gharib,Egypt,EGY,"Ras Gharib, Egypt",28.3445642535532,33.1097191315154,f9d45dd9e3e844ccb5e023beafe32787,1523
3738125.03281793,3225815.75332195,port2131,Zeit Bay,Egypt,EGY,"Zeit Bay, Egypt",27.8161621640394,33.5801485093014,b3e1e743ed41427aa4036d27a16fdeab,1524
3705004.0074036,3265185.6790945,port2132,Ras Shukheir,Egypt,EGY,"Ras Shukheir, Egypt",28.1285102857574,33.2826172757473,824afa42ff1e432185e5587e875f96e5,1525
-748680.103330286,8887228.79782726,port2134,Runavik,Faroe Islands,FRO,"Runavik, Faroe Islands",62.1182180024117,-6.72550779737778,d6d1034595814802a5ebabb66bb06409,1526
-756437.485408758,8914040.92002367,port2135,Fuglafjordur,Faroe Islands,FRO,"Fuglafjordur, Faroe Islands",62.2306455903381,-6.79519354623625,6b2cdbc7bdee4a8e8dc29fdac84e95d5,1527
573130.936012599,5381774.25778228,port2136,Berre,France,FRA,"Berre, France",43.4568801912925,5.14852279621845,8bf0a85ace5f43168676e726f6dfa6c2,1528
15369.6921912625,6387306.18807586,port2137,Antifer,France,FRA,"Antifer, France",49.6582872779937,0.138068294076236,51b6c03f6f11460f80120d1c032d875c,1529
1113125.71434042,-314412.556314136,port2138,Gamba,Gabon,GAB,"Gamba, Gabon",-2.82327283921813,9.99937842338455,90d9ff5079a24f22a37c11014b015818,1530
4645314.75291192,5164590.01280124,port2139,Supsa,Georgia,GEO,"Supsa, Georgia",42.0240988103469,41.7295724208667,bd2cd193c95141c0981531abe52b82b5,1531
1058313.16791836,7103074.97001276,port2140,Stade,Germany,DEU,"Stade, Germany",53.6442906538775,9.50698894126009,cda111f6683249f7b39912cec3a74af4,1532
-2386972.25519717,9450613.31104783,port2148,Hvalfjordur,Iceland,ISL,"Hvalfjordur, Iceland",64.3943275968169,-21.4425365961286,fc147451710a41b9889cc6e939012fb2,1533
-2510011.15464665,9350970.9442641,port2149,Helguvik,Iceland,ISL,"Helguvik, Iceland",64.0047518023801,-22.5478138352957,cb2255f4195d4f8084654360116f81c8,1534
8570903.55719518,934914.01023244,port2150,Vizhinjam,India,IND,"Vizhinjam, India",8.36856104748015,76.993736641428,dc77c1b52c674753b03526db90f12e12,1535
8252575.20983998,1662695.2471851,port2151,Karwar,India,IND,"Karwar, India",14.7698923706459,74.1341444434512,13424b00515b463e9d112d92c5bf6d7d,1536
10321818.4302081,1308946.83208909,port2152,Port Blair,India,IND,"Port Blair, India",11.676789659007,92.7224725576251,04d35d49e43d4da7b5ec96d206168711,1537
5603274.85510632,3406620.28162888,port2164,Kharg Island,Iran,IRN,"Kharg Island, Iran",29.2430727915583,50.335074434646,5bad935f978740d98e26c56059c5293d,1538
5938912.37272397,3097327.23542608,port2165,Lavan,Iran,IRN,"Lavan, Iran",26.7905436961137,53.3501575546447,b31116a1b503470ab79503875e72ee40,1539
-1042915.8283766,6907099.62374178,port2166,Tarbert,Ireland,IRL,"Tarbert, Ireland",52.5877265070623,-9.3686722868087,ea91f7cb9f594e379707458f66f8cb03,1540
1699132.82532925,4454766.94300701,port2167,Santa Panagia,Italy,ITA,"Santa Panagia, Italy",37.1122670681517,15.2635698674245,9e135f5a60d3477ca052ce0433935ddf,1541
1490218.99527305,5410315.03633085,port2168,Falconara,Italy,ITA,"Falconara, Italy",43.6427024844064,13.3868650013902,82fba52d6f534d0f85f311948e3011e2,1542
1638080.8545474,5186664.18383594,port2169,Vasto,Italy,ITA,"Vasto, Italy",42.1712347009254,14.7151306826349,d185d21c2c414bad99957aa4f92e4af6,1543
1510892.6581978,5046003.26891622,port2170,Gaeta,Italy,ITA,"Gaeta, Italy",41.2278193884162,13.5725796752305,3bc688deaa8c4fe488a09e0e7961e300,1544
1609017.46244909,4974583.18242349,port2171,Torre Annunziata,Italy,ITA,"Torre Annunziata, Italy",40.7435129959628,14.4540497893323,6b2f637b6bd340c6891564017cc85390,1545
-8638790.03735177,2021041.44693247,port2172,Port Kaiser,Jamaica,JAM,"Port Kaiser, Jamaica",17.8589155733473,-77.6035712685255,0a1bfb7da51a4956958a377893b96b7b,1546
14327602.9561883,4148290.33414921,port2183,Okpo (Geoje),Korea,KOR,"Okpo (Geoje), Korea",34.8851935777372,128.7070472034,06ba13b4b34947ddbea7cfd7509e17a5,1547
-9658977.04179885,1364566.07693983,port2196,Puerto Sandino,Nicaragua,NIC,"Puerto Sandino, Nicaragua",12.1656483441302,-86.7680670560747,67701e12125e4e86b1625787e6b3b8d1,1548
-1264032.09811644,3308793.37500906,port2194,Tan Tan,Morocco,MAR,"Tan Tan, Morocco",28.4734197765415,-11.3549935335566,8d6c7778e07b4d9b955240f831189915,1549
2076490.77095662,5228283.00877144,port2193,Bijela,Montenegro,MNE,"Bijela, Montenegro",42.4477169652261,18.6534339688346,0a9623407881490d9d9384b43d2f13cd,1550
18578150.0503948,-2554036.728194,port2195,Baie De Prony,New Caledonia,NCL,"Baie De Prony, New Caledonia",-22.353635768907,166.890361409355,a080019c7a6d43f186e96014cab075a9,1551
2521955.74037726,3863709.2900661,port2188,Derna,Libya,LBY,"Derna, Libya",32.761648007927,22.6551138745386,2b5395e186374c9ca6b5ce65c19ee613,1552
3882809.63534996,3825306.98437513,port2108,Hadera,Israel,ISR,"Hadera, Israel",32.4710776765136,34.8798724076142,46be4113ce944434a5737d564e042661,1553
3976255.53503051,4072605.99035815,port2186,Chekka,Lebanon,LBN,"Chekka, Lebanon",34.3255970067883,35.7193112068275,dea2cf42126240f28d573d4d7bc5ec46,1554
3966267.0013518,4047638.36553789,port2187,Aamchit,Lebanon,LBN,"Aamchit, Lebanon",34.1401653025321,35.6295826821323,926caf0f51cd46019f78abdae8bc8422,1555
14070438.7802814,4131454.91329572,port2184,Mokpo,Korea,KOR,"Mokpo, Korea",34.7610418298541,126.396902105949,f5ccb790685d4065a187e6c7a0bc1aa4,1556
14322809.4112415,4182488.62823542,port2185,Jinhae,Korea,KOR,"Jinhae, Korea",35.1368098108452,128.663986056492,a2791311b09141c2b57a76b155735d71,1557
-8856312.28017043,984481.33774444,port2200,Taboguilla,Panama,PAN,"Taboguilla, Panama",8.8088374617976,-79.5576068221251,069cb058e8e4414ea1e6be13938664bb,1558
16809250.1183627,-591464.556334869,port2201,Bialla,Papua New Guinea,PNG,"Bialla, Papua New Guinea",-5.30561773305497,151.000062959131,22bbde7885f74a02bd622427c8267455,1559
-8487405.13676415,-1547712.84508008,port2202,Pisco (General San Martin),Peru,PER,"Pisco (General San Martin), Peru",-13.7688698506776,-76.2436575686978,923b323ab7904ac78173f1101893bcaa,1560
-8588124.3678597,-1337323.93037656,port2203,La Pampilla,Peru,PER,"La Pampilla, Peru",-11.9263168057,-77.1484338156767,bc0ad2f665734950a22131adac96051b,1561
-8890482.1947214,-778066.29537511,port2204,Eten,Peru,PER,"Eten, Peru",-6.97221703809285,-79.864560387107,428a197cc5184a9d9b662f76ae525ca1,1562
-8015647.25757909,-1925620.74975358,port2205,Mollendo,Peru,PER,"Mollendo, Peru",-17.0411936418092,-72.0057844359403,f83f31bb83e549b7a296a869d30ae3be,1563
-8655156.96356518,-1209188.60200659,port2206,Supe,Peru,PER,"Supe, Peru",-10.7978359836361,-77.7505978682411,f0b481d7f3614671b9d3e06abc10efb4,1564
14627147.0217138,5292436.94695804,port2214,Slavyanka,Russian Federation,RUS,"Slavyanka, Russian Federation",42.8715243743688,131.397897326689,bcaab6e9fc134ba4ab094ff2e924e23f,1565
8027354.82865489,11494724.1540071,port2215,Sabetta,Russian Federation,RUS,"Sabetta, Russian Federation",71.2685422977887,72.1109553363133,d5fb80974f7e47589aa75b76bfbe3d41,1566
4750411.68751836,1725750.92335647,port2219,Salif,Yemen,YEM,"Salif, Yemen",15.3169166182557,42.6736742475775,6da48b9243bf41dca31148d53db45d7b,1567
4684096.54193764,1994098.38702635,port2218,Shuqaiq,Saudi Arabia,SAU,"Shuqaiq, Saudi Arabia",17.6283957836864,42.0779551591398,8096f34905324971a610c2865376ed26,1568
-704002.0939306,4386139.78903373,port2221,Rota,Spain,ESP,"Rota, Spain",36.6190523750678,-6.32415841030005,bdfe69bc75044ad0a45ea5bd4b1feeab,1569
474930.480302282,4850367.80698921,port2222,Mahon,Spain,ESP,"Mahon, Spain",39.8927402634657,4.26637309349765,ef21d98190bf442889c8fc2275430c52,1570
-830397.141805761,5420445.47158464,port2223,San Ciprian,Spain,ESP,"San Ciprian, Spain",43.7085215885856,-7.45958444373281,4296adcd260440538c28c8f1f24be156,1571
8930804.60888524,672680.206826717,port2224,Galle,Sri Lanka,LKA,"Galle, Sri Lanka",6.0316176410085,80.2267827964668,ec61088b90c344b6a691adae179fc6ed,1572
4154206.32692372,2200998.92987538,port2225,Bashayer,Sudan,SDN,"Bashayer, Sudan",19.3907845405067,37.3178703686159,8a6c5a36091a41739c38bd1e1da9d66b,1573
1428338.86949568,7531204.71662465,port2226,Landskrona,Sweden,SWE,"Landskrona, Sweden",55.8630689874397,12.8309863736997,1e53cf739e384284b4a2dee988e6d251,1574
3992911.7563547,4150757.1341175,port2227,Tartous,Syria,SYR,"Tartous, Syria",34.9033691141865,35.8689365887395,7cf8f89dca034eb08cf7dc664314dc47,1575
4001063.02534007,4189168.18181337,port2228,Baniyas,Syria,SYR,"Baniyas, Syria",35.1858646499974,35.9421606838848,b555a69202334fb894a1f439694ffc2d,1576
13376185.4289342,2628928.7778615,port2229,Anping,Taiwan Province of China,TWN,"Anping, Taiwan Province of China",22.9744474218755,120.160318140284,702b7db54d2e4860a3d4a68c421f4310,1577
13566431.2871799,2826124.38578364,port2230,Suao,Taiwan Province of China,TWN,"Suao, Taiwan Province of China",24.5953552721171,121.86932576231,25a28e3956b14cbdb815bcf51bda054a,1578
4475517.16237748,-1148388.74944667,port2232,Mtwara,Tanzania,TZA,"Mtwara, Tanzania",-10.2608605099218,40.2042547130292,4aed1d025bf1403cbb29c4725feebca5,1579
3939873.58957439,5626148.32773972,port2234,Feodosiya,Ukraine,UKR,"Feodosiya, Ukraine",45.0293823831506,35.3924866301352,c5a4b349a3804ab09522537347365d62,1580
2936617.34481685,4880987.66091606,port2233,Canakkale,Türkiye,TUR,"Canakkale, Türkiye",40.103456196747,26.3800824445946,5a915fab04aa4334b6c1b19f94091360,1581
5854407.99673162,2774686.8067741,port2236,Jebel Dhanna,United Arab Emirates,ARE,"Jebel Dhanna, United Arab Emirates",24.174505328853,52.5910418293556,6d5cb6925ffc409faa4c5e08ea09e234,1582
5886068.77458022,2893680.71841619,port2237,Das Island,United Arab Emirates,ARE,"Das Island, United Arab Emirates",25.1459398379326,52.8754554358407,528eb382fe5b45febb813a9435d2a35a,1583
-7464727.29050748,1186505.09927893,port2260,Catia La Mar,Venezuela,VEN,"Catia La Mar, Venezuela",10.5976081963712,-67.0567861684697,f479cbfbe95a427aab75b8a83b3e820d,1584
-7954724.04489493,1160698.27775463,port2261,La Salina,Venezuela,VEN,"La Salina, Venezuela",10.3696516319543,-71.4585019048218,51d8b934514845429c7ed8fe7e4f1156,1585
12165397.5348497,1403128.45289058,port2262,Van Phong,Vietnam,VNM,"Van Phong, Vietnam",12.5040628840733,109.283625429454,dc07f09bc2944048bb7812853774bd3f,1586
5515173.67839924,1654017.24551203,port2263,Ash Shihr,Yemen,YEM,"Ash Shihr, Yemen",14.6944993583033,49.5436480987972,fe86845925914d0dbb558312e9baec60,1587
5333813.17794098,1573429.95281583,port2264,Rudum Terminal,Yemen,YEM,"Rudum Terminal, Yemen",13.9931436850754,47.914459003825,4270b9f4e3014250aad668da055a3221,1588
4744174.0895131,1718106.56760949,port2245,Ras Isa Terminal,Yemen,YEM,"Ras Isa Terminal, Yemen",15.2506749411968,42.6176409513343,df639fd3b88149c8adb5e1ceec5c16e1,1589
4812766.02618045,1494024.86492105,port2109,Mokha,Yemen,YEM,"Mokha, Yemen",13.2999773445722,43.2338128020907,0612b26557e341d6b43cc4618578a4e3,1590
11595245.3305701,149291.214395416,port2189,Pengerang,Malaysia,MYS,"Pengerang, Malaysia",1.3409833539977,104.161861035667,afb653f60faf45ee886ec94ddd5469d7,1591
12891997.9932332,635372.898823178,port2190,Kimanis,Malaysia,MYS,"Kimanis, Malaysia",5.69823512877678,115.810788401596,66a95cd2a77a4a51b8796e26d41c61e0,1592
13164241.5763643,523126.419519699,port2191,Kunak,Malaysia,MYS,"Kunak, Malaysia",4.69406464844105,118.256394118897,57f60a0bffa0430d86e61cbc4b0c8332,1593
13121245.7629919,474101.231560314,port2192,Tawau,Malaysia,MYS,"Tawau, Malaysia",4.25500727463273,117.870156155841,65c589a8ab634beca12c2e76faa5c636,1594
13852101.1824953,1220953.91734125,port2207,Isabel,Philippines,PHL,"Isabel, Philippines",10.9016363100407,124.435542094056,9a9f32c5416b4c7183e5783c5d9d0f15,1595
13718924.0652748,1055238.59961852,port2208,Amlan,Philippines,PHL,"Amlan, Philippines",9.43641763273019,123.239191695115,d3fd6d20627e48f4ad8939a7173950e9,1596
13449069.2192458,1564875.47434593,port2209,Calaca,Philippines,PHL,"Calaca, Philippines",13.9185658619298,120.815044368299,fe7ef4af8bad4ce9ae7739320368705e,1597
13441586.685138,1566625.1100692,port2210,Balayan,Philippines,PHL,"Balayan, Philippines",13.9338211230468,120.747827620769,37688895b3cd4db0af672e6cce52c0bd,1598
2602832.86326537,4575134.4555999,port2141,Pachi,Greece,GRC,"Pachi, Greece",37.9696159587141,23.3816454307986,656537e52f8247858b009d95998e4178,1599
2678549.64711483,4537803.27341341,port2142,Lavrion,Greece,GRC,"Lavrion, Greece",37.7047701201238,24.061820872762,74bc96eb226845e18e4ce7e6cad898da,1600
2625976.25214493,4644053.37258966,port2143,Chalkis,Greece,GRC,"Chalkis, Greece",38.4560580996744,23.5895460303669,8e3b8948e95546aabcf0cef66a24e489,1601
2761260.28699853,4154172.60242608,port2144,Kali Limenes,Greece,GRC,"Kali Limenes, Greece",34.9285278588392,24.8048231924303,00c200177ed7411180e8ddf28c35af4d,1602
2910097.56885415,4164406.9328617,port2145,Atherinolakos,Greece,GRC,"Atherinolakos, Greece",35.0038689611542,26.1418512438075,721d1e56910342e38ae64c162a766c5b,1603
2626781.21489143,4659447.14142078,port2146,Psakhna,Greece,GRC,"Psakhna, Greece",38.5642654328339,23.5967771337502,b372f2d8a3bc41e38616326882b45232,1604
2524585.48864602,4629607.03204639,port2147,San Nicolas,Greece,GRC,"San Nicolas, Greece",38.3543626726989,22.6787373051707,19f305840fd84dfbbd654df2998a5148,1605
14245154.4925578,3043830.6495727,port2173,Henza Island,Japan,JPN,"Henza Island, Japan",26.3607518705613,127.966400053085,05be409076f54c55af739a9218b63b76,1606
14798300.1369186,4044873.73075252,port2174,Namikata,Japan,JPN,"Namikata, Japan",34.1196075765848,132.935391919819,ee1f59a0b0294898852a1887825a6c04,1607
14742151.3501538,4053415.40692859,port2176,Kanokawa,Japan,JPN,"Kanokawa, Japan",34.1831070337709,132.430998786464,43eb436adde448da96c73cc7f2b448c5,1608
14225245.5610651,3026772.59494771,port2177,Nakagusukuwan,Japan,JPN,"Nakagusukuwan, Japan",26.2233693144092,127.787555078582,cd8fe19239294b439776d869f00d0782,1609
14567953.9368693,4025366.75825624,port2178,Mutsure,Japan,JPN,"Mutsure, Japan",33.9744124326445,130.866156798389,2503be0f7750470ab845f434c7bb5f24,1610
14583560.2156887,4030083.01004168,port2179,Chofu,Japan,JPN,"Chofu, Japan",34.0095394269591,131.006350386306,bfa3d413784c4cac832dd1de9279eb2f,1611
14231312.8611849,3051338.96689517,port2180,Kinwan,Japan,JPN,"Kinwan, Japan",26.4211708877825,127.842058562891,c7f507ee6f5d4db988cea6c8e6bc2299,1612
14683676.9626552,3892830.87288568,port2181,Saiki,Japan,JPN,"Saiki, Japan",32.9813660016647,131.905714426269,974c9ad2cc4e4858a67c306dc47d2b24,1613
15162871.8638439,4038399.25506611,port2182,Owase,Japan,JPN,"Owase, Japan",34.0714440465658,136.210395464368,b858810c8d98436e8b103bb93e8c5ab0,1614
11501269.8347194,118360.046262352,port2153,Karimun,Indonesia,IDN,"Karimun, Indonesia",1.06318536647826,103.317664793112,fd5ef1865ba74258bf34570d8519186a,1615
11707542.3388498,-230930.339636367,port2154,Muntok,Indonesia,IDN,"Muntok, Indonesia",-2.07402944030294,105.170642224652,1d50f46ba13d402f8aa194fe1d4f0f0a,1616
11372163.1756287,150101.881606208,port2155,Sungai Pakning,Indonesia,IDN,"Sungai Pakning, Indonesia",1.34826369615872,102.157879941684,30dff55468ce47a1936827a39228861c,1617
12858873.6177095,-951046.302201573,port2156,Padang,Indonesia,IDN,"Padang, Indonesia",-8.51191030976715,115.513227073498,86e060c0a4204727a8d661ee3f27d466,1618
10611064.2872884,656261.019276044,port2157,Sabang,Indonesia,IDN,"Sabang, Indonesia",5.88491841895616,95.3208123004595,ee45c6c51dc243f7b5fce90559d58073,1619
11566055.9403231,129229.428497805,port2158,Pulau Sambu,Indonesia,IDN,"Pulau Sambu, Indonesia",1.16080828783621,103.899648281736,12e3a1ef8d164134b6d92be45318fb41,1620
11071375.8509251,375593.223797773,port2159,Kuala Tanjung,Indonesia,IDN,"Kuala Tanjung, Indonesia",3.37206298625255,99.4558614311782,bef2efdd8aee44efb4112f57f5aa2c1e,1621
14527717.9355214,-345372.341313128,port2160,Bula,Indonesia,IDN,"Bula, Indonesia",-3.10101745349884,130.504710648562,fe5f00a29dda4752a646792de468f1cb,1622
12124435.850493,57164.9822920454,port2161,Kijing,Indonesia,IDN,"Kijing, Indonesia",0.513514898115065,108.915660358245,837405e8aecf4c8490da34e85fdd4373,1623
13856297.3854898,131555.666704278,port2162,Amurang,Indonesia,IDN,"Amurang, Indonesia",1.1817008749589,124.473237226909,52e8c8dea31345f48a588ffdfc278ecb,1624
13670963.7994405,-105656.010860304,port2163,Luwuk,Indonesia,IDN,"Luwuk, Indonesia",-0.949080688856557,122.808357296821,67b8003a19c943218fea5025e1a3e177,1625
-373908.169179888,7558781.46182401,port2238,Hound Point,United Kingdom,GBR,"Hound Point, United Kingdom",56.0018375139033,-3.35887423231441,926dbd20bfa9461d8c61f97d919c6f60,1626
-347312.615552715,8145093.70467138,port2239,Flotta,United Kingdom,GBR,"Flotta, United Kingdom",58.8363226064973,-3.11996230918531,70157cd84c6b42c5a86e71984ee1bc79,1627
-497395.311516089,7198015.91666484,port2240,Douglas,United Kingdom,GBR,"Douglas, United Kingdom",54.1468436275529,-4.46817810584293,52e4ef2db2724b6f8e9d0286439e4c3c,1628
-448572.760337133,7904502.30795929,port2241,Cromarty,United Kingdom,GBR,"Cromarty, United Kingdom",57.6997269693355,-4.02959766650529,d1bdc04ce80a419ea679458ece8df444,1629
-277986.341745831,7898591.73600598,port2242,Macduff,United Kingdom,GBR,"Macduff, United Kingdom",57.6713438986857,-2.49719379566753,af2ddadbc4ea45aeb20498150588acc2,1630
-561590.686903779,7535899.37593943,port2243,Loch Striven,United Kingdom,GBR,"Loch Striven, United Kingdom",55.8867280234061,-5.04485497464846,2bc7324d6c484b3f97b43f40a3b2c302,1631
-537149.081072447,7571241.34741026,port2244,Faslane,United Kingdom,GBR,"Faslane, United Kingdom",56.0643738045419,-4.82529229378135,0114aed2b0d94aa5bf44a0a87a3d9a69,1632
-621618.463248681,7444102.33786928,port2246,Campbeltown,United Kingdom,GBR,"Campbeltown, United Kingdom",55.4214906086236,-5.58409366427179,7f3a02dcdbe44de98405ca23e0f33e03,1633
-8416094.99586098,4805626.88663121,port2247,Delaware,United States,USA,"Delaware, United States",39.5836795779323,-75.6030676738374,569641f0346e417781b4e655a5c14215,1634
-13609695.1361298,4586141.98858038,port2248,Rodeo,United States,USA,"Rodeo, United States",38.0475271930771,-122.257971529925,b578fc4bb5fe4af5b01cab82e4b52817,1635
-13676982.8457127,5784735.68195725,port2253,Kalama,United States,USA,"Kalama, United States",46.0273657254777,-122.862427309442,f6e736159f60489f849891a9a3e23714,1636
-8916503.22011838,5183483.21917164,port2249,Erie,United States,USA,"Erie, United States",42.150052962337,-80.0983112353327,d92b85c5ede9422cba1c9ef5e09ce15f,1637
-16849047.8501486,8556889.88781592,port2251,Nikiski,United States,USA,"Nikiski, United States",60.6983652294442,-151.357572066497,6fd13bafeed84ce8a021ec47757392ea,1638
-8394742.74087378,4839338.98439817,port2252,Marcus Hook,United States,USA,"Marcus Hook, United States",39.8166842561933,-75.4112571037832,8a6d1bd305bd42498721d7b62ace13df,1639
-8210390.27720563,5254562.82620055,port2254,Albany,United States,USA,"Albany, United States",42.6216733773329,-73.7551907460014,02d04f1a7327416d92243f8d04e6b43e,1640
-13641431.6041302,6034346.54386313,port2255,Manchester,United States,USA,"Manchester, United States",47.5623177380008,-122.543065072613,0a4b32005e0345218645464a2b504e65,1641
-18536566.1480869,7149927.8945289,port2256,Dutch Harbor,United States,USA,"Dutch Harbor, United States",53.8930536363471,-166.51680685919,9b8d001b85724f04a218a93a0a2f357b,1642
-8966526.5433247,5155889.76352583,port2265,Conneaut,United States,USA,"Conneaut, United States",41.9660133235423,-80.5476783933196,a0cf35dd32374d22be92a99eb9e97832,1643
-8320972.72309449,4886006.37361675,port2266,Fairless Hills,United States,USA,"Fairless Hills, United States",40.1379313167327,-74.7485697589741,8c4c6c8b275741ab9466d4e98bc099f2,1644
-13686090.686065,5798118.49089235,port2267,Longview,United States,USA,"Longview, United States",46.1107730952016,-122.94424443138,97f4eb8751ff4177a6e2bbb216754c7b,1645
-8993171.26171354,5147099.23608688,port2268,Ashtabula,United States,USA,"Ashtabula, United States",41.9072712782886,-80.7870319710172,8d30684f2ebd4daf8cabd25964a13c07,1646
-9047469.3565526,5124437.63794218,port2269,Fairport,United States,USA,"Fairport, United States",41.7555873599268,-81.2748000559421,eafe372d566a48deb9c056140fc0dc10,1647
-9278452.05640933,5145719.9171782,port2270,Monroe,United States,USA,"Monroe, United States",41.8980491716345,-83.349752952427,2952de69b91b450d9b5795d125eed623,1648
5490722.41293249,773441.341460435,port2271,Garacad,Somalia,SOM,"Garacad, Somalia",6.93097579093247,49.3239986439488,a3eef5ca105e49fa964bba8f4e81735e,1649
-8602666.95075516,-1299299.50935274,port2272,Chancay,Peru,PER,"Chancay, Peru",-11.5919068325962,-77.2790720605324,8c95fb11ab9b46bcb1b10a08f822d503,1650
-9067222.50826221,3592985.09025322,port2273,Fernandina,United States,USA,"Fernandina, United States",30.6933235713387,-81.4522456368449,b795c7f38e1b41f78c63251ed2def020,1651
-10286784.9813302,1654650.95586858,port2274,Madero,Mexico,MEX,"Madero, Mexico",14.700005809134,-92.4077617318006,45030b53a7fc46b2bf52094ebf61c6c6,1652
-7336953.68451998,-6066112.49669892,port2275,Deseado,Argentina,ARG,"Deseado, Argentina",-47.7545203320768,-65.9089763368133,9f3deb16c60e4fc48f3f92bc48d556c1,1653
-7222616.72717157,-4982618.29963036,port2276,San Antonio Este,Argentina,ARG,"San Antonio Este, Argentina",-40.7981774055694,-64.8818699735554,f47aa260314046b886a29f32ede58772,1654
-8106581.73299506,-5694729.30668973,port2277,Chacabuco,Chile,CHL,"Chacabuco, Chile",-45.4631325740225,-72.8226627271358,88786a16feda4d2fa05bc8a030d21675,1655
-9094921.87106505,1410941.12971324,port2278,San Andres,Colombia,COL,"San Andres, Colombia",12.5725715708249,-81.7010732465065,18941405f4fd4db2bcfb2f97e4389009,1656
-7717601.7741935,1289829.45300199,port2279,Cumarebo,Venezuela,VEN,"Cumarebo, Venezuela",11.5085586033536,-69.3283963050596,e42f41b28f2b489195bf58a611d8331f,1657
-7816057.32569052,1310699.61149188,port2280,Guaranao,Venezuela,VEN,"Guaranao, Venezuela",11.6922088605618,-70.2128375722214,bfa19c2ded7a45ba945a115eec53390b,1658
-7190424.80688879,1146823.34790832,port2281,Guanta,Venezuela,VEN,"Guanta, Venezuela",10.2470228644195,-64.5926850334035,31beeaf66098484397f833c54aa9bc9b,1659
2377351.31733081,8578221.76186078,port2282,Uusikaupunki,Finland,FIN,"Uusikaupunki, Finland",60.7920124512323,21.3561102407995,c25f34d558c44d5080563b9bacc74935,1660
509867.168918501,6742816.05998312,port2283,Moerdijk,The Netherlands,NLD,"Moerdijk, The Netherlands",51.6819226247066,4.58021470710239,42c0b236dc584a4caec4093e97685114,1661
14086839.4982302,3965098.36469891,port2284,Jeju,Korea,KOR,"Jeju, Korea",33.5242533153385,126.544232261988,d309c0c39f3a48208300acf69d46bab8,1662
14089215.9683951,3927049.42874882,port2285,Seogwipo,Korea,KOR,"Seogwipo, Korea",33.2388427823127,126.565580456701,36d0af4e94974940a3684a7f3d571e45,1663
14110635.8976274,4071726.91885235,port2286,Wando,Korea,KOR,"Wando, Korea",34.3190751812522,126.757998954843,514575a3c30c4f5fa3779a09d98b7ae1,1664
12635013.3876221,2581018.47816243,port2287,Zhongshan,China,CHN,"Zhongshan, China",22.5776221947831,113.502256411557,66bffb15c7594a2db0b5b0e30b082495,1665
-7603163.34040609,-7325263.56136106,port2288,Ushuaia,Argentina,ARG,"Ushuaia, Argentina",-54.810960806567,-68.3003783634403,006740260c5b4699a5fb01911da75e6d,1666
16062392.3060574,5467705.70369429,port2289,Abashiri,Japan,JPN,"Abashiri, Japan",44.0146249284646,144.290925080552,a8a39be0b9f04ee7b0a0a73884ca0a32,1667
14626812.5766577,3706098.34844789,port2290,Aburatsu,Japan,JPN,"Aburatsu, Japan",31.5631152224027,131.394892955633,3b0b82df01a84568a47a8253b5d7681f,1668
-436340.190273462,4197277.97364978,port2291,Al Hoceima,Morocco,MAR,"Al Hoceima, Morocco",35.2453834222876,-3.91971061998271,81dc06e3eceb49619f5c4cfe5e1e0a68,1669
14639960.0697936,3938542.11847507,port2292,Beppu,Japan,JPN,"Beppu, Japan",33.3251498172696,131.512998895951,86e2436d26704f86bb855efb2dd7c662,1670
15147944.460806,-131991.216322001,port2293,Biak,Indonesia,IDN,"Biak, Indonesia",-1.18561264885786,136.076300321356,ba7529bec36d4ab58ef16aee781a9022,1671
12880346.268929,-426549.723860929,port2294,Bunati,Indonesia,IDN,"Bunati, Indonesia",-3.82890828604846,115.706119181308,a53cf0551435440796b7cb67e28df3da,1672
2927205.28233733,4625201.81955491,port2295,Cesme,Türkiye,TUR,"Cesme, Türkiye",38.3233235904712,26.2955324487902,5dab6d37b70f4e0e83da9bb0229938e0,1673
14344032.6772485,3854778.43102333,port2296,Fukue,Japan,JPN,"Fukue, Japan",32.6941570159989,128.854637898822,404d5a8344ad48b7982e249230e84ba9,1674
15569749.3469185,4847841.78230096,port2297,Funagawa,Japan,JPN,"Funagawa, Japan",39.8753279530071,139.865438082468,4ec6b7241fe64f35af4daf37afd9bd3f,1675
14435168.4180961,3994365.87291709,port2298,Gonoura,Japan,JPN,"Gonoura, Japan",33.7431545112956,129.673324188152,ea54b577300547ad87726fff9e0af3dd,1676
9457416.59031718,2189241.61287355,port2299,Gopalpur,India,IND,"Gopalpur, India",19.2911273774335,84.9574187136746,d9588349bab2429baaf5f6f0cab061af,1677
10703334.5848791,452045.596233874,port2300,PLTU Nagan Raya,Indonesia,IDN,"PLTU Nagan Raya, Indonesia",4.05739927663919,96.1496904864201,8c4775917f5e4277ac99f3d20e320ef4,1678
15045188.2961362,4009579.00237674,port2301,Hidaka,Japan,JPN,"Hidaka, Japan",33.8567184494532,135.153225988753,5317fdd54f5f496c9f7f2e24cfed4ddc,1679
13945795.6487702,2853523.70798306,port2302,Hirara,Japan,JPN,"Hirara, Japan",24.8189554304197,125.277213804978,2be55ce20cfa45c3b151ba51a701a8c4,1680
14453309.2978816,3938213.29928161,port2303,Imari,Japan,JPN,"Imari, Japan",33.3226816589795,129.836286483939,e227172720a44704abbe45aa18d0dc71,1681
13818865.8741422,2794825.83509506,port2304,Ishigaki,Japan,JPN,"Ishigaki, Japan",24.3394448689017,124.136984239396,16d20d68d2624eefa05410bb9ca28eb4,1682
14392673.9723271,4054734.79747764,port2305,Izuhara,Japan,JPN,"Izuhara, Japan",34.192911224057,129.291590086907,2e7a3d720ae04473bff1b389ad185186,1683
13123727.3161965,89688.1448092457,port2306,Jetty Coalindo,Indonesia,IDN,"Jetty Coalindo, Indonesia",0.805655762315695,117.892448327562,fb31c0a5f49e42f5983c29a296963ea7,1684
3415188.35634328,5030229.81482671,port2307,Sakarya (Karasu),Türkiye,TUR,"Sakarya (Karasu), Türkiye",41.1211641927301,30.6791589865019,4b4984d179054df29decf501a6472397,1685
14493447.3198364,3744053.23385034,port2308,Sendai,Japan,JPN,"Sendai, Japan",31.8531771080599,130.196852469901,5439c6e050244355b1d9b8953cf42cf5,1686
-736915.295634624,4067958.40652567,port2309,Kenitra,Morocco,MAR,"Kenitra, Morocco",34.2911108711401,-6.61982273170038,966b045bb7cf450b8f401932127be6d5,1687
13233220.0732473,3786168.85838367,port2310,Xishengxu,China,CHN,"Xishengxu, China",32.1739718162241,118.876038499153,39e81e4442a64f0fab9e9e602999a448,1688
15787397.6152841,4894807.92995667,port2311,Kuji,Japan,JPN,"Kuji, Japan",40.1983497653537,141.820605742818,8d014f9c0a86455f9540a10306a68a8c,1689
14537106.2388237,3864354.5872809,port2312,Kumamoto,Japan,JPN,"Kumamoto, Japan",32.7665225747595,130.589047212046,c060e14ab442467bafe75f1ed897bab5,1690
-9942828.81210862,1515244.01078411,port2313,La Libertad,El Salvador,SLV,"La Libertad, El Salvador",13.4854083957889,-89.3179508930112,b6b552d8ff064441b9ba68ea44a0b01d,1691
14517187.020499,3897980.02067745,port2314,Miike,Japan,JPN,"Miike, Japan",33.0201588599632,130.410109829358,ce1a5bb8cfd6493b946c767120f773e8,1692
14523801.0760661,3842345.00664032,port2315,"Misumi, Kumamoto",Japan,JPN,"Misumi, Kumamoto, Japan",32.6001119241193,130.469524901417,4cbd03c0dfd44110bf9f506b911d722e,1693
14686805.7939467,4135931.79747651,port2316,"Misumi, Shimane",Japan,JPN,"Misumi, Shimane, Japan",34.7940745921654,131.933821195975,bb4b9223dd7d44298ed964e4bc17357a,1694
15804089.7694094,4812284.53202547,port2317,Miyako,Japan,JPN,"Miyako, Japan",39.6297569174915,141.970553914574,13676221b93b499794a3c3d2e887c3f6,1695
14634600.0997229,3750467.58618665,port2318,Miyazaki,Japan,JPN,"Miyazaki, Japan",31.9021076722048,131.464849465582,322672d449f64d7fad998aa89edea784,1696
15960522.5482515,5519177.31022783,port2319,Monbetsu,Japan,JPN,"Monbetsu, Japan",44.3462169238292,143.375813476286,245e4ed5a60d4be4ab0d4f734e19cec2,1697
15741423.8828773,5005300.11508685,port2320,Mutsu-Ogawara,Japan,JPN,"Mutsu-Ogawara, Japan",40.9522433250654,141.407616677927,2ab9b972351841649caa15ecfae20eaf,1698
14608447.4884927,3978058.87970269,port2321,Nakatsu,Japan,JPN,"Nakatsu, Japan",33.6212578466037,131.229916561704,a59b422f61b74d368f9ba946d857456f,1699
14416296.4066712,3298997.67640539,port2322,Naze,Japan,JPN,"Naze, Japan",28.3960393866487,129.5037940251,876550aefda4407499d7f0fe814c3643,1700
16205640.9783861,5364689.63074928,port2323,Nemuro,Japan,JPN,"Nemuro, Japan",43.3453721257558,145.577749798379,6f2c60d070374d979c0c9d64fabfc32d,1701
14581460.69513,3598298.10507226,port2324,Nishinoomote,Japan,JPN,"Nishinoomote, Japan",30.7343563887762,130.987490072233,641f8fa6d678408ca661e188bfce83b1,1702
-8630847.41298522,3109855.73068336,port2325,North Abaco,The Bahamas,BHS,"North Abaco, The Bahamas",26.8909639745589,-77.5322214598805,34a6268438df4991ba24e8f6d1c8b325,1703
15394417.6685639,4553268.37292425,port2326,Ogi,Japan,JPN,"Ogi, Japan",37.8146025305689,138.290406817906,6cf34bea1a5d419a85512940482e2193,1704
14916059.8375436,4106898.29267088,port2327,Okayama,Japan,JPN,"Okayama, Japan",34.5796153836187,133.993245309068,edb019ed244744b4808628481c67e29f,1705
3257713.34492152,4991598.08172273,port2328,Tuzla (Pendik),Türkiye,TUR,"Tuzla (Pendik), Türkiye",40.8592153261629,29.2645368902314,9380cf5c57ea479bb132d43f0c660233,1706
-10008111.6556324,3455392.35599221,port2329,Plaquemines,United States,USA,"Plaquemines, United States",29.6246467591855,-89.9043966542932,64871e3bd24a420c9e1766e65977efd3,1707
-8616887.77984886,2091632.92097703,port2330,Port Rhoades,Jamaica,JAM,"Port Rhoades, Jamaica",18.4614592569699,-77.4068199418096,5b953d5e61b34e08980003fed173b21c,1708
-4344686.31333048,-1663145.27934408,port2331,Porto Sul,Brazil,BRA,"Porto Sul, Brazil",-14.7738014619275,-39.0289811996966,2e7b5432b6f74aca9dfba3529c368353,1709
-8587646.93588206,2015624.37299049,port2332,Rocky Point,Jamaica,JAM,"Rocky Point, Jamaica",17.812591962362,-77.1441449712503,b5b74411a0b542199b7210ba084c204f,1710
13417210.5298255,3772301.7017692,port2333,Rugao,China,CHN,"Rugao, China",32.0684697228343,120.528852891916,8fe5eba6dd2f4bc98d687292edd9b15d,1711
15412992.1068166,4592755.40340242,port2334,Ryotsu,Japan,JPN,"Ryotsu, Japan",38.0942970660059,138.457263835669,de19d567cd114eb9b781f1fa8d60e514,1712
-1032493.16571724,3785020.81201935,port2335,Safi Atlantique,Morocco,MAR,"Safi Atlantique, Morocco",32.1652420478809,-9.27504391512747,ef299ecac4a241a3b1a4dc2b3ff7625c,1713
14843090.5301149,4328933.35315727,port2336,Saigo,Japan,JPN,"Saigo, Japan",36.2054893509385,133.33775086772,c89494ab2fea4884a2fda4a43c4478b1,1714
14574877.3503349,4021075.39689773,port2337,Shimonoseki,Japan,JPN,"Shimonoseki, Japan",33.9424374386243,130.928350879732,1f23347e9fdc493c914858e707991f35,1715
15693482.045789,4556991.5100962,port2338,Soma,Japan,JPN,"Soma, Japan",37.8410197143965,140.976947827876,c8732f5610234b0d922968a94f950f19,1716
14772668.955116,3884098.32389043,port2339,Sukumowan,Japan,JPN,"Sukumowan, Japan",32.9155373937589,132.705143096187,f7d85e0f68454090860f0da58a8c9ab8,1717
13350551.9196095,3781458.71320732,port2340,Taixing,China,CHN,"Taixing, China",32.1381504506347,119.930048408164,4da65758a6aa47b6a8f9b54aa0e670f8,1718
3772550.13320475,4343679.37084705,port2341,Tasucu,Türkiye,TUR,"Tasucu, Türkiye",36.3123034291875,33.8893944476497,84aec8a8132040d98d5fa05f76e5b4e1,1719
14937872.5806105,4237683.35895075,port2342,Tottori,Japan,JPN,"Tottori, Japan",35.5412723478481,134.189192513923,640084db3cfd444c957b0ef4e861714f,1720
14821579.416777,4022218.47648274,port2343,Toyo,Japan,JPN,"Toyo, Japan",33.9509557148789,133.144513248821,713ddaf3258c4443a07b826aab50b450,1721
7804453.18279646,2620613.36997556,port2344,Tuna,India,IND,"Tuna, India",22.9056565215725,70.1085957830131,35669226c5044607b0e15d08f8e0490c,1722
14250284.40298,3081215.56242079,port2345,Unten,Japan,JPN,"Unten, Japan",26.6612722805571,128.01248282247,7507a61b481947f9bf2765dec05ae24b,1723
12856591.1385055,-438506.207672874,port2346,Wahana Jetty,Indonesia,IDN,"Wahana Jetty, Indonesia",-3.93606869507381,115.492723213951,81286856c1e94f7eb80f399691403a29,1724
15774215.2386735,5686748.10230794,port2347,Wakkanai,Japan,JPN,"Wakkanai, Japan",45.4128245971079,141.702186438915,f85f80ecc26e4af789af722ab11d12ec,1725
13402848.3052298,3768901.15493335,port2348,Xieqiao,China,CHN,"Xieqiao, China",32.0425795616342,120.399834833233,fd9c9a7434a94baa9abbc4da0eb06557,1726
13295020.5489761,3798833.27456525,port2349,Yangzhou,China,CHN,"Yangzhou, China",32.2702167498255,119.431201618284,0428293fc26b47ce97230b1ed7d2378b,1727
13261127.1440433,3796765.65475964,port2350,Yihua,China,CHN,"Yihua, China",32.2545105563141,119.126731981463,e5b4db64be6b435085fa835bbdcf3388,1728
13282072.4481415,3788497.2479985,port2351,Zhenjiang,China,CHN,"Zhenjiang, China",32.1916743697526,119.314886849483,767a70b089e4438cb02bc1d6ff624a6e,1729
13318188.5984353,3789726.41547747,port2352,Zhenjiang New Area,China,CHN,"Zhenjiang New Area, China",32.201018240062,119.639323747607,9742826e111d48a68b01f89ed6094c47,1730
-4123930.06124626,-537306.905736873,port2353,Areia Branca,Brazil,BRA,"Areia Branca, Brazil",-4.82101120318601,-37.0458940465747,9538c20f0f544840808718a771c7b31b,1731
-6663162.48973565,-343030.150563687,port2354,Carinhoso,Brazil,BRA,"Carinhoso, Brazil",-3.08000779684392,-59.8562070510142,0b680271f688412f988f414acf056c0f,1732
-7026690.66659817,-448454.347747586,port2355,Coari,Brazil,BRA,"Coari, Brazil",-4.0252187594004,-63.1218362258512,a62cbb8f0e07482bac029d4977454db0,1733
-6480989.23275472,-3827869.93658199,port2356,Concepcion del Uruguay,Argentina,ARG,"Concepcion del Uruguay, Argentina",-32.4904995544517,-58.2197168399761,763d4e428d3e4dad98e60f37f8be4574,1734
-6411515.31888699,-2155142.64050758,port2357,Correa,Brazil,BRA,"Correa, Brazil",-19.0017558622803,-57.5956220532263,8fa9ef83a3654460ac8aa78253ef3dc7,1735
-4459942.69275501,-2257138.3703859,port2358,Estaleiro Jurong,Brazil,BRA,"Estaleiro Jurong, Brazil",-19.8657874754831,-40.06434687199,7204895a2ecc48309be7e2c2992b694a,1736
-6445800.51772423,-2476764.15171717,port2359,Itahum,Brazil,BRA,"Itahum, Brazil",-21.7101792298967,-57.903611234572,f25ecaabb35c45188cb9b9292c97970f,1737
-6236645.57068536,-481697.980987798,port2360,Itaituba,Brazil,BRA,"Itaituba, Brazil",-4.3230589156748,-56.0247403778297,c240e9ae75ff4bdaa1498884bfa91b28,1738
-6245891.27999623,-241211.541869781,port2361,Juruti,Brazil,BRA,"Juruti, Brazil",-2.1663238158967,-56.1077959976945,76d7c2ed19db4eb8a20bf05b20c1bf2e,1739
-5836085.65933751,-102803.830347852,port2362,Munguba,Brazil,BRA,"Munguba, Brazil",-0.923462536371614,-52.4264494721364,39d655c4807f493a82715c6477a367d2,1740
-6443528.55257102,-2474463.71217855,port2363,Murtinho,Brazil,BRA,"Murtinho, Brazil",-21.690978596823,-57.8832018243509,3ef7f17bd6e34480ab660de2e526a829,1741
-4419493.50848983,-2152211.25726935,port2364,Norte Capixaba,Brazil,BRA,"Norte Capixaba, Brazil",-18.9768558619373,-39.7009856674342,475a3eb47afc4aae8b638ebb431515d6,1742
-5577761.64461852,-3504711.59551643,port2365,Osorio,Brazil,BRA,"Osorio, Brazil",-30.0090375991735,-50.1058853653646,59d2a17893cb4f0ea95fa05e2e7ef5af,1743
-5825233.80747664,-3734993.81710236,port2366,Pelotas,Brazil,BRA,"Pelotas, Brazil",-31.7840249680192,-52.3289656282602,07196d99537044d7934bdc7b53b4ee78,1744
-4342926.60575765,-378680.114810312,port2367,Paracuru,Brazil,BRA,"Petrobras, Brazil",-3.39974459392247,-39.0131734776141,f224e1ce62d3436ab459c6cfae9a0f06,1745
-4516434.11589917,-2365859.53075962,port2368,Ponta Ubu,Brazil,BRA,"Ponta Ubu, Brazil",-20.7816322374886,-40.5718179603106,674dbf9632054b2b99c3d70c40e759f0,1746
-7114327.13472347,-978222.835892018,port2369,Porto Velho,Brazil,BRA,"Porto Velho, Brazil",-8.75327535777013,-63.9090880134834,aa6d528b653044719fd7462ab3f31624,1747
-6567161.16828294,-360011.06515146,port2370,Portuário Novo Remanso,Brazil,BRA,"Portuário Novo Remanso, Brazil",-3.23231852398925,-58.9938125074478,8464c59eeab54c38a595312a443f5253,1748
-5697385.95536926,-4130.68024479471,port2371,Santana,Brazil,BRA,"Santana, Brazil",-0.0371065293831883,-51.1804888323611,7260dc12a8174cceb70f429263ae6eca,1749
-6094645.53195363,-267548.305369852,port2372,Santarem,Brazil,BRA,"Santarem, Brazil",-2.40272277983486,-54.749132326447,c3462a71cbf44374b1600047dbcbd989,1750
-6276975.27538321,-162263.839400323,port2373,Trombetas,Brazil,BRA,"Trombetas, Brazil",-1.45748365824423,-56.3870282791708,00d96c1c31024a0cb927d74b895bc31b,1751
14080730.9263127,4356276.63289106,port2375,Boryeong LNG Terminal,Korea,KOR,"Boryeong LNG Terminal, Korea",36.4034370641251,126.489358026811,534651e08cd84f088ee8e39ba100e66d,1752
14707771.5510811,4022643.43219571,port2376,Chugoku Yanai LNG Terminal,Japan,JPN,"Chugoku Yanai LNG Terminal, Japan",33.95412228501,132.122159796744,5ed30692442047ea8a96dc92ea0b31c8,1753
-13007894.8698638,3761644.76226558,port2377,Costa Azul LNG Terminal,Mexico,MEX,"Costa Azul LNG Terminal, Mexico",31.9873083205142,-116.851907758186,153c97a32b4e4b57aeb54a5f5820be55,1754
8142696.88613458,1983037.99434388,port2378,Dhabol LNG Terminal,India,IND,"Dhabol LNG Terminal, India",17.5336795051863,73.1470906676713,524db31804344b858e2fd9e08a9faa73,1755
-8503587.67330044,4635053.1953727,port2379,Dominion Cove Point,United States,USA,"Dominion Cove Point, United States",38.3927178982068,-76.3890277677615,d2c297dea6dc4891aa6e034008391237,1756
13648044.4059591,-139068.38279776,port2380,Donggi Senoro LNG Terminal,Indonesia,IDN,"Donggi Senoro LNG Terminal, Indonesia",-1.24917356351933,122.60246888215,7dbaa33214af4f688cb62a1f614f9079,1757
12641270.3537801,2625984.02498476,port2381,Dongguan LNG Terminal,China,CHN,"Dongguan LNG Terminal, China",22.9500903538382,113.558463694876,16b4a3fde77c4962a1736ce6d666ef52,1758
-6541139.88992913,-4061356.64117236,port2382,Escobar LNG Terminal,Argentina,ARG,"Escobar LNG Terminal, Argentina",-34.242099919376,-58.7600593868722,cb5cb8ac9fa5405e902a1624302d4b7f,1759
12739593.415187,2581520.25011794,port2383,Guangdong Dapeng LNG Terminal,China,CHN,"Guangdong Dapeng LNG Terminal, China",22.5817841728185,114.441714783309,97fe65b9cc5246f7843c3977539d2574,1760
13552403.5549034,1562075.62528324,port2384,Pagbilao LNG Terminal,Philippines,PHL,"Pagbilao LNG Terminal, Philippines",13.8941515843755,121.743312499255,301403d7d14e42958d39439f1a19e29b,1761
-8494494.42134437,-1489684.16529387,port2385,Peru LNG Terminal,Peru,PER,"Peru LNG Terminal, Peru",-13.2620270456223,-76.3073416956166,9f90189c669e42cc8a0b85e8a085e798,1762
2605094.28931108,4573820.54941653,port2386,Revithoussa LNG Terminal,Greece,GRC,"Revithoussa LNG Terminal, Greece",37.9603106101309,23.4019601666062,7fccc3fec3524c03a9733b95061a7d0f,1763
13515848.8767187,3833003.41618855,port2387,Rudong Jiangsu LNG Terminal,China,CHN,"Rudong Jiangsu LNG Terminal, China",32.5293881070776,121.414936238061,7b6a2f5a098c4818b3e430e54471c125,1764
-10451337.5243721,3470846.43345422,port2388,Sabine Pass,United States,USA,"Sabine Pass, United States",29.7452537191339,-93.885962376353,9c60d5a537a243bba196803a9466bde8,1765
12615907.7507983,400677.514997468,port2389,Samalaju,Malaysia,MYS,"Samalaju, Malaysia",3.59698227325356,113.330627555841,a4508419176e442ea811d5525380ca2e,1766
14399746.7723724,4463444.18312263,port2390,Samcheok LNG Terminal,Korea,KOR,"Samcheok LNG Terminal, Korea",37.1744023305574,129.355126130729,27922938be9540bb8a30a0e3d0d67d98,1767
14297203.6263336,4156843.50136608,port2391,Tongyeong LNG Terminal,Korea,KOR,"Tongyeong LNG Terminal, Korea",34.9481966435518,128.433965377045,cf12c116f6d744aa8bd6519074fd55d6,1768
5363089.79659631,1571928.93646228,port2392,Yemen LNG Terminal,Yemen,YEM,"Yemen LNG Terminal, Yemen",13.9800595915785,48.1774553438792,32aa9a7259a74164baa3b8fb87a81e18,1769
12954936.8862453,2622961.89855226,port2393,Yuedong LNG Terminal,China,CHN,"Yuedong LNG Terminal, China",22.9250887427253,116.376178097179,3ba09cae86e949eba15cc46daac0e4c7,1770
13380589.1858368,2612673.37377454,port2394,Yung-An LNG Terminal,Taiwan Province of China,TWN,"Yung-An LNG Terminal, Taiwan Province of China",22.8399387027627,120.199877761616,4e8c74be50834485885f684dffcf1d39,1771
13686132.7436875,1197987.44486173,port2395,Bacolod,Philippines,PHL,"Bacolod, Philippines",10.6989796395682,122.944622241431,8355fdbc68504a3095742d51b4d68b18,1772
-7202120.68553596,2008305.924817,port2396,Christiansted,United States Virgin Islands,VIR,"Christiansted, United States Virgin Islands",17.7499898132993,-64.6977508989032,931d7548b16c4deabfc5315d89df9937,1773
666782.14306122,8059424.16925855,port2397,Egersund,Norway,NOR,"Egersund, Norway",58.4357813053489,5.98980590289863,4e645eb00ba34eca840692cc72598a3b,1774
623522.34195331,8445273.45151773,port2398,Fusa,Norway,NOR,"Fusa, Norway",60.2038950488687,5.60119649766657,4bfdbc25ebb8459e8d6ead5a30e1b249,1775
11399861.9133318,90381.9358985088,port2399,Futong,Indonesia,IDN,"Futong, Indonesia",0.811887572799849,102.40670193598,02ba867beccc42c4a302817cbe1d82e1,1776
-527574.736480589,7548153.71028681,port2400,Greenock,United Kingdom,GBR,"Greenock, United Kingdom",55.9484166225997,-4.73928449295842,8d218b1a76f845b18b274c3914b54d78,1777
12636161.6527414,2637248.62435504,port2401,Guangzhou (Huangpu),China,CHN,"Guangzhou (Huangpu), China",23.0432400163665,113.512571452626,f498a580d6a14574864adf1adc8a4a87,1778
-16967709.7033217,7921657.57997647,port2402,Kodiak,United States,USA,"Kodiak, United States",57.7819822248745,-152.42352962997,0dceda9d787848edb211e6c9bfed9489,1779
451748.28585597,714181.028603424,port2403,Lekki,Nigeria,NGA,"Lekki, Nigeria",6.40223272598637,4.05812389759213,a95301e8371c4c8caba41fc5cb61985a,1780
-6404338.86284166,-4585785.46736624,port2404,Mar del Plata,Argentina,ARG,"Mar del Plata, Argentina",-38.0450050362243,-57.531154851713,49b006860ce242dfab68216f9b6afd14,1781
11778745.412811,2195944.32063736,port2405,Nghi Son,Vietnam,VNM,"Nghi Son, Vietnam",19.3479482072911,105.810270320808,d00107845dc64d6090b54516a688ece9,1782
1651466.16541374,4399402.16537536,port2406,Pozzallo,Italy,ITA,"Pozzallo, Italy",36.7146154598481,14.8353729759742,d1342007b8fc473daf304a27e3f5dcad,1783
-8541432.16193531,901675.418357793,port2407,Turbo,Colombia,COL,"Turbo, Colombia",8.07304220686728,-76.7289905933653,dccf15d7e8184ac1aed60517384cd96d,1784
-6872117.73394643,1804038.78946651,port2408,Basse Terre,Guadeloupe,GLP,"Basse Terre, Guadeloupe",15.9940936631916,-61.7332839467289,fb203617ff8d4110acbfb69bc86483d4,1785
751625.624410712,7088147.5637462,port2409,Borkum,Germany,DEU,"Borkum, Germany",53.5647245676985,6.75196786344022,63d0e9f0a39a4f1cba5c45f0a0ff139e,1786
-12991235.5882744,3749325.70632072,port2410,El Sauzal,Mexico,MEX,"El Sauzal, Mexico",31.8933989786194,-116.702254885443,0dc8ce0799ca4005bf3cc63cdb75cdca,1787
-1882310.55872151,3848213.35523642,port2411,Funchal,Portugal,PRT,"Funchal, Portugal",32.6445118085705,-16.9090834435909,828bfa2fe6604941a865fa6b48a86961,1788
14306051.5732513,4630671.9474248,port2412,Gonghyeonjin,Korea,KOR,"Gonghyeonjin, Korea",38.361864059547,128.513447836537,c32a7d063bf240af8068490c98a7b148,1789
13460279.5921073,3553156.73139395,port2413,Gushan,China,CHN,"Gushan, China",30.3851713316511,120.915748861121,7abbbc4c068b47c79868cbb8c7d65a10,1790
13463443.9429487,3563130.22165496,port2414,Haiyan,China,CHN,"Haiyan, China",30.4624280040617,120.944174708372,ab0271a9f43d417faf1c60901fb75309,1791
13526091.844017,3436338.43802854,port2415,Huangdun,China,CHN,"Huangdun, China",29.4757469412987,121.506950378849,a4b0c0f83df840a7a9a32206533bde56,1792
-8153154.10196896,-415078.778138234,port2416,Iquitos,Peru,PER,"Iquitos, Peru",-3.72608691539331,-73.2410294358049,ed896afb9b5b40d2a988c16faea1f1b2,1793
16037499.2248077,-4874876.84568439,port2417,King Island,Australia,AUS,"King Island, Australia",-40.0614554824457,144.067306726998,d5a490d9e52a450582364463b797619f,1794
3710480.88841599,4210589.90414014,port2418,Kyrenia,Cyprus,CYP,"Kyrenia, Cyprus",35.3429866794329,33.3318169349746,1618828587374d76887ba675efbdf138,1795
-9670614.18884705,2373661.65814338,port2419,Morelos,Mexico,MEX,"Morelos, Mexico",20.8471457645581,-86.8726053266441,b2801fa5a90c48b88da6489049e435ac,1796
-6756401.22952093,-3717256.90509602,port2420,Santa Fe,Argentina,ARG,"Santa Fe, Argentina",-31.6484861635765,-60.6937849012258,c7750c8f339f4f5dbe01ddcb1290c187,1797
13485894.1352006,3259770.46024333,port2421,Taizhou (Damaiyu),China,CHN,"Taizhou (Damaiyu), China",28.0856013963617,121.145848216685,efeaa02ad8b54543a35ab0df1da74899,1798
13539595.3971262,3381224.32791388,port2422,Taizhou (Jiantiao),China,CHN,"Taizhou (Jiantiao), China",29.0438184747963,121.628254860328,ca93a351ee6b4f1bbdb6ec9462efeeb4,1799
13543086.2308318,3300691.78673368,port2423,Taizhou (Wenling),China,CHN,"Taizhou (Wenling), China",28.4094259309551,121.659613553048,805a9643aaef463dbfaee2de9387134f,1800
13554507.2588028,3336624.31339529,port2424,Toumen,China,CHN,"Toumen, China",28.692958815702,121.762210392916,60e8ec3c4a174b27bac8e5416092efd8,1801
1039144.12340633,7128837.94792727,port2425,Wischhafen,Germany,DEU,"Wischhafen, Germany",53.7812601571632,9.3347904845889,9f8a6291de394514919932ee820cc699,1802
13481512.3532072,3272207.20418125,port2426,Yueqing,China,CHN,"Yueqing, China",28.1841215883097,121.106485999322,855cdf07ecbb412ea5df15ef2676865d,1803
-4459236.16219695,-2432346.92522894,fso0,Brazil - Offshore Oil Terminal 1,Brazil,BRA,"Brazil - Offshore Oil Terminal 1, Brazil",-21.339,-40.058,0531ad3816c2483195d3fdde02d03c47,1804
-4755568.64668865,-2848256.25020402,fso1,Brazil - Offshore Oil Terminal 10,Brazil,BRA,"Brazil - Offshore Oil Terminal 10, Brazil",-24.776,-42.72,0a80a3bee75d4102a36fa0224c1d8267,1805
-4727516.13500874,-2869727.27743629,fso2,Brazil - Offshore Oil Terminal 11,Brazil,BRA,"Brazil - Offshore Oil Terminal 11, Brazil",-24.951,-42.468,461e5a0e0f8e4053b953dcf7efebd109,1806
-4762247.81613624,-2936051.14833763,fso3,Brazil - Offshore Oil Terminal 12,Brazil,BRA,"Brazil - Offshore Oil Terminal 12, Brazil",-25.49,-42.78,a99298f50d8a490094a2e4c1f0d28c84,1807
-4489960.3416559,-2539041.71499724,fso4,Brazil - Offshore Oil Terminal 13,Brazil,BRA,"Brazil - Offshore Oil Terminal 13, Brazil",-22.229,-40.334,a53195c990b14853889f4f3669170c6d,1808
-4703916.40296057,-2824611.83730005,fso5,Brazil - Offshore Oil Terminal 14,Brazil,BRA,"Brazil - Offshore Oil Terminal 14, Brazil",-24.583,-42.256,55d1fbb362ce4ae2a43eac1efd171344,1809
-4436972.2640383,-2497723.69797184,fso6,Brazil - Offshore Oil Terminal 15,Brazil,BRA,"Brazil - Offshore Oil Terminal 15, Brazil",-21.885,-39.858,c5c1419ceb2b4531bafe85d4b01d704c,1810
-4533486.26255607,-2626214.88074181,fso7,Brazil - Offshore Oil Terminal 16,Brazil,BRA,"Brazil - Offshore Oil Terminal 16, Brazil",-22.952,-40.725,1d6b5f886d504c97b02a09b3ffffd3f9,1811
-4838501.66732964,-2939381.26453432,fso8,Brazil - Offshore Oil Terminal 17,Brazil,BRA,"Brazil - Offshore Oil Terminal 17, Brazil",-25.517,-43.465,875e6f8c44714a1796e856fef6fde9e0,1812
-4305837.90388382,-1438490.13073374,fso9,Brazil - Offshore Oil Terminal 18,Brazil,BRA,"Brazil - Offshore Oil Terminal 18, Brazil",-12.814,-38.68,e1f4c36f9fad41d29b63f7e14bde7696,1813
-4738870.72306966,-2903529.26454781,fso10,Brazil - Offshore Oil Terminal 19,Brazil,BRA,"Brazil - Offshore Oil Terminal 19, Brazil",-25.226,-42.57,bc73d41d5e89464cb294acb4b52643c2,1814
-4760021.42632038,-2924093.5613662,fso11,Brazil - Offshore Oil Terminal 2,Brazil,BRA,"Brazil - Offshore Oil Terminal 2, Brazil",-25.393,-42.76,f619581db5474702b84fa6fe9daf4339,1815
-4572225.44535212,-2648352.7886718,fso12,Brazil - Offshore Oil Terminal 20,Brazil,BRA,"Brazil - Offshore Oil Terminal 20, Brazil",-23.135,-41.073,a2fb07ad7e4b4461bc51aded3c969a92,1816
-4731968.91464047,-2849604.96377198,fso13,Brazil - Offshore Oil Terminal 21,Brazil,BRA,"Brazil - Offshore Oil Terminal 21, Brazil",-24.787,-42.508,dab21555176b4283be88a4d69709ffe0,1817
-4809558.59972338,-2958513.12636688,fso14,Brazil - Offshore Oil Terminal 22,Brazil,BRA,"Brazil - Offshore Oil Terminal 22, Brazil",-25.672,-43.205,1ac16d866d974fb18ef397ba32fb2243,1818
-4445766.50381097,-2571060.60131823,fso15,Brazil - Offshore Oil Terminal 23,Brazil,BRA,"Brazil - Offshore Oil Terminal 23, Brazil",-22.495,-39.937,4b271e9004734770a54a370e98580783,1819
-4731634.95616809,-2837348.32029322,fso16,Brazil - Offshore Oil Terminal 24,Brazil,BRA,"Brazil - Offshore Oil Terminal 24, Brazil",-24.687,-42.505,41551a1b3c2f4620be041a92f9f1fe3c,1820
-4732525.51209444,-2832570.89650708,fso17,Brazil - Offshore Oil Terminal 25,Brazil,BRA,"Brazil - Offshore Oil Terminal 25, Brazil",-24.648,-42.513,0208768bc3864cd5922b3af96ea0014f,1821
-4754900.72974389,-2790129.40065786,fso18,Brazil - Offshore Oil Terminal 26,Brazil,BRA,"Brazil - Offshore Oil Terminal 26, Brazil",-24.301,-42.714,b0f172aa51774148a249592a8a1ea2a6,1822
-4771042.05590891,-2956660.57116493,fso19,Brazil - Offshore Oil Terminal 27,Brazil,BRA,"Brazil - Offshore Oil Terminal 27, Brazil",-25.657,-42.859,a23c334f68eb4c8e8eadc20ecbb24f08,1823
-4592819.55114888,-2670399.70757641,fso20,Brazil - Offshore Oil Terminal 28,Brazil,BRA,"Brazil - Offshore Oil Terminal 28, Brazil",-23.317,-41.258,2fab458591864593ac0cf827df118469,1824
-4816015.13018939,-2974083.81239366,fso21,Brazil - Offshore Oil Terminal 29,Brazil,BRA,"Brazil - Offshore Oil Terminal 29, Brazil",-25.798,-43.263,61167638339a4bc7ba1a2ff42691f993,1825
-4459124.84270616,-2567085.00439612,fso22,Brazil - Offshore Oil Terminal 3,Brazil,BRA,"Brazil - Offshore Oil Terminal 3, Brazil",-22.462,-40.057,0bb092de918143d5804ffdff06342504,1826
-4452445.67325856,-2417414.17079535,fso23,Brazil - Offshore Oil Terminal 30,Brazil,BRA,"Brazil - Offshore Oil Terminal 30, Brazil",-21.214,-39.997,b9ec274dbe3d4e5db71c7fb49ae3e95e,1827
-4780392.89313555,-2892950.29098096,fso24,Brazil - Offshore Oil Terminal 31,Brazil,BRA,"Brazil - Offshore Oil Terminal 31, Brazil",-25.14,-42.943,2a5bdc87bc1046a59dc5d3e6a6f3ed6d,1828
-4449106.08853476,-2527380.80514205,fso25,Brazil - Offshore Oil Terminal 32,Brazil,BRA,"Brazil - Offshore Oil Terminal 32, Brazil",-22.132,-39.967,a51c01e9295547f3855e6fbda38b1444,1829
-4768704.34660225,-2942588.75113936,fso26,Brazil - Offshore Oil Terminal 33,Brazil,BRA,"Brazil - Offshore Oil Terminal 33, Brazil",-25.543,-42.838,aed53bf553144b0b9b98df123f949486,1830
-4458679.56474299,-2558655.05131903,fso27,Brazil - Offshore Oil Terminal 34,Brazil,BRA,"Brazil - Offshore Oil Terminal 34, Brazil",-22.392,-40.053,34b77526c08b4ec09ff3673fea06c0ee,1831
-4428845.94121039,-2504203.02992164,fso28,Brazil - Offshore Oil Terminal 35,Brazil,BRA,"Brazil - Offshore Oil Terminal 35, Brazil",-21.939,-39.785,09b53bd97ce8470ca3dea39faf6a4f01,1832
-4481500.06035561,-2577688.70447863,fso29,Brazil - Offshore Oil Terminal 36,Brazil,BRA,"Brazil - Offshore Oil Terminal 36, Brazil",-22.55,-40.258,9130cc038461482b84fc174244c59aef,1833
-4752451.70094644,-2916086.12341891,fso30,Brazil - Offshore Oil Terminal 37,Brazil,BRA,"Brazil - Offshore Oil Terminal 37, Brazil",-25.328,-42.692,971ddf5358c049bcac15970ab69143ea,1834
-4696235.35809583,-2821551.76107571,fso31,Brazil - Offshore Oil Terminal 38,Brazil,BRA,"Brazil - Offshore Oil Terminal 38, Brazil",-24.558,-42.187,d504d459b230469f9620575a010270bf,1835
-4571223.56993499,-2694176.3327114,fso32,Brazil - Offshore Oil Terminal 39,Brazil,BRA,"Brazil - Offshore Oil Terminal 39, Brazil",-23.513,-41.064,ab880ab0363f4d089efa571eefe39698,1836
-4463466.3028471,-2569976.25363679,fso33,Brazil - Offshore Oil Terminal 4,Brazil,BRA,"Brazil - Offshore Oil Terminal 4, Brazil",-22.486,-40.096,84e94fc0db714f228ebf4c24d2e919d3,1837
-4704918.27837771,-2830366.43505657,fso34,Brazil - Offshore Oil Terminal 40,Brazil,BRA,"Brazil - Offshore Oil Terminal 40, Brazil",-24.63,-42.265,e006c82fadbd45c5810561f4397d6b78,1838
-4474486.93243563,-2552876.96493173,fso35,Brazil - Offshore Oil Terminal 41,Brazil,BRA,"Brazil - Offshore Oil Terminal 41, Brazil",-22.344,-40.195,55e4793d0d374a9f870f90e8e936f8d9,1839
-4456007.89696395,-2562989.92484805,fso36,Brazil - Offshore Oil Terminal 42,Brazil,BRA,"Brazil - Offshore Oil Terminal 42, Brazil",-22.428,-40.029,8b3f3798633348a1b0f412b91a6a75c6,1840
-4773157.12623398,-2900576.24153102,fso37,Brazil - Offshore Oil Terminal 43,Brazil,BRA,"Brazil - Offshore Oil Terminal 43, Brazil",-25.202,-42.878,cd0449b132494acab7b5d7d2fe24b4b4,1841
-4479273.67053974,-2591194.1109199,fso38,Brazil - Offshore Oil Terminal 44,Brazil,BRA,"Brazil - Offshore Oil Terminal 44, Brazil",-22.662,-40.238,2b5b71603b0044b9b7290a83a730e71f,1842
-4423725.2446339,-2510684.8220168,fso39,Brazil - Offshore Oil Terminal 45,Brazil,BRA,"Brazil - Offshore Oil Terminal 45, Brazil",-21.993,-39.739,a497edbe7ea54cbf8fc239f80e01dc76,1843
-4708035.22411992,-2837103.28785993,fso40,Brazil - Offshore Oil Terminal 5,Brazil,BRA,"Brazil - Offshore Oil Terminal 5, Brazil",-24.685,-42.293,6d00bfa1494c4897a7825edc3c1faa5a,1844
-4460460.67659568,-2564314.693689,fso41,Brazil - Offshore Oil Terminal 6,Brazil,BRA,"Brazil - Offshore Oil Terminal 6, Brazil",-22.439,-40.069,bc1309bccd504429bd7112fc26ec30d6,1845
-4469143.59687755,-2530505.62064028,fso42,Brazil - Offshore Oil Terminal 7,Brazil,BRA,"Brazil - Offshore Oil Terminal 7, Brazil",-22.158,-40.147,5d95108207eb47cf82beefe89f65bf12,1846
-4399680.23462255,-2278007.06785564,fso43,Brazil - Offshore Oil Terminal 8,Brazil,BRA,"Brazil - Offshore Oil Terminal 8, Brazil",-20.042,-39.523,bdd63e7d4c7e4783821be006b84918bf,1847
-4424170.52259707,-2416697.71724373,fso44,Brazil - Offshore Oil Terminal 9,Brazil,BRA,"Brazil - Offshore Oil Terminal 9, Brazil",-21.208,-39.743,8c72dc831ab5419ebc7c25685bd64525,1848
1017460.14585052,375920.738216228,fso45,Equatorial Guinea - Offshore Oil Terminal 1,Equatorial Guinea,GNQ,"Equatorial Guinea - Offshore Oil Terminal 1, Equatorial Guinea",3.375,9.14,a6eba57c9a5442cba580dfa5b9ded5f0,1849
899238.846628064,423547.653211314,fso46,Equatorial Guinea - Offshore Oil Terminal 2,Equatorial Guinea,GNQ,"Equatorial Guinea - Offshore Oil Terminal 2, Equatorial Guinea",3.802,8.078,d3d9b2fa00e142abbe445b936de7752f,1850
1027256.26104033,156864.97403753,fso47,Equatorial Guinea - Offshore Oil Terminal 3,Equatorial Guinea,GNQ,"Equatorial Guinea - Offshore Oil Terminal 3, Equatorial Guinea",1.409,9.228,28dc15477f984acc87a2f7be3817a4d2,1851
-6335526.17951758,894363.067768629,fso48,Guyana - Offshore Oil Terminal 1,Guyana,GUY,"Guyana - Offshore Oil Terminal 1, Guyana",8.008,-56.913,1fbdae66657d40b2927dfb2f34886d7d,1852
-6345544.93368897,915389.668294374,fso49,Guyana - Offshore Oil Terminal 2,Guyana,GUY,"Guyana - Offshore Oil Terminal 2, Guyana",8.195,-57.003,5edd8a6ba28a47ad8af220cc46683c7a,1853
-6344320.41929025,894587.899717152,fso50,Guyana - Offshore Oil Terminal 3,Guyana,GUY,"Guyana - Offshore Oil Terminal 3, Guyana",8.01,-56.992,7ab8d534a7ab414ca72e9ceeeb9aa3b9,1854
-6313707.5593221,888630.22534185,fso51,Guyana - Offshore Oil Terminal 4,Guyana,GUY,"Guyana - Offshore Oil Terminal 4, Guyana",7.957,-56.717,3d9ee1083d4f4dee947567bd9ea884f2,1855
1348079.03350654,-847733.898574517,fso52,Angola - Offshore Oil Terminal 1,Angola,AGO,"Angola - Offshore Oil Terminal 1, Angola",-7.593,12.11,3b7bfc06457c4949ae14a7ccb6171de6,1856
1256240.45360209,-807545.464961197,fso53,Angola - Offshore Oil Terminal 2,Angola,AGO,"Angola - Offshore Oil Terminal 2, Angola",-7.235,11.285,3dbdfbcbfbcd4ce3aad56ec977cfb77a,1857
1287743.86949659,-833136.546335488,fso54,Angola - Offshore Oil Terminal 3,Angola,AGO,"Angola - Offshore Oil Terminal 3, Angola",-7.463,11.568,ec0e11c0c9bc425a945033adb6452992,1858
1273828.93314743,-599780.884082363,fso55,Angola - Offshore Oil Terminal 4,Angola,AGO,"Angola - Offshore Oil Terminal 4, Angola",-5.38,11.443,bd36e7d639d649838f08b64b2e8bb486,1859
1319358.60488188,-628522.748483727,fso56,Angola - Offshore Oil Terminal 5,Angola,AGO,"Angola - Offshore Oil Terminal 5, Angola",-5.637,11.852,d3d2bd689afe464f9c9b2a1090e145dd,1860
1227853.98344981,-684701.697331984,fso57,Angola - Offshore Oil Terminal 6,Angola,AGO,"Angola - Offshore Oil Terminal 6, Angola",-6.139,11.03,2e973297b97d441c86c0309e9efe3f20,1861
1354646.88346335,-842119.01400498,fso58,Angola - Offshore Oil Terminal 7,Angola,AGO,"Angola - Offshore Oil Terminal 7, Angola",-7.543,12.169,07d1520fec8448f2b35942d44b620b15,1862
13727363.0071725,-1570201.39521473,fso59,Australia - Offshore Oil Terminal 1,Australia,AUS,"Australia - Offshore Oil Terminal 1, Australia",-13.965,123.315,845551185200431684c9fcb2d06d6764,1863
13864063.3418667,-1420914.42705184,fso60,Australia - Offshore Oil Terminal 2,Australia,AUS,"Australia - Offshore Oil Terminal 2, Australia",-12.66,124.543,9aff44a3d62d4dda9d6e01ea7c344696,1864
12962820.7444043,-2224287.21012412,fso61,Australia - Offshore Oil Terminal 3,Australia,AUS,"Australia - Offshore Oil Terminal 3, Australia",-19.588,116.447,65aea326c315439ebaf6554e91276404,1865
12703335.0113652,-2456385.53221658,fso62,Australia - Offshore Oil Terminal 4,Australia,AUS,"Australia - Offshore Oil Terminal 4, Australia",-21.54,114.116,7bbf8f57cc2d42a4a9edfdca64d1a3c6,1866
12697880.3563163,-2443524.94448056,fso63,Australia - Offshore Oil Terminal 5,Australia,AUS,"Australia - Offshore Oil Terminal 5, Australia",-21.4325,114.067,397b449ee8484637ba1ab051332669a0,1867
10221133.0056568,2456026.50313347,fso64,Bangladesh - Offshore Oil Terminal 1,Bangladesh,BGD,"Bangladesh - Offshore Oil Terminal 1, Bangladesh",21.537,91.8179999999999,159883b880054455895ed95dbe413904,1868
1091042.32926487,325528.10707862,fso65,Cameroon - Offshore Oil Terminal 1,Cameroon,CMR,"Cameroon - Offshore Oil Terminal 1, Cameroon",2.923,9.801,9938019873fb4ee8a3f69bc0b9d8bcdc,1869
-5396880.2331487,5856797.80299548,fso66,Canada - Offshore Oil Terminal 1,Canada,CAN,"Canada - Offshore Oil Terminal 1, Canada",46.475,-48.481,42893ab1514947878e23840006eba8ac,1870
12686414.4487646,2530265.22972477,fso67,China - Offshore Oil Terminal 1,China,CHN,"China - Offshore Oil Terminal 1, China",22.156,113.964,542d26574c2e401ca25fb5f78fd8a118,1871
12772241.7761662,2434020.18490602,fso68,China - Offshore Oil Terminal 2,China,CHN,"China - Offshore Oil Terminal 2, China",21.353,114.735,2d1e570dcc6e49ce8aec364c042e2a7f,1872
12918070.3091054,2468716.70690715,fso69,China - Offshore Oil Terminal 3,China,CHN,"China - Offshore Oil Terminal 3, China",21.643,116.045,5d7ab02584f144389b737732453cce79,1873
13367244.4544563,4634951.23252426,fso70,China - Offshore Oil Terminal 4,China,CHN,"China - Offshore Oil Terminal 4, China",38.392,120.08,db860d685c8845d6a7103039b6a46ae3,1874
-396853.98467802,527922.194143449,fso71,Côte d'Ivoire - Offshore Oil Terminal 1,Côte d'Ivoire,CIV,"Côte d'Ivoire - Offshore Oil Terminal 1, Côte d'Ivoire",4.737,-3.565,d1e8fb88f207485384cc3edab223b652,1875
1194569.45570262,-696122.874695544,fso72,Democratic Republic of the Congo - Offshore Oil Terminal 1,Democratic Republic of the Congo,COD,"Democratic Republic of the Congo - Offshore Oil Terminal 1, Democratic Republic of the Congo",-6.241,10.731,b8bc8b34100b4b9a8a2da598ba6bd996,1876
1347856.39452496,-666007.022655743,fso73,Democratic Republic of the Congo - Offshore Oil Terminal 2,Democratic Republic of the Congo,COD,"Democratic Republic of the Congo - Offshore Oil Terminal 2, Democratic Republic of the Congo",-5.972,12.108,ddb089cc6d9942d19ff8b147bc9f41d2,1877
1255461.21716654,-705082.215021004,fso74,Democratic Republic of the Congo - Offshore Oil Terminal 3,Democratic Republic of the Congo,COD,"Democratic Republic of the Congo - Offshore Oil Terminal 3, Democratic Republic of the Congo",-6.321,11.278,a60bba15fd1942ae85edf4eb8dc628fd,1878
1264366.77643,-676864.901950184,fso75,Democratic Republic of the Congo - Offshore Oil Terminal 4,Democratic Republic of the Congo,COD,"Democratic Republic of the Congo - Offshore Oil Terminal 4, Democratic Republic of the Congo",-6.069,11.358,28b8b2d8fe2342678ffd724cff19036c,1879
1204142.93191084,-473207.406811762,fso76,Gabon - Offshore Oil Terminal 1,Gabon,GAB,"Gabon - Offshore Oil Terminal 1, Gabon",-4.247,10.817,a226d04934cb4b72ab7da434c70214a6,1880
1216722.03437048,-432807.999537188,fso77,Gabon - Offshore Oil Terminal 2,Gabon,GAB,"Gabon - Offshore Oil Terminal 2, Gabon",-3.885,10.93,1ce7562e0c0241389ccf38b619c7cb33,1881
970372.001244967,-70355.3449026376,fso78,Gabon - Offshore Oil Terminal 3,Gabon,GAB,"Gabon - Offshore Oil Terminal 3, Gabon",-0.632000000000001,8.71700000000001,5bca80142b73482084cc81c098433770,1882
-321824.647883354,512508.97491786,fso79,Ghana - Offshore Oil Terminal 1,Ghana,GHA,"Ghana - Offshore Oil Terminal 1, Ghana",4.599,-2.891,0e9af7ff068140929cb1b4c86f49f21f,1883
-349209.242618499,511503.869666731,fso80,Ghana - Offshore Oil Terminal 2,Ghana,GHA,"Ghana - Offshore Oil Terminal 2, Ghana",4.59,-3.137,8f569e925e024e89a3b977b0f50c0b88,1884
-284309.979486021,497880.349673579,fso81,Ghana - Offshore Oil Terminal 3,Ghana,GHA,"Ghana - Offshore Oil Terminal 3, Ghana",4.468,-2.554,1a000d71181b4c14b4ab31c04ae9bc5a,1885
9194433.34207043,1868853.04492336,fso82,India - Offshore Oil Terminal 1,India,IND,"India - Offshore Oil Terminal 1, India",16.553,82.595,fa5f4ec9f127472090096a7b3d4dba18,1886
9164043.12108386,1847610.85842347,fso83,India - Offshore Oil Terminal 2,India,IND,"India - Offshore Oil Terminal 2, India",16.37,82.322,869cc50ff12044ff8ea891373fcd5439,1887
7907580.02850019,2106371.68014335,fso84,India - Offshore Oil Terminal 3,India,IND,"India - Offshore Oil Terminal 3, India",18.587,71.035,f46194f94d5f4758a02c4957a74c8523,1888
7991069.64659514,2156348.77158966,fso85,India - Offshore Oil Terminal 4,India,IND,"India - Offshore Oil Terminal 4, India",19.012,71.785,3ae3cc96173d4814b448c31bb006b929,1889
11993784.5770489,-684813.658984562,fso86,Indonesia - Offshore Oil Terminal 1,Indonesia,IDN,"Indonesia - Offshore Oil Terminal 1, Indonesia",-6.14,107.742,8a0a979f003b4ae48aea60dc5af167e0,1890
12465333.9400492,-741830.192620132,fso87,Indonesia - Offshore Oil Terminal 10,Indonesia,IDN,"Indonesia - Offshore Oil Terminal 10, Indonesia",-6.649,111.978,015439052bc14363b2249fb0c171a0d3,1891
12610049.2780804,-822808.738286792,fso88,Indonesia - Offshore Oil Terminal 11,Indonesia,IDN,"Indonesia - Offshore Oil Terminal 11, Indonesia",-7.371,113.278,30384b4b7e994e57ae8d61c4ff80a29a,1892
12491939.2983488,-748667.088481767,fso89,Indonesia - Offshore Oil Terminal 12,Indonesia,IDN,"Indonesia - Offshore Oil Terminal 12, Indonesia",-6.71,112.217,7db65319bf7048ae9322db6dfb1d6828,1893
11584796.7678744,-102084.331291138,fso90,Indonesia - Offshore Oil Terminal 13,Indonesia,IDN,"Indonesia - Offshore Oil Terminal 13, Indonesia",-0.917,104.068,acc5967d8cf54383a7ad7aa5a9f60312,1894
11586466.5602363,-102195.665056222,fso91,Indonesia - Offshore Oil Terminal 14,Indonesia,IDN,"Indonesia - Offshore Oil Terminal 14, Indonesia",-0.918,104.083,5ead50d7cdfe42bcb6c1b17e8c032852,1895
11702795.4281153,460259.754250227,fso92,Indonesia - Offshore Oil Terminal 15,Indonesia,IDN,"Indonesia - Offshore Oil Terminal 15, Indonesia",4.131,105.128,0f17e90f78204366aa545f7c11407c58,1896
12792613.2429814,-809453.120817024,fso93,Indonesia - Offshore Oil Terminal 2,Indonesia,IDN,"Indonesia - Offshore Oil Terminal 2, Indonesia",-7.25200000000001,114.918,0628354144b14317856b5e30871eb2ab,1897
11794522.6885289,559875.430879135,fso94,Indonesia - Offshore Oil Terminal 3,Indonesia,IDN,"Indonesia - Offshore Oil Terminal 3, Indonesia",5.023,105.952,7e9efcd668414583bcf318fb503e9290,1898
11827139.2993313,-606825.409418308,fso95,Indonesia - Offshore Oil Terminal 4,Indonesia,IDN,"Indonesia - Offshore Oil Terminal 4, Indonesia",-5.443,106.245,500443897ac64643bc3f64f18a2239e9,1899
11888810.2972308,-666342.804377687,fso96,Indonesia - Offshore Oil Terminal 5,Indonesia,IDN,"Indonesia - Offshore Oil Terminal 5, Indonesia",-5.975,106.799,7c6f0ebade2f4f9eb3f9450ff21d5fb3,1900
11793186.8546394,-606489.939162503,fso97,Indonesia - Offshore Oil Terminal 6,Indonesia,IDN,"Indonesia - Offshore Oil Terminal 6, Indonesia",-5.44,105.94,8cd1dad46bfb45b4a6facff20b68e812,1901
11755894.8252237,582116.851316638,fso98,Indonesia - Offshore Oil Terminal 7,Indonesia,IDN,"Indonesia - Offshore Oil Terminal 7, Indonesia",5.222,105.605,4d362ac5310c42d0902a317c7756a440,1902
11825246.8679879,464277.786151067,fso99,Indonesia - Offshore Oil Terminal 8,Indonesia,IDN,"Indonesia - Offshore Oil Terminal 8, Indonesia",4.167,106.228,171c483411c24ed28430e81efa4b1c6f,1903
11378855.7099068,132479.718987725,fso100,Indonesia - Offshore Oil Terminal 9,Indonesia,IDN,"Indonesia - Offshore Oil Terminal 9, Indonesia",1.19,102.218,172302af358f4bf2a061952154fee755,1904
3816366.1028658,3922279.92051409,fso101,Israel - Offshore Oil Terminal 1,Israel,ISR,"Israel - Offshore Oil Terminal 1, Israel",33.203,34.283,f103b21ad9e8466ca05b57439cef6bd4,1905
1662890.55346992,5190985.71472511,fso102,Italy - Offshore Oil Terminal 1,Italy,ITA,"Italy - Offshore Oil Terminal 1, Italy",42.2,14.938,1ab7a40050cd408fb5dbfe66b8cf6100,1906
1629606.02572273,4377675.462201,fso103,Italy - Offshore Oil Terminal 2,Italy,ITA,"Italy - Offshore Oil Terminal 2, Italy",36.558,14.639,6729dd475ea04580b5d7afa04407bda4,1907
-8584625.17150488,2019180.1239886,fso104,Jamaica - Offshore Oil Terminal 1,Jamaica,JAM,"Jamaica - Offshore Oil Terminal 1, Jamaica",17.843,-77.117,b317960f2f734653a67b1afd2514749b,1908
1410306.62885998,4015650.59898577,fso105,Libya - Offshore Oil Terminal 1,Libya,LBY,"Libya - Offshore Oil Terminal 1, Libya",33.902,12.669,972d1cf4bc0a4aa38ef8414fd9c6e8a3,1909
11517671.1149261,140273.865176941,fso106,Malaysia - Offshore Oil Terminal 1,Malaysia,MYS,"Malaysia - Offshore Oil Terminal 1, Malaysia",1.26,103.465,b82ad03b2ff14e2ab0f435bcec616250,1910
12558508.3538432,394098.889983735,fso107,Malaysia - Offshore Oil Terminal 10,Malaysia,MYS,"Malaysia - Offshore Oil Terminal 10, Malaysia",3.538,112.815,0e988118a1f549e89e52adf4a093e410,1911
11514331.5302022,794642.612526308,fso108,Malaysia - Offshore Oil Terminal 11,Malaysia,MYS,"Malaysia - Offshore Oil Terminal 11, Malaysia",7.12,103.435,24a0b026f265453195c46f55c6d45366,1912
11523014.4504841,475551.584948001,fso109,Malaysia - Offshore Oil Terminal 12,Malaysia,MYS,"Malaysia - Offshore Oil Terminal 12, Malaysia",4.268,103.513,f071dc84704746859df5823ad15d91a7,1913
12723595.1586896,655151.066142543,fso110,Malaysia - Offshore Oil Terminal 13,Malaysia,MYS,"Malaysia - Offshore Oil Terminal 13, Malaysia",5.875,114.298,56f6299dbc5a48f3912bfa425f2da14f,1914
12846046.5985622,576639.675882797,fso111,Malaysia - Offshore Oil Terminal 14,Malaysia,MYS,"Malaysia - Offshore Oil Terminal 14, Malaysia",5.173,115.398,b909827abcb746c780f60356b50c9b3a,1915
12896808.2863639,824267.971695015,fso112,Malaysia - Offshore Oil Terminal 15,Malaysia,MYS,"Malaysia - Offshore Oil Terminal 15, Malaysia",7.384,115.854,974d3a893d7b4b2db12969f16f4b1404,1916
11510546.6675153,143614.276980226,fso113,Malaysia - Offshore Oil Terminal 16,Malaysia,MYS,"Malaysia - Offshore Oil Terminal 16, Malaysia",1.29,103.401,85607bb862034d8c961e199a3bf9d6ea,1917
12634316.9270734,533507.448392822,fso114,Malaysia - Offshore Oil Terminal 17,Malaysia,MYS,"Malaysia - Offshore Oil Terminal 17, Malaysia",4.787,113.496,971ed43ff8e24912aeb13e6abfebf213,1918
11676412.7087973,478788.888807202,fso115,Malaysia - Offshore Oil Terminal 18,Malaysia,MYS,"Malaysia - Offshore Oil Terminal 18, Malaysia",4.297,104.891,1006037c02e64da89d7ae233e7909632,1919
11365831.329484,251145.985605314,fso116,Malaysia - Offshore Oil Terminal 2,Malaysia,MYS,"Malaysia - Offshore Oil Terminal 2, Malaysia",2.2555,102.101,846ed278e9aa4da1bf751088fd657eeb,1920
12850165.4197215,719195.993177721,fso117,Malaysia - Offshore Oil Terminal 3,Malaysia,MYS,"Malaysia - Offshore Oil Terminal 3, Malaysia",6.447,115.435,9bab14d8e02f41ea85df76060d26feee,1921
11556966.8951761,710234.462077275,fso118,Malaysia - Offshore Oil Terminal 4,Malaysia,MYS,"Malaysia - Offshore Oil Terminal 4, Malaysia",6.367,103.818,0ece02cecfdc4a8eba3098b64aa3fcd9,1922
11527188.9313889,139438.768272753,fso119,Malaysia - Offshore Oil Terminal 5,Malaysia,MYS,"Malaysia - Offshore Oil Terminal 5, Malaysia",1.2525,103.5505,044a1d7eb69e48239863a1530351bcd1,1923
11512550.4183496,141610.025230606,fso120,Malaysia - Offshore Oil Terminal 6,Malaysia,MYS,"Malaysia - Offshore Oil Terminal 6, Malaysia",1.272,103.419,d8e8312ec6324afc8f2b2d755949fab7,1924
11515500.3848556,141610.025230606,fso121,Malaysia - Offshore Oil Terminal 7,Malaysia,MYS,"Malaysia - Offshore Oil Terminal 7, Malaysia",1.272,103.4455,30822e3dbbb04993b44db57966507b83,1925
11514108.8912207,142055.413293098,fso122,Malaysia - Offshore Oil Terminal 8,Malaysia,MYS,"Malaysia - Offshore Oil Terminal 8, Malaysia",1.276,103.433,71811d30cfd047ada6ed08d700bca52c,1926
11519340.9072879,139717.133641219,fso123,Malaysia - Offshore Oil Terminal 9,Malaysia,MYS,"Malaysia - Offshore Oil Terminal 9, Malaysia",1.255,103.48,b1afdcdfe0b54a32a6a0a0c20250969e,1927
-1879406.96306284,1812598.88940505,fso124,Mauritania - Offshore Oil Terminal 1,Mauritania,MRT,"Mauritania - Offshore Oil Terminal 1, Mauritania",16.068,-16.883,01afb01d1303421f8864755e185ad37c,1928
-10438651.2906668,2084773.35874308,fso125,Mexico - Offshore Oil Terminal 1,Mexico,MEX,"Mexico - Offshore Oil Terminal 1, Mexico",18.403,-93.772,474022f531b14e328a95d07176188bdf,1929
4579349.89276289,-1256270.43322089,fso126,Mozambique - Offshore Oil Terminal 1,Mozambique,MOZ,"Mozambique - Offshore Oil Terminal 1, Mozambique",-11.213,41.137,4fd88c07c0484e0cbd00ce0dc01483fd,1930
19291445.1154927,-4862019.48845722,fso127,New Zealand - Offshore Oil Terminal 1,New Zealand,NZL,"New Zealand - Offshore Oil Terminal 1, New Zealand",-39.973,173.298,3b15cff953804769ab7988b16893dd35,1931
513850.769501751,507930.26458601,fso128,Nigeria - Offshore Oil Terminal 1,Nigeria,NGA,"Nigeria - Offshore Oil Terminal 1, Nigeria",4.558,4.616,29c15465ea5043599683a45c274e7e6f,1932
541012.72525531,616331.099062443,fso129,Nigeria - Offshore Oil Terminal 10,Nigeria,NGA,"Nigeria - Offshore Oil Terminal 10, Nigeria",5.528,4.86,39b9e6b945fc411d8b8c6b3a32bbecc2,1933
837679.168219384,449434.293535756,fso130,Nigeria - Offshore Oil Terminal 11,Nigeria,NGA,"Nigeria - Offshore Oil Terminal 11, Nigeria",4.034,7.525,34082d818b184f2ca4e5c1459932cef0,1934
745506.629842553,339684.912548824,fso131,Nigeria - Offshore Oil Terminal 12,Nigeria,NGA,"Nigeria - Offshore Oil Terminal 12, Nigeria",3.05,6.697,d3909223d9c44cdf8bb5f5df87189b41,1935
618936.368810601,385622.798439248,fso132,Nigeria - Offshore Oil Terminal 13,Nigeria,NGA,"Nigeria - Offshore Oil Terminal 13, Nigeria",3.462,5.56,62180ad19d284984a41eb3fb45a9086f,1936
511067.782231919,600675.386369462,fso133,Nigeria - Offshore Oil Terminal 14,Nigeria,NGA,"Nigeria - Offshore Oil Terminal 14, Nigeria",5.388,4.591,1b6d3e32b14041d6a99b6e934e504255,1937
822984.995434672,398002.586076237,fso134,Nigeria - Offshore Oil Terminal 15,Nigeria,NGA,"Nigeria - Offshore Oil Terminal 15, Nigeria",3.573,7.393,f4306d003f004ebc8329ce30edfacc21,1938
483349.229024394,596985.640164521,fso135,Nigeria - Offshore Oil Terminal 16,Nigeria,NGA,"Nigeria - Offshore Oil Terminal 16, Nigeria",5.355,4.342,feb4a5d8ec024cde9da84395314ad97e,1939
866510.916334842,445974.884233977,fso136,Nigeria - Offshore Oil Terminal 17,Nigeria,NGA,"Nigeria - Offshore Oil Terminal 17, Nigeria",4.003,7.784,e35009976c324855945ea301c3a8d302,1940
909925.517744218,457023.139006349,fso137,Nigeria - Offshore Oil Terminal 18,Nigeria,NGA,"Nigeria - Offshore Oil Terminal 18, Nigeria",4.102,8.174,e8bf9c5cae4543bf80dafb4915fa6710,1941
581310.380922475,570157.036343471,fso138,Nigeria - Offshore Oil Terminal 2,Nigeria,NGA,"Nigeria - Offshore Oil Terminal 2, Nigeria",5.115,5.222,c968c4f51d364441add3588cd574337e,1942
927959.275252728,470416.801717128,fso139,Nigeria - Offshore Oil Terminal 3,Nigeria,NGA,"Nigeria - Offshore Oil Terminal 3, Nigeria",4.222,8.336,0761832a42cd48c385c41087a71cd52a,1943
579863.227542162,568257.063953619,fso140,Nigeria - Offshore Oil Terminal 4,Nigeria,NGA,"Nigeria - Offshore Oil Terminal 4, Nigeria",5.098,5.209,bb2c4d6350c64022ba289afb21fbb89d,1944
759421.566191712,349495.329076882,fso141,Nigeria - Offshore Oil Terminal 5,Nigeria,NGA,"Nigeria - Offshore Oil Terminal 5, Nigeria",3.138,6.822,63567d4f88da45ac923821a0793dde63,1945
871408.973929746,490622.846348185,fso142,Nigeria - Offshore Oil Terminal 6,Nigeria,NGA,"Nigeria - Offshore Oil Terminal 6, Nigeria",4.403,7.828,087e7af3c67e4b6fb4498e32aaec9bbf,1946
811630.407373757,444635.793272832,fso143,Nigeria - Offshore Oil Terminal 7,Nigeria,NGA,"Nigeria - Offshore Oil Terminal 7, Nigeria",3.991,7.291,5b382d9a2e7744f7b9d547a31634557f,1947
822873.675943878,470081.935156689,fso144,Nigeria - Offshore Oil Terminal 8,Nigeria,NGA,"Nigeria - Offshore Oil Terminal 8, Nigeria",4.219,7.392,422d6898f2174f22a5e63986607f1eab,1948
591440.454584663,535406.527606453,fso145,Nigeria - Offshore Oil Terminal 9,Nigeria,NGA,"Nigeria - Offshore Oil Terminal 9, Nigeria",4.804,5.313,4a724e1c180e48e483ac2f836c461242,1949
807177.627742027,9419174.16699839,fso146,Norway - Offshore Oil Terminal 1,Norway,NOR,"Norway - Offshore Oil Terminal 1, Norway",64.272,7.251,56b19b60fb0c492c907de0458537a474,1950
222082.384132581,8303959.79119634,fso147,Norway - Offshore Oil Terminal 2,Norway,NOR,"Norway - Offshore Oil Terminal 2, Norway",59.567,1.995,d04715379f424c20b70356f6f2a269e7,1951
230987.943396043,8511456.57713191,fso148,Norway - Offshore Oil Terminal 3,Norway,NOR,"Norway - Offshore Oil Terminal 3, Norway",60.498,2.075,af43c356d6bc46b582368f07d6184b13,1952
764319.623786616,9643227.09034116,fso149,Norway - Offshore Oil Terminal 4,Norway,NOR,"Norway - Offshore Oil Terminal 4, Norway",65.132,6.866,2b1702d14e584e3e80210be974a05e5b,1953
819868.04969246,9699571.54787626,fso150,Norway - Offshore Oil Terminal 5,Norway,NOR,"Norway - Offshore Oil Terminal 5, Norway",65.344,7.365,6feb4acebc1f459b8fa838fa68fbe57f,1954
6465436.02527333,2263319.42715423,fso151,Oman - Offshore Oil Terminal 1,Oman,OMN,"Oman - Offshore Oil Terminal 1, Oman",19.918,58.08,7978570378114acc9b6d5d637f9deca7,1955
13478897.9037219,1530655.82907587,fso152,Philippines - Offshore Oil Terminal 1,Philippines,PHL,"Philippines - Offshore Oil Terminal 1, Philippines",13.62,121.083,ed66d31f48774931acc9ae90cec37e2e,1956
1234533.1528974,-498438.64568864,fso153,Republic of Congo - Offshore Oil Terminal 1,Republic of Congo,COG,"Republic of Congo - Offshore Oil Terminal 1, Republic of Congo",-4.473,11.09,4fb9f0fe9c3d4ea3b02b5ce18192b0da,1957
1322698.18960568,-545349.542684271,fso154,Republic of Congo - Offshore Oil Terminal 2,Republic of Congo,COG,"Republic of Congo - Offshore Oil Terminal 2, Republic of Congo",-4.893,11.882,86795488857348daae97cd01f6026274,1958
1288857.06440452,-584911.493258736,fso155,Republic of Congo - Offshore Oil Terminal 3,Republic of Congo,COG,"Republic of Congo - Offshore Oil Terminal 3, Republic of Congo",-5.247,11.578,358686d7fee24586a44f8665d139ef86,1959
5457660.67512182,5531449.21058827,fso156,Russian Federation - Offshore Oil Terminal 1,Russian Federation,RUS,"Russian Federation - Offshore Oil Terminal 1, Russian Federation",44.425,49.027,c6f2ff767aac4ccfb26b19a96201b22a,1960
17789077.2677467,7031608.63975817,fso157,Russian Federation - Offshore Oil Terminal 2,Russian Federation,RUS,"Russian Federation - Offshore Oil Terminal 2, Russian Federation",53.262,159.802,9856e26202194f21a888206f66e0081a,1961
5556735.02192784,3270045.030805,fso158,Saudi Arabia - Offshore Oil Terminal 1,Saudi Arabia,SAU,"Saudi Arabia - Offshore Oil Terminal 1, Saudi Arabia",28.167,49.917,17489781b44f4d41984fb903b9a0efe9,1962
-1951208.0346245,1542456.07705099,fso159,Senegal - Offshore Oil Terminal 1,Senegal,SEN,"Senegal - Offshore Oil Terminal 1, Senegal",13.723,-17.528,9e85f9363d214913bc45755b81e04827,1963
-1938072.33471089,1650967.78788834,fso160,Senegal - Offshore Oil Terminal 2,Senegal,SEN,"Senegal - Offshore Oil Terminal 2, Senegal",14.668,-17.41,17852ae010b1406f99f6e590c5754ab7,1964
11529550.1687083,137494.502409028,fso161,Singapore - Offshore Oil Terminal 1,Singapore,SGP,"Singapore - Offshore Oil Terminal 1, Singapore",1.23503847766797,103.571711355735,17b81dc68f574bf9b7af82871156dc0f,1965
11331433.6068289,922363.225169479,fso162,Thailand - Offshore Oil Terminal 1,Thailand,THA,"Thailand - Offshore Oil Terminal 1, Thailand",8.257,101.792,4060076386664908b7e79878dbc0019e,1966
11392102.7293112,900996.075601545,fso163,Thailand - Offshore Oil Terminal 2,Thailand,THA,"Thailand - Offshore Oil Terminal 2, Thailand",8.067,102.337,cc0c96a9f95646b9854c531152f419a7,1967
11193954.0356992,1315791.80327213,fso164,Thailand - Offshore Oil Terminal 3,Thailand,THA,"Thailand - Offshore Oil Terminal 3, Thailand",11.737,100.557,138f1660e8d44558996d846370f155dd,1968
11162339.3003139,1176018.68962858,fso165,Thailand - Offshore Oil Terminal 4,Thailand,THA,"Thailand - Offshore Oil Terminal 4, Thailand",10.505,100.273,3661901ad5cf43dd8645833b35cc17ee,1969
11271988.9987453,1177716.98771404,fso166,Thailand - Offshore Oil Terminal 5,Thailand,THA,"Thailand - Offshore Oil Terminal 5, Thailand",10.52,101.258,fff4bfcbc3894e8c94af2625a71e5ff8,1970
14095162.6047535,-1237664.01265542,fso167,Timor-Leste - Offshore Oil Terminal 1,Timor-Leste,TLS,"Timor-Leste - Offshore Oil Terminal 1, Timor-Leste",-11.049,126.619,727a49c8143f446a8bcf08c6fd8e46fe,1971
1287632.5500058,4290306.38897482,fso168,Tunisia - Offshore Oil Terminal 1,Tunisia,TUN,"Tunisia - Offshore Oil Terminal 1, Tunisia",35.925,11.567,90560ea5dae541209a4b725e9490b114,1972
143936.101595703,8383058.86205842,fso169,United Kingdom - Offshore Oil Terminal 1,United Kingdom,GBR,"United Kingdom - Offshore Oil Terminal 1, United Kingdom",59.925,1.293,44469d2c777e468282881b8270c28d78,1973
119891.091584356,8312975.79697256,fso170,United Kingdom - Offshore Oil Terminal 2,United Kingdom,GBR,"United Kingdom - Offshore Oil Terminal 2, United Kingdom",59.608,1.077,2aa08be846ca416b87e87daf6086e8b4,1974
-160077.427760727,7988564.47568713,fso171,United Kingdom - Offshore Oil Terminal 3,United Kingdom,GBR,"United Kingdom - Offshore Oil Terminal 3, United Kingdom",58.101,-1.438,58590ef0020e437781eee33c2e6cb3c1,1975
95957.4010638019,8041628.11556414,fso172,United Kingdom - Offshore Oil Terminal 4,United Kingdom,GBR,"United Kingdom - Offshore Oil Terminal 4, United Kingdom",58.352,0.862,d228f79c2fe74342951a7a402e4534ee,1976
174548.961563853,8258170.06405175,fso173,United Kingdom - Offshore Oil Terminal 5,United Kingdom,GBR,"United Kingdom - Offshore Oil Terminal 5, United Kingdom",59.358,1.568,309775db410b4ea5ac5affdcf6f09711,1977
-430806.429369969,8439922.40208144,fso174,United Kingdom - Offshore Oil Terminal 6,United Kingdom,GBR,"United Kingdom - Offshore Oil Terminal 6, United Kingdom",60.18,-3.87,ac5020dcbf554134933a43ece8d35fdd,1978
-10109145.5979188,3052063.56304954,fso175,United States - Offshore Oil Terminal 1,United States,USA,"United States - Offshore Oil Terminal 1, United States",26.427,-90.812,02c8ad1bd83f4e31a4d2f524dc8ada5e,1979
-6918617.67229275,1146820.76139788,fso176,Venezuela - Offshore Oil Terminal 1,Venezuela,VEN,"Venezuela - Offshore Oil Terminal 1, Venezuela",10.247,-62.151,783b778e6fc04eff8ac2fdcee0d26120,1980
12085734.4764441,1133926.95679321,fso177,Vietnam - Offshore Oil Terminal 1,Vietnam,VNM,"Vietnam - Offshore Oil Terminal 1, Vietnam",10.133,108.568,ebb2c93a10ed42b3a574ba6832357045,1981
12099538.0933025,947117.000432545,fso178,Vietnam - Offshore Oil Terminal 2,Vietnam,VNM,"Vietnam - Offshore Oil Terminal 2, Vietnam",8.47700000000001,108.692,4f429969b10e47dfbbe3fff88cdc263e,1982
12057348.0062918,819890.399882722,fso179,Vietnam - Offshore Oil Terminal 3,Vietnam,VNM,"Vietnam - Offshore Oil Terminal 3, Vietnam",7.345,108.313,a8c338840a79477ea2ccbda9b49dd17b,1983
-1614205.37937352,1214161.03666633,port2427,Dapilon,Guinea,GIN,"Dapilon, Guinea",10.8417100363278,-14.5006536399919,73f67054413b4dbdadde411054c79a9a,1984
-1610179.13917198,1218238.26346644,port2428,Katougouma,Guinea,GIN,"Katougouma, Guinea",10.8776804637893,-14.464485308886,3f34dc869443490d9534843fff69b69a,1985
-1620845.37502039,1203886.78720452,port2429,Taressa,Guinea,GIN,"Taressa, Guinea",10.7510486014384,-14.5603017357526,0b94f8dcb84c4fb4b53d378bb99d7452,1986
8037095.60139033,2440922.17981851,port2430,Alang,India,IND,"Alang, India",21.4107341739095,72.1984581865871,bcd8dfe6d1b74ac387b629d50a5f80c0,1987
19762049.3785269,9538585.81740159,port2431,Anadyr,Russian Federation,RUS,"Anadyr, Russian Federation",64.7337455031645,177.525510022554,11ca18d0cb5d4c979c8ff55436fd935f,1988
15018882.2216776,4087694.8538067,port2432,Awajikoryunotsubasa,Japan,JPN,"Awajikoryunotsubasa, Japan",34.4374621298581,134.916914501239,83df00efbfbb4495ab84acaec8bfd8db,1989
-7612286.24714723,1370239.10434606,port2433,BOPEC terminal,"Bonaire,  Saint Eustatius and Saba",BES,"BOPEC terminal, Bonaire,  Saint Eustatius and Saba",12.215460865588,-68.3823308290519,80640fdfe9bf495babe85a86f30a47b9,1990
-168013.787162888,7386974.83559228,port2434,Blyth,United Kingdom,GBR,"Blyth, United Kingdom",55.1291648320506,-1.50929352951226,f08917d963f04076946836301c656512,1991
3305427.94430701,8385193.72384795,port2435,Bronka,Russian Federation,RUS,"Bronka, Russian Federation",59.9346092352844,29.6931644292675,c142ba9c4c514f9a898e059e2c9dc2e7,1992
-13769954.8819866,6261008.36244229,port2436,Chemainus,Canada,CAN,"Chemainus, Canada",48.9182905329456,-123.697609321248,a1a8f77d5fbf4e09ac42c9ba302c67d9,1993
-6451355.10332642,6269549.39984769,port2437,Corner Brook,Canada,CAN,"Corner Brook, Canada",48.9686840371514,-57.953508926006,9dd4c99ec63d47cd9898eb2b9c3bd18e,1994
-13763068.34434,6253601.93817857,port2438,Crofton,Canada,CAN,"Crofton, Canada",48.8745502302357,-123.635746501022,1b5c5b88aacd4bba899b038c79c47467,1995
-19938795.1538797,9964744.12177078,port2439,Egvekinot,Russian Federation,RUS,"Egvekinot, Russian Federation",66.3191456937757,-179.113244336584,2ed590a6b51a4fa1839e813f5bb33587,1996
-7922919.69646318,5116792.00829686,port2440,Fall River,United States,USA,"Fall River, United States",41.7043307626975,-71.1727985818448,934d3c3eba414a8db244b247abc799d2,1997
41643.3809046973,6405211.53387048,port2441,Fecamp,France,FRA,"Fecamp, France",49.7622990293153,0.374088855491006,a36458cdb88e4665a2a08ac06e56342c,1998
-7041108.58411862,1992680.75116535,port2442,Fort Bay,"Bonaire,  Saint Eustatius and Saba",BES,"Fort Bay, Bonaire,  Saint Eustatius and Saba",17.6162585548852,-63.2513545825892,09f53683bb124695a99d980f0d59097a,1999
12644357.2958543,2540309.07995584,port2443,Jiuzhou,China,CHN,"Jiuzhou, China",22.2395383999021,113.586194167341,ceb47ea3974749608a9106ddd945fe4c,2000
15812443.6833779,5951618.89288879,port2444,Kholmsk,Russian Federation,RUS,"Kholmsk, Russian Federation",47.0584443010764,142.045598400576,8b1570841c6347009cde544a76d6198b,2001
-14324023.6601873,7168588.78385915,port2445,Kitimat,Canada,CAN,"Kitimat, Canada",53.9917224653546,-128.674893840359,cf4871d93c6a48cbba15dd278d26ab4e,2002
3312797.27205264,8396460.01134973,port2446,Kronshtadt,Russian Federation,RUS,"Kronshtadt, Russian Federation",59.9852738816792,29.7593642267434,3988bd2384bf48f583be10387391e748,2003
12439470.5170513,-304495.296703342,port2447,Kumai,Indonesia,IDN,"Kumai, Indonesia",-2.73428934290401,111.745664918213,79782ed02c2a494097831fe88088f68c,2004
-116810.901074672,5708545.33764404,port2448,Le Verdon,France,FRA,"Le Verdon, France",45.5501132279066,-1.04933017787151,f22cef6ec5634162aeac06d547da893a,2005
-128168.595549291,8437195.38025231,port2449,Lerwick,Great Britain,GBR,"Lerwick, Great Britain",60.1678158234419,-1.15135808326062,ed18c42e8f0f494aae66bbe595d3b34f,2006
-5682486.62994189,3342.93760905048,port2450,Macapa,Brazil,BRA,"Macapa, Brazil",0.0300301181057742,-51.0466459148163,ff44aedf049b415a962fa13454071c71,2007
16781446.0389526,8299356.56092461,port2451,Magadan,Russian Federation,RUS,"Magadan, Russian Federation",59.5460476773188,150.750294664181,664baee868cc487fb08b9a597b322575,2008
-7522413.90542606,6248337.62381851,port2452,Matane,Canada,CAN,"Matane, Canada",48.8434373673197,-67.5749938471745,a327b3a08834450cbf7acea71083a395,2009
-1490457.35994241,1054759.63944899,port2453,Morebaya,Guinea,GIN,"Morebaya, Guinea",9.43217325595799,-13.3890062676469,478b178f0a3b4895b192709d1f2e0eaa,2010
6140.97094198832,6583992.69541964,port2454,Newhaven,United Kingdom,GBR,"Newhaven, United Kingdom",50.7886473487256,0.0551652805652197,a3e29db6ae2645778a8e8790b7726df3,2011
14366710.3898856,4526214.55460426,port2455,Okgye,Republic of Korea,KOR,"Okgye, Republic of Korea",37.622360742266,129.05835525753,9ef77dc656c64f4c840457749a585832,2012
-9708148.83211907,3555533.17302047,port2456,Pensacola,United States,USA,"Pensacola, United States",30.4035852800012,-87.2097847639964,ca372d2cc41b4a27bf6122de9f74252c,2013
18951116.9492659,10967239.8028762,port2457,Pevek,Russian Federation,RUS,"Pevek, Russian Federation",69.6858829366423,170.240780066621,bb1c6e63dab2436399873d16d5410097,2014
-13745788.2102823,6362585.55761535,port2458,Port Mellon,Canada,CAN,"Port Mellon, Canada",49.514319528515,-123.480516415665,087825b28277478d8ec92d4c493c97f2,2015
346411.612008198,5239167.71648224,port2459,Port Vendres,France,FRA,"Port Vendres, France",42.5198258956942,3.11186845663445,47b890446a684fbebfba447178d6eb89,2016
-19283249.1447198,9457788.22991011,port2460,Provideniya,Russian Federation,RUS,"Provideniya, Russian Federation",64.4221686186937,-173.224374341864,7bbd9cf76b6e44f58ea7cd5f1dea904b,2017
13117489.5654131,385291.225700664,port2461,Pulau Bunyu,Indonesia,IDN,"Pulau Bunyu, Indonesia",3.45902686243165,117.836413658889,48a2bc899b10403b820e0aab567a1af5,2018
-8402760.34209838,4804255.66543782,port2462,Salem,United States,USA,"Salem, United States",39.5741855945278,-75.4832804410035,684c50d5a7494301bfb3fcb531b0ae73,2019
-12496763.2605645,3165819.29307121,port2463,Santa Rosalia,Mexico,MEX,"Santa Rosalia, Mexico",27.3384394640668,-112.260334389884,5b34c98039614b1e936c79cd54abe447,2020
3079487.13785301,4961954.34755011,port2464,Saraylar,Turkiye,TUR,"Saraylar, Turkiye",40.6575057942627,27.6635036318284,515cd22af2284367b0de5703d7470e49,2021
-394667.375505331,8096704.07240603,port2465,Scrabster,Great Britain,GBR,"Scrabster, Great Britain",58.6106452766289,-3.54535735559777,e1ad6c4d203c453da8249284122cb658,2022
3720436.78493952,5555221.08479534,port2466,Sebastopol,Ukraine,UKR,"Sebastopol, Ukraine",44.5773089036378,33.4212522751167,7066ef6e36b445afb6f55f9043c97526,2023
4421138.25693029,5400453.55449118,port2467,Sochi,Russian Federation,RUS,"Sochi, Russian Federation",43.5785614747432,39.7157606940602,0deaba5516744d85ab6217f150491e66,2024
-8139581.28691761,5787892.02089752,port2468,Sorel,Canada,CAN,"Sorel, Canada",46.0470487327302,-73.1191027637134,19286938843649149112ab351c7953b6,2025
-13710575.9051082,6392141.10963965,port2469,Squamish,Canada,CAN,"Squamish, Canada",49.686395180842,-123.164198896395,85de257daff145c2bed2df4cc8a7df0d,2026
-435761.811603477,6730724.80778891,port2470,Swansea,United Kingdom,GBR,"Swansea, United Kingdom",51.6145267507493,-3.91451495599015,fab9131e9a0f416ea64a31155f4760bf,2027
1526879.62306028,4577178.27479143,port2471,Termini Imerese,Italy,ITA,"Termini Imerese, Italy",37.984088354429,13.7161930240571,7df57b625ff14354a853793aae7109ff,2028
14180975.3914804,86891.2133347738,port2472,Ternate,Indonesia,IDN,"Ternate, Indonesia",0.780532906606723,127.389869378897,d9825102c957471cb9c1a6f9f9012835,2029
658217.642344462,5327763.91083304,port2473,Toulon,France,FRA,"Toulon, France",43.1036640765789,5.91286968395147,5d1bb99413d74251bf6f47609be1e9e2,2030
14776595.9443502,-627659.383443994,port2474,Tual,Indonesia,IDN,"Tual, Indonesia",-5.62928171399486,132.740419840683,fa1c39a0b2fa4a82876461786cd29f85,2031
13198763.6724879,2816748.55230477,port2475,Weitou,China,CHN,"Weitou, China",24.5187490228801,118.566511384774,a783e8033332428da67608166a9bf0a7,2032
14592248.4175112,5257166.06352162,port2476,Zarubino,Russian Federation,RUS,"Zarubino, Russian Federation",42.6388788460251,131.084397831192,b4dec80763df4fd3bfedc16eca4d9e4a,2033
1283063.9502782,-503186.058304822,fso180,Republic of Congo - Offshore Oil Terminal 4,Republic of Congo,COG,"Offshore Oil Terminal 4, Republic of Congo",-4.51551560162426,11.5259595703767,1f114cca71e14d918b1e4f542f4fc04c,2034
5374255.36972468,3546316.57587068,port2477,Abadan,Iran,IRN,"Abadan, Iran",30.3321507593135,48.2777573938509,7b8cd662f9294add9e4cb06ffe22e2c0,2035
5594019.48730459,3482076.39592208,port2478,Bahregan,Iran,IRN,"Bahregan, Iran",29.8328038895816,50.2519320510817,3e458a0911f44a39a7a3a866031febaf,2036
5435156.03624663,3462688.88482406,port2479,Basrah Oil Terminal,Iraq,IRQ,"Basrah Oil Terminal, Iraq",29.68160848033,48.8248373893482,c8b8d1cbabb04019a3aebf444bddf797,2037
-10389814.6889949,3476130.87162119,port2480,Calcasieu Pass LNG Terminal,United States,USA,"Calcasieu Pass LNG Terminal, United States",29.7864613893776,-93.3332933429362,ac76ffe2b36e400a9bb063247a828d24,2038
7875144.88249787,2358516.99223798,port2481,Chhara LNG Terminal,India,IND,"Chhara LNG Terminal, India",20.7199518447492,70.7436301260347,f9d03ba269014e809035496d3792eee6,2039
3374152.39781315,3680195.27059953,port2482,Egyptian LNG Terminal,Egypt,EGY,"Egyptian LNG Terminal, Egypt",31.3646368262533,30.3105266990408,82ad127fb2b345eabdd8ea12fc0e6cc7,2040
12641938.9797754,2610375.08612764,port2483,Guangzhou Nansha LNG Terminal,China,CHN,"Guangzhou Nansha LNG Terminal, China",22.8209102878891,113.564470064386,0360158d146e49fcb877d1011fe0c2a9,2041
2967505.4268708,4958539.89116009,port2484,Gulf of Saros FSRU,Türkiye,TUR,"Gulf of Saros FSRU, Türkiye",40.6342329696083,26.6575548066566,b6ce0851d67b4466b989aedc5973d82a,2042
12772793.2567028,2584222.93956179,port2485,Huizhou LNG Terminal,China,CHN,"Huizhou LNG Terminal, China",22.604199632051,114.739954033949,bad6616061b74caea52d899cf8523345,2043
6430767.39907489,2956639.65895077,port2486,Jask,Iran,IRN,"Jask, Iran",25.6568306646067,57.7685664320652,703085362c1448acbade9987d4bc7b28,2044
5873559.31988199,4889753.59613747,port2487,Kiyanly LNG Terminal,Turkmenistan,TKM,"Kiyanly LNG Terminal, Turkmenistan",40.1636607701484,52.7630810923266,5c2924a88eed4d4295aa2009afbb91dd,2045
538213.942127676,8522385.30027923,port2488,Kollsnes LNG Terminal,Norway,NOR,"Kollsnes LNG Terminal, Norway",60.5463103282709,4.83485810339511,315d51c803764d458ccd3a5b656d304a,2046
1618112.39930928,5653046.39351942,port2489,Krk,Croatia,HRV,"Krk, Croatia",45.1998978039773,14.5357509972284,d4892cbe0b164bdd910cf42427df14ff,2047
-14332246.8152859,7155059.65839399,port2490,LNG Canada Terminal,Canada,CAN,"LNG Canada Terminal, Canada",53.9202109331565,-128.748763699446,f339949d7dc54728997469bf6f91fa51,2048
13588267.5039523,3466073.06785903,port2491,Liuheng LNG Terminal,China,CHN,"Liuheng LNG Terminal, China",29.7080167917911,122.065483835049,ec472cb5ae6d40c79ea89a0fe6ea83e5,2049
1274682.49644603,8024591.63521688,port2492,Lysekil LNG Terminal,Sweden,SWE,"Lysekil LNG Terminal, Sweden",58.2716080002591,11.450667689571,908c0a36f7cc4eb899136e0e49d8934e,2050
5386915.08958697,3338752.01870375,port2493,Mina Al Zour,Kuwait,KWT,"Mina Al Zour, Kuwait",28.7097239356569,48.3914815923005,c8c019f274e24542912a1e8fe309eee3,2051
1467468.65675414,9835974.93000087,port2494,Mosjoen LNG Terminal,Norway,NOR,"Mosjoen LNG Terminal, Norway",65.8502288063605,13.1824952332859,fde469f32f6e4a81a190e897466a1d54,2052
-637546.710317249,7816112.42988719,port2495,Mowi LNG Terminal,Great Britain,GBR,"Mowi LNG Terminal, Great Britain",57.2729466112216,-5.72717954218106,604157ba6ecd48fbb2efe7f8e3a3d0a8,2053
14450301.5174431,3863196.493103,port2496,Nagasaki LNG Terminal,Japan,JPN,"Nagasaki LNG Terminal, Japan",32.7577741559722,129.809267132546,4f3e6f7a7c904e9bb73f542adcf884a8,2054
14228560.7372174,3032502.555825,port2497,Nakagusuku LNG Terminal,Japan,JPN,"Nakagusuku LNG Terminal, Japan",26.2695355552272,127.817335812653,2e811effe5b943618dbbda19a7727299,2055
2679997.31351813,8265281.29727023,port2498,Paldiski FSRU,Estonia,EST,"Paldiski FSRU, Estonia",59.3905429096145,24.0748254813259,470cd6c2123a4ab09ded4ae69cd56af9,2056
3133419.06590699,8514888.09989339,port2499,Portovaya LNG Terminal,Russian Federation,RUS,"Portovaya LNG Terminal, Russian Federation",60.5131767789635,28.1479823845577,0b660c72c5fe4a569c72c1275c4b3e39,2057
13551211.610653,3771487.84859844,port2500,Qidong,China,CHN,"Qidong, China",32.0622740951836,121.732605081875,ab28500662cf48adb655a42fa1490b67,2058
590069.294842838,8250858.12265728,port2501,Snurrevarden,Norway,NOR,"Snurrevarden, Norway",59.3245060290534,5.3006826624695,54d0d5dc4118456183dc40a595785446,2059
13475604.8231605,2880314.29159289,port2502,Taoyuan LNG Terminal,Taiwan Province of China,TWN,"Taoyuan LNG Terminal, Taiwan Province of China",25.0371983176054,121.053417753998,46871a2e288e42f1a04d1c0fdf85ae0a,2060
8217331.30661658,11399387.5118833,port2503,Utrenny LNG terminal,Russian Federation,RUS,"Utrenny LNG terminal, Russian Federation",70.9915616738998,73.8175430740752,bb61a8738ec142d5853d72aa26daaa0d,2061
13483215.4115166,3236267.64971934,port2504,Wenzhou Huagang,China,CHN,"Wenzhou Huagang, China",27.899172214451,121.121784832413,a8a977de488c464bbcd1e55abba728e3,2062
13477777.3079371,3249762.30206123,port2505,Wenzhou LNG Terminal,China,CHN,"Wenzhou LNG Terminal, China",28.0062540254596,121.072933516791,0e516a60f7524828ab9ec768d7bf4231,2063
-13720308.6188887,6388399.52081404,port2506,Woodfibre LNG Terminal,Canada,CAN,"Woodfibre LNG Terminal, Canada",49.6646448086975,-123.251629351845,4a60188780884b038db8f78ffe61b151,2064
13389347.9914714,4068747.9502141,port2507,Yancheng,China,CHN,"Yancheng, China",34.2969704646642,120.278559451338,e83c0354a80b448f9bbaf14bb0f0f3ef,2065
13149239.7534862,2788035.05317065,port2508,Zhangzhou LNG Terminal,China,CHN,"Zhangzhou LNG Terminal, China",24.2838519781067,118.121630451087,f7b87ec117f741cebfae5c73671edb7f,2066
